16 # curvature grid size
  -0.203776367887818   -0.165121132863068   -0.126465897838318   -0.102133048722571 
  -0.067739387608840   -0.050572685085913   -0.040480077527444   -0.026986714710215 
  -0.020224831360300    0.037780073127110    0.044695194417391    0.053234501706432 
   0.094173575083179    0.111344687522269    0.146814636244717    0.182284584967164  # curvature grid
68 # distance grid size
  -0.875000000000000   -0.750000000000000   -0.625000000000000   -0.500000000000000 
  -0.375000000000000   -0.250000000000000   -0.125000000000000    0.000000000000000 
   0.125000000000000    0.250000000000000    0.375000000000000    0.500000000000000 
   0.625000000000000    0.750000000000000    0.875000000000000    1.000000000000000 
   1.125000000000000    1.250000000000000    1.375000000000000    1.500000000000000 
   1.625000000000000    1.750000000000000    1.875000000000000    2.000000000000000 
   2.125000000000000    2.250000000000000    2.375000000000000    2.500000000000000 
   2.625000000000000    2.750000000000000    2.875000000000000    3.000000000000000 
   3.125000000000000    3.250000000000000    3.375000000000000    3.500000000000000 
   3.625000000000000    3.750000000000000    3.875000000000000    4.000000000000000 
   4.125000000000000    4.250000000000000    4.375000000000000    4.500000000000000 
   4.625000000000000    4.750000000000000    4.875000000000000    5.000000000000000 
   5.125000000000000    5.250000000000000    5.375000000000000    5.500000000000000 
   5.625000000000000    5.750000000000000    5.875000000000000    6.000000000000000 
   6.125000000000000    6.250000000000000    6.375000000000000    6.500000000000000 
   6.625000000000000    6.750000000000000    6.875000000000000    7.000000000000000 
   7.125000000000000    7.250000000000000    7.375000000000000    7.500000000000000  # distance grid
3 # curvature polynomial degree
3 # distance polynomial degree
   0.000000000000000    0.000000000000000    0.000000000000000    0.000000000000000 
  -0.000000000007843    0.000000000000455    0.000000000000000   -5.000000000000000 
-10281.398541074595414  596.144815482539343    0.000000000000000   16.250063152828172 
23204.985594981444592 -1345.491257879916702    0.000000000000000   -9.727722919076889 
   0.000000000000000    0.000000000000000    0.000000000000000    0.000000000000000 
   0.000000000029104   -0.000000000000909    0.000000000000000   -5.000000000000000 
-12345.461709955190599 -1192.289630965078686    0.000000000000000   16.546988417942892 
-22534.271010057349486 2690.982515759833404    0.000000000000000  -10.397879461715199 
   0.000000000000000    0.000000000000000    0.000000000000000    0.000000000000000 
  -0.000000000036380    0.000000000001819   -0.000000000000028   -5.000000000000000 
62052.137182144979306 -2623.939802627186509 -147.517245663876849   14.052366620599807 
-13026.330200216496451   77.779889744301272  107.027161512454029   -7.678513015673319 
   0.000000000000000    0.000000000000000    0.000000000000000    0.000000000000000 
  -0.000000000014552    0.000000000000909    0.000000000000014   -5.000000000000001 
-10083.759884354702081 1905.776071461209540 -164.992215374740738    9.803245779856228 
2744.215797847497015 -873.123292137017870   87.674190506826761   -5.215857383093213 
   0.000000000000000    0.000000000000000    0.000000000000000    0.000000000000000 
  -0.000000000116415    0.000000000007276   -0.000000000000114   -5.000000000000000 
7637.841472420113860  865.323810817018057  -69.683945111364125    5.972688924196720 
-5316.418188991839997 -589.972407614672647   37.352972832610277   -3.121610766077972 
   0.000000000000000    0.000000000000000    0.000000000000000    0.000000000000000 
  -0.000000001396984    0.000000000030923   -0.000000000000171   -5.000000000000000 
15635.321252595400438 1258.673468239929207  -33.221915662285596    5.070092033812180 
-34809.564173374616075 -863.768516228370572   12.397034847590731   -2.681141220034937 
   0.000000000000000    0.000000000000000    0.000000000000000    0.000000000000000 
   0.000000000407454   -0.000000000014552    0.000000000000142   -5.000000000000000 
-145866.434769497485831 1732.076952599014476   -3.037445359434145    4.879079412716155 
138135.755832031427417 -1917.726327677944937  -15.675501037858936   -2.679792538152879 
   0.000000000000000    0.000000000000000    0.000000000000000    0.000000000000000 
  -0.000000000029104   -0.000000000003638    0.000000000000057   -5.000000000000000 
333195.904433314688504 -4172.609229002545362  -35.968432832105321    4.795097708446894 
-218181.775011997262482 3674.021286743391101    8.022824058881874   -2.901105075966754 
   0.000000000000000    0.000000000000000    0.000000000000000    0.000000000000000 
   0.000000000007276   -0.000000000000909    0.000000000000064   -5.000000000000000 
-28750.219604840334796 2586.486286340355036  -46.693611149011602    4.464114396795969 
7335.914923285742589 -751.937848382439824   27.781611407798348   -2.746324297351351 
   0.000000000000000    0.000000000000000    0.000000000000000    0.000000000000000 
  -0.000000002095476    0.000000000030468   -0.000000000000171   -5.000000000000000 
651844.903739962843247 -2416.474940172111474  -36.832119252744633    4.847131385319990 
-184537.900659800216090  524.619284976428389   14.596019849216574   -2.233113151768193 
   0.000000000000000    0.000000000000000    0.000000000000000    0.000000000000000 
  -0.000000000698492    0.000000000021828   -0.000000000000156   -5.000000000000001 
-605329.995564614655450 11106.284775269752572   23.258969746440243    4.692427476454145 
165644.420715967949945 -3303.686612173083631   -4.621567792207912   -2.168114981165668 
   0.000000000000000    0.000000000000000    0.000000000000000    0.000000000000000 
  -0.000000000003638   -0.000000000000909   -0.000000000000007   -5.000000000000001 
53339.892428129700420 -4401.011754929580093   80.517356524037780    5.323981192868931 
-9602.793155581932297  939.779215453195320  -24.807699455634832   -2.345339850627791 
   0.000000000000000    0.000000000000000    0.000000000000000    0.000000000000000 
  -0.000000000101863    0.000000000003638   -0.000000000000014   -5.000000000000000 
-40189.385613116697641 2150.045555139374756  -11.635113897750358    4.904031671410476 
2576.693165640856023 -239.609145401075921    3.856614418430816   -2.444754853087820 
   0.000000000000000    0.000000000000000    0.000000000000000    0.000000000000000 
   0.000000000029104   -0.000000000001819    0.000000000000043   -5.000000000000001 
-8560.663987646985333   79.756177477042002   26.653062369884069    5.134705583007661 
2563.251397853877279 -106.875081196314113   -2.092905194844136   -2.436135137430454 
  -0.000000000000000    0.000000000000000    0.000000000000000    0.000000000000000 
  -0.000000000030230    0.000000000001278    0.000000000000023   -5.000000000000001 
15622.290426614195894 -831.182760538784805    0.000000000000043    5.798408294599904 
-3117.758585548115661  165.880105737543261    0.000000000000026   -2.530445758915366 
141774.407173963612877 -8220.484544706232555    0.000000000000000  -57.950190457018451 
-137939.454610312241130 7998.123055721167475    0.000000000000000   30.432962433821412 
-10281.398541074595414  596.144815482539343    0.000000000000000   15.000063152828172 
21919.810777347069234 -1270.973155944596328    0.000000000000000   -7.774590024973368 
-79468.036627397406846 16440.969089412472385    0.000000000000000  -62.044614310780617 
155686.457812944747275 -15996.246111442338588    0.000000000000000   34.416633426276292 
-12345.461709955205151 -1192.289630965078686    0.000000000000000   15.296988417942892 
-24077.453723801772867 2541.946311889192657    0.000000000000000   -8.407630909472337 
-233293.061562077113194 7225.402191050043257  914.829144029268946  -42.068121413275549 
27598.960893363975629 2058.043739348266627 -538.784488515823114   19.507011097610249 
62052.137182144957478 -2623.939802627182871 -147.517245663876878   12.802366620599809 
-5269.813052448411327 -250.212585584095905   88.587505804469387   -6.000092188098343 
6776.080908365908726 -9804.652409172394982  852.068637639938743  -18.890745644785991 
 591.438886547512084 4072.727792857186159 -389.605349859547630    8.013014612488325 
-10083.759884354709357 1905.776071461209085 -164.992215374740795    8.553245779856226 
1483.745812303171988 -634.901283204366791   67.050163584984176   -4.068576660611185 
128395.543125064272317 -9105.489717847720385  201.679617710727229   -0.907458160411437 
-52649.557251071368228 4133.753038757376999 -107.354429200669955   -0.545149872152883 
7637.841472420084756  865.323810817018511  -69.683945111364167    4.722688924196720 
-4361.688004939365783 -481.806931262545731   28.642479693689765   -2.453149650553382 
54723.707313391205389 -2493.105435554706219    2.569985028400595    0.520914416111821 
-86074.844898132811068 1422.295176878455550  -11.975402279808350   -1.436223914016902 
15635.321252594760153 1258.673468239934664  -33.221915662285653    3.820092033812180 
-32855.149016800161917 -706.434332698376238    8.244295389805046   -2.125504715808415 
76050.209358442341909 -836.190729379072991  -31.031294610189903    0.349160912491686 
109822.138724029064178 -1183.863713760216342   -9.569007092964476   -1.500699341766752 
-145866.434769497136585 1732.076952599003562   -3.037445359434116    3.629079412716155 
119902.451485844154377 -1701.216708603069492  -16.055181707788179   -2.148032611563359 
-73616.060745172464522 2242.328472220026015  -12.057767875037232   -0.034965360517469 
-295148.015516806277446 3261.746175741972820   18.468614858112797   -1.575559178082965 
333195.904433314339258 -4172.609229002540815  -35.968432832105293    3.545097708446894 
-176532.286957832664484 3152.445133118073045    3.526769954868705   -2.379842862410892 
-16236.358113606822371  748.978825902599738    8.169103138618569   -0.036732621669176 
36294.855457497564203 -2725.523179909017927   22.094492205477433   -1.392791626524267 
-28750.219604840334796 2586.486286340354127  -46.693611149011566    3.214114396795969 
3742.137472680700739 -428.627062589895559   21.944910014171896   -2.266434997751854 
1066989.644324175314978 -2076.386378906822301  -68.827045189257021   -0.211605684988094 
-1291805.169169057626277 3590.315692680437223   72.256699310209171   -2.198054922082391 
651844.903739962377585 -2416.474940172103743  -36.832119252744690    3.597131385319990 
-103057.287692304875236  222.559917454914967    9.992004942623502   -1.705346728603194 
-1097213.916883697267622 20058.702039022391546   55.522848680577397   -0.434018356915918 
1302739.536777210887522 -23208.652591970989306  -63.406479861997639   -1.953871876548413 
-605329.995564615121111 11106.284775269756210   23.258969746440187    3.442427476454144 
89978.171270391161670 -1915.401015264364105   -1.714196573902875   -1.659686546608900 
96365.040574757324066 -8049.638355222565224  158.071933730201010    0.819566332232387 
-127170.684699737204937 10164.827074397720935 -174.791714181183664   -3.376493401732839 
53339.892428129707696 -4401.011754929581002   80.517356524037794    4.073981192868930 
-2935.306602065707921  389.652746086997695  -14.743029890130108   -1.757967201519175 
-77642.904303028801223 3785.648045906971220  -16.491878420607613    0.411639221635641 
109817.614837106826599 -5453.922902483316648   18.068337383643069   -2.221690700059513 
-40189.385613116712193 2150.045555139376120  -11.635113897750372    3.654031671410475 
-2446.980035998756648   29.146548991345981    2.402225181212025   -1.909875894161511 
-7857.352261541265761 -213.997073747496643   44.837342015528293    0.851548088589221 
15282.605207708329544  203.148933998646498  -72.093292821454668   -2.963520198734599 
-8560.663987646970781   79.756177477042002   26.653062369884104    3.884705583007661 
1493.168399398004112  -96.905559011684772    1.238727601391368   -1.872421939554496 
19736.833704830609349 -1050.096719180725358   -0.000000000000028    1.822055765823961 
-34383.446064008225221 1829.368603187121380   -0.000000000000014   -4.583088738242069 
15622.290426614141325 -831.182760538783214    0.000000000000135    4.548408294599906 
-1164.972282221306386   61.982260670194279   -0.000000000000039   -1.883769722090379 
394667.930156106012873 -22883.972395373799372    0.000000000000000  -91.190263115176478 
-84774.051920076119131 4915.441351456342090    0.000000000000000    8.701641012439488 
-38120.586857373149542 2210.340366379728948    0.000000000000000   19.891888583610783 
18756.235120438293961 -1087.540015140016749    0.000000000000000   -5.537251058577750 
-387680.981432423111983 45767.944790747613297    0.000000000000000 -102.588214408058775 
125885.944077671127161 -9830.882702912687819    0.000000000000000   11.149903059733560 
22851.088526371844637 -4420.680732759457896    0.000000000000000   20.992805478694123 
-23343.246543256769655 2175.080030280033498    0.000000000000000   -6.078928347269652 
-364738.225254591670819  810.246435059529631 1800.490928861319389  -56.592845150605946 
-59885.937192414145102 4767.569560992028528 -195.723559504848026    3.731465567631900 
58016.265144763543503 -1770.738140084644783 -239.330751666460628   15.707176203755077 
2462.287348415069573 -531.936013830782485   63.516118135357239   -4.177163611758511 
180690.700855903094634 -25815.114170536980964 1192.051255094723501  -17.556882362462996 
3132.469227183717521  395.983139417590792  -70.079610744570147    0.928984995693548 
-9618.271370138154452 2464.364937995546825 -222.452835450255463    9.670995730878966 
 245.751592385295226 -352.192614244987226   42.002749629476654   -2.911113572396499 
163563.008545080607291 -7171.269975615743533   57.528737404609494    0.256224811041980 
-4501.228579171802267  719.194394564431605  -31.724572559146718   -0.885446682307164 
 493.993243639677530 1471.942239982251067  -87.068820331341300    4.543864354889212 
-3978.834607768701972 -326.835723285005315   18.648479101850029   -1.873103881000735 
94849.430749543389538 1252.242558729541543  -44.081445486127194   -0.042081144986507 
-65553.454655610286864  487.380638545415422  -11.011657894158901   -1.240881007974965 
-3318.216191623010673 1497.382945167924845  -36.095298184031464    3.485453918563195 
-32138.771070912713185 -531.746133583477331    3.909459773405928   -1.669416799269438 
-193521.976408049202291 4124.076803827338153   10.179635949154360   -0.261914495404931 
138340.967233446688624 -1497.435237277369197  -21.205742571786736   -1.369763999582376 
-114846.046524812743883 1396.914583719304574   -6.884289067527902    3.270271495047515 
103533.653622373196413 -1504.838145074014392  -16.644986110830530   -1.717164157281735 
207800.450564288330497 -3709.709918515878144   15.770838672107093    0.150882444239963 
-322754.038296250277199 4102.619352824554880   13.946951904973766   -1.588671188277032 
255958.147706682793796 -3252.063537931730480  -31.916486986719484    3.149568912651896 
-139638.268014761386439 2686.213311286028784   -0.704262369867365   -1.961392052732337 
-3502.111804324229979  505.657301810859963   -5.894591369043436    0.152150207759915 
30206.221164895279799 -2444.656120195561016   25.157905882459680   -1.406566359650222 
-20437.585027041262947 1940.213873827283578  -40.787061388019453    2.864194648524160 
 683.755501658418325 -146.439727214088407   16.469390340823644   -1.886504810718497 
136714.538680639292579 -103.761680331312732   17.417325768786032    0.828076458832229 
-891684.052547492552549 2811.670800590407907   46.446557364238743   -2.277407053952931 
378908.751025393954478 -1616.226628513251399  -21.994212168438821    3.037698638315575 
-39677.166344005381688  -27.456209514768602    6.382573140117152   -1.290463205949225 
-226285.731406942533795 2732.431171033348619   35.594894129054161    0.988765485843359 
891284.317945822025649 -15686.639327337579743  -42.585411606779886   -2.116628760391879 
-331077.013724235759582 6244.373285356192355   10.009983312842891    2.933614896836608 
32524.231155544701323 -850.573462685224513    0.310891460387687   -1.260760052226553 
40781.372805552542559 -3064.539015794156512   32.758923189540660    1.351064898872577 
-91033.794484202575404 7146.212691189210091 -115.514739032357411   -3.069156027145682 
26064.332530137180584 -2237.131784231210077   44.229049872345087    3.268275014259114 
1933.350972889675177  -17.370250154279347   -7.100746613139583   -1.299876546319992 
-50699.418300863224431 1944.115825278795455  -13.110164019976560    0.354175191364252 
80701.525723469851073 -4034.304885268178623   11.883882975915029   -2.067325991946141 
-16374.493043044465594  964.017081670436710   -7.891086352805601    3.117904584909768 
-5906.399303275396960  220.078541872128199    1.197943015572406   -1.487031869568874 
10213.334366993003641 -667.580411442963737    8.809369103478954    0.445592319442532 
12336.098109631202533  122.900031343296178  -55.279289565631998   -2.644189665513636 
-5108.326072979674791  120.512298144789384   10.731489571498322    3.183741849976631 
 646.529716176755755  -84.179797767988930    3.531475630915729   -1.431475564923241 
-7879.325880146893724  419.218927404396823    0.000000000000004    0.373939419808039 
-26982.133424697691225 1435.582333494400245   -0.000000000000043   -3.899817826058105 
7951.592990526156427 -423.063893453604010   -0.000000000000050    3.488044974062385 
 289.121179685078289  -15.382670127004573   -0.000000000000025   -1.383270744132798 
-490459.400281376088969 28438.235081961738615    0.000000000000000   25.149991188375942 
63226.421888461300114 -3666.048296808697160    0.000000000000000  -25.494707655751647 
-40814.040611324686324 2366.514498210665806    0.000000000000000   17.792755253196763 
13437.403003101593640 -779.138956810759055    0.000000000000000   -3.092907827453865 
691064.325385136180557 -56876.470163923491782    0.000000000000000   39.314385932413643 
-19494.423959482999635 7332.096593617396138    0.000000000000000  -27.320677343288367 
36150.028541144871269 -4733.028996421333431    0.000000000000000   18.971458693249762 
-19277.082018106870237 1558.277913621518110    0.000000000000000   -3.480978033390289 
95319.847669246373698 23263.291581024637708 -1299.325318050845908   -5.756312069949579 
-196662.771662891027518 5071.411974139601625  479.460538818145551  -17.490851363845369 
25947.676537851009925 -540.865448193219891 -203.863629252298352   13.987252979228399 
8066.223376678673958 -677.202494382387385   34.058177405218657   -2.265995337479655 
-428010.468960495491046 30221.501994240068598    2.112094002971915  -22.225403850593686 
70891.482048149191542 -9284.684674533897123  376.939609915952985   -5.654845890230073 
-365.277460721779789 1353.277246106025359 -184.095335553832939    9.080263119061899 
-554.675972098037164  -88.379905306474143   15.429376387917689   -1.722014501343102 
40476.879575071900035 -13941.039073428552001  562.056818476020339   -3.816665589044936 
56834.899625229038065 -1970.031846291405145  -10.151296032418099   -0.789362378166423 
7035.702124397241278 1315.587558516371246  -92.303303905286924    4.334513222330014 
-3667.958147798708524 -145.611917543279333    7.381540929439076   -1.318455501966566 
-45590.601277123656473 -11856.475421263718090  119.198561314731052    1.928403318857647 
-29984.918124518910190  956.971598068833373  -27.542199951458130   -1.256661437344907 
-15260.512789140571840 1677.926974744723339  -40.914530414733434    3.173261112898212 
-33392.568029426824069 -334.512156712695287   -0.860606227409320   -1.253206014934949 
749980.673774769646116 -13236.859562397567061 -134.058621008548215    1.876849432233369 
65770.226080420718063   49.093564158104527  -17.388379090854755   -1.467981935359245 
-89332.147360578368534 1215.871874579372161  -11.708554275357997    2.915553253179815 
90961.502809622237692 -1345.566410184084816  -17.816979870492482   -1.330294334643108 
-777157.339018911472522 17122.424449061312771  -81.629284242908369   -0.499584872411082 
-244828.869334638176952 2711.478133381019688   19.861016407014944   -1.532090271687057 
185010.284252821205882 -2400.301352156022404  -27.690490947721010    2.759473730156386 
-112280.671144796637236 2336.563269247843891   -4.445099700410630   -1.592224233693773 
-48071.973886809326359 1357.282636131710660   43.328339407771963   -0.508939695241965 
28892.929238273591181 -2255.034632016487649   22.947434119068866   -1.349510031740261 
-13050.191226645138158 1352.752529800776983  -34.773893887828436    2.519685099600349 
-1405.810483138072414   58.876867053865567   11.752587072966984   -1.550160910647981 
3392677.408432983327657 -7007.948125345144035 -284.437972584353872   -2.810811044539081 
-840416.100542248459533 2772.760170466149248   52.978054527533040   -1.966878381890841 
162396.231889175833203 -918.172757131179878   -9.566135681967282    2.507162958835103 
-5979.115203525143443 -185.754841351596951    4.393042292270700   -0.944718024544136 
-3274534.380575582385063 63374.379208994796500  105.342735059397938   -3.990977963814206 
806427.168668214348145 -14661.977638200000001  -29.237326308384638   -1.745841703200618 
-118863.077897480834508 2450.796164663986019    1.032141073447335    2.450806088887545 
4623.957588764504180 -309.793761874424945    0.966263595732919   -0.925199331913562 
235324.209997770551126 -20512.386703793745255  471.354460081861134   -0.509180084368095 
-75740.779682119929930 5997.010560266367975 -103.230142836279384   -2.562506690068462 
5217.510759346814666 -594.228877799259408   16.885939638765475    2.564317174607346 
3848.640619102005985 -191.337577648572051   -3.313050904622456   -0.936658933831144 
-145001.619308444380295 8389.478597477398580  -24.946164422183195    0.555299297314297 
61689.243860645379755 -3305.261450788606908    6.967571468423664   -1.934510295184556 
1424.353154970012838   46.571289663336074   -5.534654547263244    2.617675049018433 
-6791.271895595611568  281.341764469865097    0.371637103868860   -1.128904016658678 
-53034.068832875142107  919.961270491075993  134.907274295651831    1.866437511456151 
16166.098497253886308 -127.442622947830841  -51.975776151827425   -2.477092545722696 
-1545.551497119064152  119.944474194224767   -2.675393643184108    2.543581573572091 
 220.688408702812012  -68.499315501250294    4.026378726920257   -1.073952999700901 
88777.232667272532126 -4723.385835643435712    0.000000000000114    5.442346630863939 
-29936.880629753104586 1592.789431271066178   -0.000000000000028   -3.759590543630107 
 836.716233719799334  -44.517422857921161    0.000000000000002    2.530618927851361 
 846.085160380279717  -45.015895880268403   -0.000000000000011   -1.007469425477845 
360758.930301208980381 -20917.831857105920790    0.000000000000000    6.111835467226488 
-120695.853217054143897 6998.289858926922534    0.000000000000000  -16.063460960110667 
-47997.719527398869104 2783.044693475448184    0.000000000000000   12.597984176213975 
8365.632252518656969 -485.063221277605408    0.000000000000000   -1.218047151385592 
-589489.737124324892648 41835.663714211841580    0.000000000000000   -4.306828938617400 
239654.698059941845713 -13996.579717853845068    0.000000000000000  -12.577782618633265 
63670.062803702341625 -5566.089386950898188    0.000000000000000   13.984151198009561 
-13713.193814312850009  970.126442555210588    0.000000000000000   -1.459645370198704 
-44428.090928814199287 -26524.929285444690322  591.840037745525478   24.156405125107085 
-160917.828786922094878 13795.146317023769370   -7.786455450921778  -19.649468390076446 
-18749.898518375812273 1817.454338202207964 -144.904368831395402    9.344713009988173 
8422.998714156372444 -620.133746941420213   13.529049905896839   -0.802126064647809 
760023.933944105869159 -29768.115384659351548 -777.930124478150560   22.212395807072483 
-89612.443812036814052 2048.378573306164981  377.731645167066574  -13.989372334202706 
-2705.397681207694404  448.738983452554294  -89.761428668455352    6.624735841007801 
-328.614194874397981   -5.267076500312896   -1.688733967775104   -0.718747570390901 
-1205131.515635775402188 48651.901482534587558 -128.447584883652155   -8.835247103993046 
72013.729465878743213 -7197.921498827097821  200.620010896090491   -2.220611974058268 
23141.780760786030442  169.593390376556727  -68.494714547327973    3.958266428301927 
-1821.393670184763323  -39.173812267326184   -3.217218835642349   -0.796429561312768 
342895.126949567638803 -13412.501207237293784  476.496716728741035   -2.799467303147613 
-47081.393603433680255 -3489.206684905163002   17.157260541565471   -0.533510192773276 
-24893.801755135529675 1361.397588890195038  -42.212647840969936    2.949489659133437 
-35857.690616884414339 -132.975782206935037   -6.172459713424701   -0.872417298049043 
-460353.262383806752041 -3030.383357197730220  310.545135690700704    0.995929958561590 
347012.978745955915656 -4914.728771740883531  -67.660361969060929   -0.764163398271727 
-37734.246757281012833  607.667473631512621  -22.339646907847381    2.636535086475942 
82287.450175522855716 -1218.668580254500739  -19.814075822364153   -0.985121674188289 
1197997.286564965266734 -21665.524137517131749  -22.685704236216058    3.503511789313002 
-536262.871466728043742 9132.387301778968322  -10.749965184075597   -1.719434598841206 
87373.816652650188189 -919.818172761020378  -26.551609544853605    2.353033121340352 
-94497.722124318970600 2112.334681314492627   -7.755514883303078   -1.272204679623262 
-2755.416421348401855 2636.629578285263506 -151.356869523581764    2.729889166983137 
10865.939030720239316 -1746.053643467101210   39.195561396983116   -1.540362417455992 
-8080.332693020931401  852.616495365329683  -27.006019448321922    2.158451043450817 
-2679.522941118364542  195.386959802399815    7.849029658004682   -1.257280390286148 
-1289842.104178841691464 2157.146579255198048  126.705658628573744    2.283819201584021 
431837.927620117145125  144.779623461739902  -53.686185191599009   -3.020932523592993 
111323.960273909731768 -553.480282890196122   -9.654652014975611    1.883686595649624 
7815.235274994876818 -270.889457011775789    3.469514518813675   -0.667544994728158 
1199860.336221463279799 -24601.097207872109720  -28.496982201410262    2.836639964483142 
-421523.224047628347762 9103.414565173003211   10.266199338890061   -3.242458439630938 
-70750.084819907729980 1755.975780535617560   -1.339249797739534    1.827268571033599 
-4029.077600041415280 -108.759557495733588    0.844195535758216   -0.653922226250703 
-60068.911389031905856 6136.831136907535438 -186.169024047981480    1.546523362925404 
12505.799067044512412 -1695.134453656314463   73.527779694418371   -2.753449221706488 
-2686.861817537646857  -56.494364473000132   13.173144246032866    1.899822685635477 
3776.997379139130771 -211.976152650164750   -1.894665251746249   -0.657152946389827 
5983.245161202226882 -1240.665576143110229   14.275457108854310    0.088731939861481 
7313.636619977645751 -159.206976734549585   -2.387240189894982   -1.726273058691704 
10049.713215048010170 -386.487263777062026   -4.962113137447176    2.160077129783901 
-5932.539603613580766  251.904165894908147   -0.260049387732003   -0.830836789953566 
23629.790818814963131 -932.448649902173656  -23.039331609555585   -0.001656941967244 
-3721.677315073917271  217.542853486298782   -1.385548290957779   -1.777178478926644 
  10.001150653391960  131.207003011536017   -9.345559198532285    2.011797695490924 
 176.507594893311762  -53.700747854104065    3.143323789258631   -0.791064488266744 
-29733.973181514284079 1581.993756094415403    0.000000000000004   -0.937502796733639 
3354.581620473808925 -178.480257095206014   -0.000000000000052   -1.718710557056141 
-2486.071142440088806  132.271223914059874    0.000000000000009    1.845831290265581 
 656.303962308625728  -34.918601834139110   -0.000000000000006   -0.739256078477239 
165635.579274468618678 -9604.023367972775304    0.000000000000000    3.421200724431629 
14588.745645899489318 -845.897087487812996    0.000000000000000  -13.771522659900771 
-61261.107973793259589 3552.093789905341055    0.000000000000000    8.868611223712549 
1184.651890821876123  -68.689495893351037    0.000000000000000    0.117646471786352 
-382911.118282797979191 19208.046735945550608    0.000000000000000   -1.362330240934625 
18596.046638319749036 1691.794174975626447    0.000000000000000  -14.192843470614832 
95951.405890985057340 -7104.187579810682109    0.000000000000000   10.637822936853555 
-3161.178449484413704  137.378991786702073    0.000000000000000    0.083433900865609 
800752.759523191140033 -25196.511076488590334 -231.485496521025055    5.222022932184162 
-177578.362885227950756 3848.297834982012319  214.153558703651584  -10.590816468161297 
-61061.922477394546149 4022.884857202931016 -119.108480924804340    5.564677402708456 
3478.146709468394420 -229.209295973281826   -3.549721990726515    0.106120596765743 
-738989.597815443295985 33257.277153000184626  -35.344091823932388   -3.792632462964444 
195396.531417003105162 -9114.664695941115497   86.007848487760810   -5.659723906550512 
10517.613269413050148 -434.546781876810655  -31.793991961602018    4.168598810913648 
-582.561593603856636   24.690361278502593   -8.526250369967999   -0.065855947426154 
1750527.646549448836595 -42992.396228509183857 -370.170478208803502    4.266729338116150 
-379910.588897537614685 11046.541557123371604  152.452166564720699   -5.533829638055644 
-15345.326668171241181  650.670897663591404  -24.360692364726575    2.988961226787686 
-157.229043658269802  -35.418916806354559   -8.895244673032813   -0.353599661869674 
-1030422.667979499790817 47159.965870914522384 -298.627049914048825   -5.901713309856466 
81504.279002655704971 -8518.894637619181594  195.843529314842641   -1.583310431453620 
-20590.941080232907552 -139.615076425345251  -15.587549108918850    2.684887081105074 
-39035.345566506599425  -43.516229467689072  -10.250300847723160   -0.517534896995906 
-1007628.183989837067202 15961.011049113305489  338.428198846933185   -5.171206583235057 
174380.505352029373171 -6051.122530690018721   48.794063914950939   -0.390689663811129 
27439.938754967151908 -763.063939172352548  -24.697934164611027    2.492178453715585 
82093.619658174953656 -1225.421500603540153  -23.057191373465763   -0.665549665776476 
1242684.781014408683404 -24827.866965208559122  218.784494922965109   -0.174125846948128 
-87013.889004868775373 1007.815750210098486  -19.257104272656580   -0.405617677848836 
9464.221593700967787  347.707208737608198  -30.302493226945131    2.087401586754098 
-89615.263959083109512 2097.735484478573198  -11.286742298497323   -0.998098908599110 
16445.808505019074801  380.801624595231033   53.476290841978049    0.554269051977686 
9832.657872714507903 -757.317551610128021  -17.563264674359633   -0.516653979837319 
-5493.008080091578449  539.695095980675887  -24.301982357994028    1.901323993789154 
-3525.165903088923187  279.831600688981041    4.790088988004060   -1.006210357848282 
-2529553.632429380435497 3242.614279250771688  263.652184262727928    8.146978175804351 
-51852.861446945753414  953.709590682424732   -6.171563205884340   -2.164500322998983 
158822.093545555835590 -416.169131122174122  -17.136870564660967    1.235507489825627 
25958.975068573621684 -333.599133843852826    1.671308362831923   -0.474825656575001 
2243831.932316844351590 -49233.896256316176732  -54.383108904233779    9.288766884793116 
28424.402035418992455 -121.996887778994278   -0.420168986639069   -2.178718452949761 
-119887.437571433678386 2878.652990209862764   -0.108496003708126    1.149621459461013 
-17115.661359091503982  204.929249667921113    0.781540507348799   -0.470636755560106 
-47943.352182449074462 8248.414868729123555 -404.370728862090232    6.631447414856003 
-10020.042703842667834  606.177222684019398    3.714395676425498   -2.173502960609462 
-2376.142272137392865 -192.614018344537953   22.828416167388337    1.283953662845983 
3519.220669812791584 -233.538425733397276    0.537237961639438   -0.459677201331342 
-75123.425454074138543 2360.145629955623008   29.933907815222842    0.611696628009780 
9557.353555429181142 -624.456567788235247    2.966056225925094   -1.692998581243645 
12158.586986973772582 -484.445206842407856   -4.889761132943377    1.732668174791982 
-4550.363853839959120  198.682473957893478   -0.889732405714279   -0.587626860702594 
16575.582415625780413 -1509.712725888914065   44.536786832854247    1.441238384103291 
5139.494241981446976 -132.125390226998206  -10.025297644541446   -1.777799832164364 
 187.228266516860458  141.884185918946741  -10.771914940469646    1.567425406604548 
 165.758465869957945  -35.721954161278859    1.908481002845967   -0.567361426278387 
-4775.731912859742806  254.092449091936942    0.000000000000036    1.861251533697527 
-7795.658322593900266  414.767401440191520   -0.000000000000023   -2.070274105831258 
-3041.205730205123928  161.807116957184121    0.000000000000014    1.372208207404657 
 339.886240953361153  -18.083621307121899    0.000000000000008   -0.537213079797914 
95489.801000548904995 -5536.771050214229945    0.000000000000000    6.881898628385494 
76702.087873825861607 -4447.405850477641252    0.000000000000000  -12.488572388238941 
-49849.753783827640291 2890.430922659661519    0.000000000000000    5.586099342695089 
-5921.530464414655398  343.347227712247616    0.000000000000000    1.017724865854377 
-200811.642921059916262 11073.542100428459889    0.000000000000000    4.124167336813912 
-124995.622717730599106 8894.811700955282504    0.000000000000000  -14.703717310965366 
82651.458881058846600 -5780.861845319324857    0.000000000000000    7.025752839156035 
8375.437237716374511 -686.694455424495459    0.000000000000000    1.188737787492121 
239144.457396464975318 -12213.721658030750405  -44.073908769531734    9.071734152641859 
122703.921935969454353 -5600.393818701259988  127.346497508268016   -8.632557868592237 
-67921.227596051947330 3803.872859238029378  -76.420973898314514    3.161755610614264 
-5365.285286843877657  284.569029152411645  -15.544252861975131    0.646423028328702 
-7247.907073302951176 5243.476338055717861 -213.679836440229423    4.213094403186974 
-81724.567763788072625 3356.814236433961014   72.753814053785973   -7.081961080162175 
24726.608726064907387 -1154.278089315204852  -11.948784143908650    2.575888187574561 
2341.871810230160008 -107.089002890725183  -11.225658161890605    0.359378232618973 
-702694.053699409239925 4495.630159066731721  121.283691972332676    2.771614418865057 
276537.278558504127432 -5075.607028567560519   13.638237236419684   -3.933806136262085 
-28266.990460550281568 1397.037713733066539   -3.599391889584041    1.805506754997970 
-4592.498519036815196  134.547633347839991  -10.281255331301441   -0.058112140877325 
2607427.783629130572081 -31693.189194396436505 -345.608713336927735    2.623602057974530 
-304904.221489651536103 9166.092563973696087   83.858385597073607   -3.796452922649791 
-48515.933891107968520  -58.715335631023663   19.375190255070748    2.012416661842146 
-42348.253115516679827 -101.966534392027256   -9.721945297656974   -0.218190021157548 
-1752452.140706534264609 47254.046877251115802 -188.559083470697516   -1.412241394949708 
-203480.063644162495621  -65.743387272438440  175.704638482550337   -2.329892132524282 
23802.493968450842658 -1527.672178917668134    3.364403635076684    2.152105729173659 
86280.283601816161536 -1384.179432836816432  -24.721033319498112   -0.370231897916958 
1172763.034845689777285 -23685.370785898536269  129.461614151677594    0.341713369394082 
378992.903875536459964 -8302.634361743141199   62.787081323455624   -0.470914870454388 
45961.598452534119133 -564.145117704018958  -24.861246095595284    1.977835018216195 
-87364.709562652773457 2108.454079001384343  -14.948132739479302   -0.743851576016057 
-11131.805448286999308  104.889730259428916  -29.986848081443984    0.496737807915209 
15999.836062096503156 -614.516942386908340    2.490344391382257   -0.308803085345690 
-2263.946338240184105  368.215784231045632  -26.186097393366214    1.798141860641278 
-4026.035914102840707  336.204154115694678    1.582361063268678   -0.775535020317452 
1381708.091688740067184 -1832.208205141496592 -130.179791236316731   -3.062237573918464 
-1000435.473607959342189 2169.689945401444675   92.698005892638122    0.890616492927650 
27286.051663692225702  -25.744189111688343   -6.321065228816686    1.076272011066710 
40061.001363320952805 -364.385331865549972   -0.052285460454502   -0.338295471144039 
-1292026.992353435140103 26831.828920233219833   42.695618219585725   -3.593166540178535 
869861.376654232968576 -18584.707983897493250  -20.813834825726932    1.304569128847656 
-7601.715235226882214  540.314881250294093   -2.762746480253860    1.040352793948250 
-27274.975530910975067  466.694718446989668    0.655196356890468   -0.342834426132958 
54535.647718554413586 -6267.217620089140837  218.303153391190989   -2.076529712577265 
-27998.799772261114413 3699.332798457435274 -147.924627646857999    0.313289819961538 
-7128.497581650362008  345.574734298144449    4.802137171084222    1.051427020264993 
2972.000358816729204 -232.033473631540176    2.659040835198355   -0.320191931502977 
-896.497440886209915  430.699030705809378  -20.638509404320317    0.098613957077442 
-18613.930989848187892  260.598043445113944   14.191271656633422   -1.463612345739974 
11026.514807671355811 -529.927522385296811   -2.745095147623537    1.338091808919029 
-3027.932271504643722  132.979348664408462   -1.396143255100514   -0.396301721708947 
-5467.771574258067631  384.517455629368328   -6.640335455259001   -0.133320681802829 
11355.337647840933641 -698.267662435328589    6.675997417778710   -1.237335438125631 
2249.082252744672587   38.085054336154599  -11.190577468814965    1.190533497818299 
 301.840781121041800  -22.999547811459195    0.492332271374220   -0.396396454111435 
3708.440216242991028 -197.307276465602172    0.000000000000009   -0.129086237664396 
-9586.557789916178081  510.052069849661052    0.000000000000000   -1.372304780694686 
-5213.982744268885654  277.409550868415920   -0.000000000000002    0.941885846588914 
-171.399238005102944    9.119283274661441   -0.000000000000004   -0.394399829874192 
-182637.543733953178162 10589.845766068507146    0.000000000000000    9.009432863124527 
112510.763249031631858 -6523.694994307973502    0.000000000000000   -9.907860402594386 
-26198.147393470448151 1519.043317061459675    0.000000000000000    2.786545243840923 
-10767.776046785378639  624.346370673542197    0.000000000000000    1.534294548383595 
321708.600787407136522 -21179.691532137014292    0.000000000000000   14.283978040656109 
-200299.988813127914909 13047.389988615947004    0.000000000000000  -13.157154559660153 
41989.507439701497788 -3038.086634122920259    0.000000000000000    3.543143855327845 
16361.602752803997646 -1248.692741347084848    0.000000000000000    1.845266323732506 
-262178.164674904663116 16127.473186625020389 -195.294687542119448    1.218500336917702 
212383.093459643627284 -10180.539440462784114  110.818781719693732   -5.230657561351546 
-26035.350671600281203 1831.256201842522842  -46.650313994819285    1.428853681871292 
-11471.110937748377182  648.692058026616905  -23.193167428763246    0.924476993725610 
25880.842543470564124 -3011.151980809155702  123.862777312677494    2.238052991905942 
-84442.532916276570177 5323.117863204848618   -7.376124611299957   -5.502050678967063 
3955.721141056816123  -69.286576860353080   -3.776572963597914    1.002886717683407 
4141.595461176540994 -188.682376888080057  -11.999821265836106    0.578937314194483 
-79004.239379679245758 -340.741197475313584    8.578899249336260    3.989147928299063 
13027.008421225124039 -3389.745718917529757   59.119621726044628   -2.894450729187688 
7928.545411915925797  338.868620297429288    5.495340480723982    0.951974646816748 
-5177.426672760631845  238.651515397532421  -10.281199649796926    0.111523792030172 
-471101.560166630544700 -4409.468023918631843  -72.966529375999528    3.636325648793232 
672881.197371273650788 -2718.853383924986701  -45.744881904274365   -2.812602150909340 
-2518.811905905313324  747.189561875065920   24.139378216670657    1.186284777647255 
-48084.240922780336405  -27.986515179121824   -6.664776259055040   -0.020833292574201 
1285153.607643407769501 -18673.397524750595039 -305.932832683608240    1.966440071670397 
-860649.616409113863483 17654.524191696749767  104.994982181038694   -2.859482655630421 
-109213.716038208629470  670.925421635369275   38.451856218025320    1.503433880654321 
82653.461266115031322 -1483.872635320526115  -21.923377348727385   -0.140381530315454 
-1701984.516469104681164 33349.734186659865372 -107.899697276664483   -2.404205380531473 
818779.041942671639845 -17184.648406455107761  111.335186630334647   -0.342772356931606 
195683.091679810022470 -3750.055463728798713   -3.095962601371482    1.876124114792946 
-73407.192830597778084 1861.946787569937669  -16.821885640609725   -0.503312834665284 
-28732.376242796144652 -1176.128104518892542  109.654473996901359   -2.135167866893766 
11825.409018988741082 -575.183293539613601   -8.754723639159380   -0.122526407377486 
1214.209296895483021  219.503254740229750  -26.969144799338341    1.744225674050881 
-4080.773575428791446  372.834162674192896   -1.710557542445823   -0.554622144914734 
3339805.068473454564810 -6175.984323497992591 -316.804105170914795   -5.339288325350843 
-482294.939224677975290 1482.611868473368986   43.880584179018861   -0.257722597291779 
-158055.249940387788229  430.793537622664871   10.751258530140483    1.155383748021195 
30538.602162737686740 -337.280481758280416    0.351730323257454   -0.195826519820265 
-3061621.301356931217015 63109.487079678488954   76.897971868670652   -6.720970863530583 
385351.254521691822447 -8522.772138809970784   -4.802977993382413   -0.042868323719303 
149299.863661763956770 -2848.120134088143914   -5.964848082642515    1.198065394589295 
-17157.096144532253675  296.253932214708470    0.068026757041880   -0.199424337649968 
145902.568765701842494 -15322.888205198391006  484.962423955973804   -3.368809795775634 
-7547.931877803180214 1349.126190924000639  -66.060945125161027   -0.465408822254942 
-11571.839037908401224  976.632107970824563  -21.946059425418184    1.032412144978318 
1749.971851619155359 -143.275216282611183    1.374359021068897   -0.187924122627831 
7869.495210050488822 2596.459700466375580  -36.045766423173077    0.814811931017606 
-18950.117530180228641  422.110179959788411    6.451830630013170   -1.426632111835936 
6331.008742667767365 -444.588994459683704   -0.164707361792704    0.976811251722041 
-1942.211563826333077   71.651461839423462   -1.557851117598873   -0.251716583111338 
-72339.259026807296323 3001.843661738349510   60.083330077380580    1.001266737428564 
9304.923307493969332 -554.073616574304992    4.185871622056563   -1.287330693801696 
4831.614872161560925 -118.457605540050508   -9.832843838835554    0.874950231327384 
 749.723972105667599  -28.398337589465768   -0.815146857760912   -0.267173525061507 
88258.106412053224631 -4695.765763163776683   -0.000000000000014    3.680925605300345 
-8195.892708824876536  436.061841175050517    0.000000000000011   -1.420712119818835 
-7436.789056611560227  395.673789746506714    0.000000000000034    0.592758734024724 
-965.693999208803803   51.379674950267500   -0.000000000000005   -0.298358482806871 
-55017.623764652351383 3190.078765688856038    0.000000000000000   -0.710315967623872 
44021.684348799237341 -2552.502832032284914    0.000000000000000   -6.529323078922694 
-6631.591443741583134  384.518588768927430    0.000000000000000    0.731897308651288 
-12641.277747808449931  732.977343532015766    0.000000000000000    1.745398933633963 
166469.449457454436924 -6380.157531377712075    0.000000000000000    0.878584847478066 
-79659.263517850296921 5105.005664064571647    0.000000000000000   -7.800662794414117 
6994.600898329219490 -769.037177537854859    0.000000000000000    0.923416686068562 
19108.940968474464171 -1465.954687064031532    0.000000000000000    2.110477160264454 
-429883.228169052454177 12924.589548278185248  252.976557716785948    0.960405982039050 
114066.281706554451375 -4132.736995478404424   37.583273891398989   -4.773719935007410 
14770.821224174476811   42.096647349874445  -28.100057043432702    0.178306494826423 
-11919.110664272151553  750.027125567328085  -27.674348150351143    1.023734563033946 
266286.710242205706891 -18456.261637005856755  118.375215423983690    8.575131176472535 
-74737.216962475184118 4193.935870401418470   39.072416880954165   -4.662780807002337 
-15941.747593787142250 1120.345139840430193    0.185463570108856   -0.267717218062768 
3367.194547584535940 -120.050638595566369  -12.345225346398582    0.622699809295865 
193980.680317066842690 9019.462976475972027 -206.190839704788175    1.648032099358059 
-16599.581346154489438 -3517.523667970775932   62.336708944545713   -1.398520256075539 
7481.973796299753303 -524.540053063608525   20.677381814547772    0.415353273658845 
-4137.116644727935636  227.379805925305675   -8.653782337640621    0.193086134786167 
-2648472.672531475778669 19009.488879070442636  274.973838828830822    1.747751169700951 
496218.112308789161034 -4372.403892894473756  -73.107330420274266   -1.448980032611878 
143618.601804102334427 -139.217597727365501    9.282851676102098    0.653587004707103 
-38805.443936792791646   14.317853697217515   -4.504630514412995    0.090607594556546 
2888679.768195969518274 -61180.497060494024481 -150.641597091237401    3.736537813116469 
-378717.013542839384172 10652.000119915332107   -9.729830075313863   -2.122067628754021 
-264134.544782202341594 4209.240960586871552   50.360000231240861    0.880740095106266 
58064.162144875081140 -1160.626496661371675  -16.073873788730662    0.006708991537093 
-2883179.502714602742344 55753.515464679025172 -223.869828765994811   -2.338550444154063 
180534.848266761400737 -4678.498086457746467   70.872800151585622   -1.244349374630898 
320597.327955988526810 -6482.948775342894805   19.680035746368524    1.677733898347632 
-39477.572348996014625 1189.815922836296977  -15.680010270925667   -0.278848852027073 
28762.316497912914201 -2733.654957990687763  134.644283209018056   -2.194514679765424 
1050.767927940216396 -1016.231332734194780   32.365704109678248   -0.923214357462640 
2823.731415261604070   20.576426456002878  -24.017772240523421    1.613508078445864 
-3800.343319744368728  388.987705351026761   -5.004324304699783   -0.342678660513674 
-1238588.378535069292411 2271.411305903547145  107.831884319792437    2.031240369703591 
770131.961452864576131 -833.382252838369823  -74.920955260073868   -2.259955719298341 
-122075.622161864157533  511.947239577039113    6.871212145008574    0.840673958447430 
9768.894269165839432 -272.327948492382973    1.762513749410241   -0.065858764410751 
1166937.290477764327079 -23423.555293007208093  -38.437756900535781    2.475958957253731 
-762756.733487154939212 15143.285516069408914   24.033761457369071   -2.563232397543266 
102124.178791080805240 -2020.555961930709600   -3.561000149644176    0.872302804431473 
1546.771060876923912  -69.668682262718391   -0.602434433129036   -0.063462877102253 
-65007.912398398868390 6470.953038282685156 -183.201236902509550    1.166320446063337 
47165.531409334886121 -4396.956886025383938  115.799963858328766   -1.728712495670802 
-6619.639096466926276  595.653271083150344  -15.728682083772181    0.758146980237600 
 470.521490910441344  -30.043622078848742   -1.453908440400007   -0.072724323985649 
13058.555219479316293 -1513.138048958864374   19.767114733753811    0.051132748003053 
-15999.056826411222573 1395.782567634675161   -7.065331778676745   -1.121077637704334 
1962.361948093834144 -217.352401010375274   -0.241395005375651    0.658347533029507 
-1431.560949569799050   27.744519446308104   -1.548031571774265   -0.150314873840751 
21266.670642414326721 -840.448289061623996  -20.646580911502387    0.010525270604625 
-17822.298827558741323  571.617756577575960   26.717120401074197   -0.911855667265986 
3766.942932153455331 -116.264588039641808   -5.969969835944198    0.600051936193924 
1357.777642518722132  -45.999962639112880   -1.861497839463338   -0.175963689139695 
-26736.902903742855415 1422.534862489228999   -0.000000000000004   -0.830157673745390 
24900.897195695040864 -1324.850320011363237    0.000000000000007   -0.040365017831209 
-5348.663495752758536  284.575229891966501   -0.000000000000002    0.410124091818469 
-1850.974340774593657   98.480947430761660   -0.000000000000004   -0.239272960103097 
54668.817860046867281 -3169.854004358036946    0.000000000000000   -0.676074778990108 
23390.075437054649228 -1356.223294898966742    0.000000000000000   -6.795691566781642 
1794.878529490145183 -104.072177097478658    0.000000000000000   -0.933729522061755 
-12889.844156741497500  747.389932966863284    0.000000000000000    1.733478088232941 
-70289.083070651817252 6339.708008716075710    0.000000000000000   -2.254902131295637 
-17233.219971304926730 2712.446589797934394    0.000000000000000   -7.471193476609840 
-5116.959537815172553  208.144354194957373    0.000000000000000   -0.985565347809433 
19063.725731770795392 -1494.779865933726569    0.000000000000000    2.105734875890534 
-66641.112408413289813 -1811.415068594581953  175.042227861312256    3.158185392393707 
-47139.928856840182561  713.984085125913225  132.449483035193737   -4.413567691742761 
23136.615330388758593 -385.247466444186443   -6.845962427608622   -0.970104458517349 
-9130.088039603111611  715.958529893193258  -30.105521786936531    0.973309293836428 
119611.168525319590117 -6676.119468013054757  -31.483669382657304    5.384834912145307 
25120.299378351999621 -2727.162243475779178   83.463122664947988   -1.447106615825132 
-22143.862291802546679 1303.691843206135218   15.502406013346635   -1.031453145916202 
 726.798314264278133   49.475365849732498  -11.480334293745099    0.533127510007655 
-274338.652365110465325 5665.478519018442967  -66.243311690036933    1.271045322937708 
56143.173772745692986 -135.225051792286195  -14.984855944749967   -0.780508218816267 
12424.922849623639195 -981.133643033991348   26.596363439522250    0.142974714297369 
-3082.369862479858057  124.467130606240914   -5.497815017362038    0.226372227686401 
893267.195171572268009 -8462.991588059476271 -114.267386350265866    0.415591768895415 
-496959.139890514663421 2756.154436756950417   30.007859140537320   -0.793573343974023 
143525.973356386646628 -341.248779744556941    3.895417766134976    0.373267832633865 
-18272.508894993210561  -34.275248878244952   -3.949517813754457    0.153079233638696 
-875532.964837464736775 18583.194149101935182  -12.128153489457517   -0.681395879921017 
704537.899530649068765 -12290.686277769927983  -66.220428984527814   -0.720865948835346 
-223406.934033726109192 4004.405190855047294   40.866217848760641    0.525373397907595 
24771.843382750670571 -587.527033035612931  -10.225124224071156    0.090942122142337 
982939.997218820033595 -16858.457709886857629   11.144341048967533    0.387448539162814 
-900657.465251213870943 16229.070212796870692  -13.078385635662553   -2.121305791188672 
230582.000832931924378 -5039.127259550502458   26.904337560858913    1.257027002620185 
-2213.259316568751728  415.239378209484016  -12.549864059569661   -0.093142555048465 
-11918.801404393812845 3081.119093592628815  -82.016415546698866   -0.004115576918667 
11836.636614657491009 -2041.351941980696438   82.857310313059855   -1.746157362374676 
4434.656983086322725 -361.621482883359022   -9.614895437681149    1.279836613466200 
-3374.782244552615794  370.341974244229732   -7.237854592408874   -0.159701536527212 
-1577175.613785227062181 1007.072282393824480  155.118734743647053    3.279076526260318 
305661.319502214377280   18.396986875455013  -34.483998640151803   -1.498240580659497 
12398.537957520617056  410.074081331675075   -6.804407092519620    0.370899420952700 
4123.635469807519257 -216.919791039009738    1.661384490659754    0.007880938628219 
1635559.558184554334730 -31712.009713805084175  -57.209631805077748    3.878368285804167 
-325155.249557993724011 6359.452281191716793    9.619602619668106   -1.634747788573120 
-33864.819089562763111  667.286262726929863    0.645670359985475    0.347555281166925 
4673.393844489608455 -131.373472747127295   -0.747105673009525    0.010360324578453 
-114877.718410401110305 10187.627256790672618 -241.012947812356686    2.095842520512057 
22787.564259935286827 -1970.349496669376094   47.099500019887756   -1.291342328397054 
2124.497862191851254 -200.260026753695001    4.633750901004879    0.380640127229118 
 253.059453219810507  -11.650834384705689   -1.968434181410356   -0.002689114579588 
56557.402367944727303 -3921.334773279353158   15.523259970270535    1.421294650680664 
-11102.098619106469414  828.355799275099571    0.347336246480978   -1.101902857203189 
-1425.282482595885085   60.664894853346823   -1.081144446900124    0.380474971166067 
-1410.745978307700170   19.429224187430208   -1.649994110523683   -0.085438401652749 
37255.466439906987944 -1007.874227310828701  -69.116742014638575    0.817993897600309 
-9847.297336653366074  256.449648179466180   18.974652559260818   -0.907908690789252 
 308.243411626945999  -12.756162445011569   -0.258498215902322    0.372581391437019 
1591.708555955764496  -53.243009262116971   -2.230614416032356   -0.115184384747336 
-55567.681599743133120 2956.474225452274823    0.000000000000014   -1.239058953707825 
14874.558606791477359 -791.399746577902647   -0.000000000000014   -0.351674145485730 
-376.731520441955865   20.043971568308670    0.000000000000012    0.361119196403851 
-2182.701272544827134  116.130453320379218   -0.000000000000002   -0.190259553735936 
53444.903539899634779 -3098.887960814865437    0.000000000000000    8.566998404164918 
43890.882134572129871 -2544.918546533225708    0.000000000000000   -7.049219608902935 
10204.998225943507350 -591.714907276503482    0.000000000000000   -2.664343419022326 
-12193.239376968340366  706.998800744619871    0.000000000000000    1.509258758691544 
-134931.317455313925166 6197.775921629730874    0.000000000000000    7.023517515916353 
-43591.626122799149016 5089.837093066451416    0.000000000000000   -8.316781775845705 
-12720.065299578214763 1183.429814553007418    0.000000000000000   -2.959062254366376 
18017.553362119891972 -1413.997601489240196    0.000000000000000    1.861397703617139 
212281.598991918552201 -9449.629443673184142 -125.701162160650256    8.490809970345435 
-72130.346009995409986   34.703434402956191  198.090318483185825   -3.229248169595127 
8227.830972034342267 -291.661526503079244   34.471512762188823   -1.925456441184584 
-7104.730934365326902  675.420677861913532  -28.549864566671072    0.789252572182798 
-62755.276374690984085 6046.618911286735965 -208.506103984509366    2.895513203082897 
69974.487575346909580 -5230.707043980679373   71.656746646451666    0.572206476229356 
-10257.013922590191214  308.958182274078638   34.892389677271566   -1.140815663365674 
-1415.064230898276719  156.785640360227376   -8.299913792199963    0.392102081583646 
76830.264238866366213 -428.532214902152191  -15.279534041499451    0.323711368873678 
-46733.820864170782443 1989.329392839630827  -39.826097828513809   -0.303866222714627 
13601.091963195513017 -749.370600403073468   19.744994217864278    0.007427909106008 
-1187.835096478356718   10.777921525195410   -2.536789429703077    0.234531136450931 
-358224.462473239516839 3528.234657937420252   37.932135707678299    0.323806258222218 
-161983.941701174131595 -417.467408765356367  -12.842410740812404   -0.637726430638242 
61158.088157425445388  -48.912901245607145    6.041098816100598    0.194355360807332 
-6352.086295664686986  -50.395713717415902   -3.216896282882053    0.188149831891959 
256137.249305724923033 -7318.022094819660197   -0.316701622787982    0.697759765674945 
376213.037716598133557 -5321.988471856676369  -70.768486543074175   -0.976389403805727 
-88313.066877820077934 1802.820847151718226   23.742603407810378    0.313216478827461 
6144.355986753120305 -242.723056196422789   -6.175228995643419    0.144019415102264 
-88838.798835848792805 3050.436412848021064  -57.900783583243701   -0.009647384623097 
-532054.966294154524803 9907.148571589264975   -8.899257742299628   -1.976012589002612 
51492.946889760729391 -1772.099911502231862   24.157132138613633    0.744862205096274 
14456.522575065537239    6.001017625999339   -9.369405348908259    0.031597152719787 
-14871.722176157290960 1248.283628824192647  -28.833340107512722   -0.289157072804261 
7367.086088009814375 -885.932281883459837   52.101154483047651   -1.747700703719171 
6835.122320919734193 -727.532010866378528    7.254912661832296    0.843104355204468 
-2658.781583555758516  299.260975520034606   -7.305259360092104   -0.027013706867211 
576543.648232494713739 -1339.614844349684518  -34.130998540787957   -0.664083491741095 
-285779.535667245974764  396.049092773140558   23.685526888715835   -0.268586883311878 
14883.760936891689198  461.879841287749457   -8.154216061449116    0.150045987956278 
7368.989711045426702 -163.406139901070929    0.574987404138615    0.037237803514854 
-567186.823147436254658 10620.992925658269087   30.050856632424551   -0.773514685881388 
288179.584761214384343 -5532.551361485194320  -11.834009307236077   -0.180359681396558 
-38486.777189160195121  770.648877690245740    0.368869524039482    0.120666847420715 
-1445.807053970180732  -10.533766984916042   -0.627828149198319    0.035836738586075 
44331.899803192340187 -3909.154793793644785   87.365304914716191   -0.095599174656195 
-20291.580143965180469 1850.010724627128639  -43.280355409746058   -0.505401383205033 
2436.495876688119552 -215.302373258976274    5.111143977272595    0.156047163278857 
 650.306833784966329  -47.572339128457301   -1.124014044670010    0.028807119865723 
-32026.889168224181049 1535.565903126798958   -9.807224846524997   -0.028920204219639 
10106.927268872954301 -642.144740704661103    6.168558735332393   -0.568917363197940 
-1549.678901375091300   83.941277174651901   -0.266657574173449    0.171622443615926 
-1651.912903055832430   32.296538428710740   -1.749391170405498   -0.052320296286180 
-1720.511542130288944 -114.246041818767196   14.598418303907199    0.093288568478317 
4123.502578311683465 -121.503187062090433   -6.944125696228667   -0.601160979189137 
-407.230933165757961    4.112145194659945    1.245317641976698    0.183947682689721 
1549.139544414367265  -52.799008165155726   -2.101441383529037   -0.081200139780040 
5588.306365529510003 -297.325410345988928    0.000000000000007    0.390580361800607 
-5963.321993112131167  317.278087966697058   -0.000000000000011   -0.816321253126164 
 737.173056267960305  -39.221235758091801    0.000000000000001    0.215119771577364 
-2105.908362493452387  112.044692447724543   -0.000000000000001   -0.153034599727629 
-68920.286323507622001 3996.194798712369447    0.000000000000000   14.494218154964651 
63932.720962034392869 -3707.001531838794108    0.000000000000000   -3.836595207341086 
23682.948613019343611 -1373.204917073007437    0.000000000000000   -4.025070271052829 
-10127.434988146342221  587.217569497008526    0.000000000000000    1.082804193682779 
48644.892125507656601 -7992.389597424737076    0.000000000000000   16.484625802974278 
-94190.870168541718158 7414.003063677588216    0.000000000000000   -5.682962707377065 
-29942.877335995864996 2746.409834146014873    0.000000000000000   -4.709030314769223 
15482.888312098964889 -1174.435138994017507    0.000000000000000    1.375283014222027 
179609.878128480893793 -2351.250383829421025 -399.835834486779390    7.351894455820532 
7475.253611973906118 -3508.907606974478313  150.952382672941866   -0.045194430715591 
 145.944422281680033 -725.937048074521613   78.101850406704799   -2.334761766223423 
-6788.676221236120909  621.048920704400757  -21.391274327442719    0.514697127608132 
-134642.176757719833404 10760.009808764953050 -195.226760149203244   -1.181725354626967 
46441.258934837787820 -2963.224952248155205   -6.533042347739279    1.658023927385442 
4294.954391182891413 -715.283317254525400   43.032852714610598   -0.862036862913824 
-1726.408502026573842  125.485418143396004   -3.225966900534952    0.264096149078792 
35365.165107907414495 -3132.502388295154560   67.111145212900738   -0.645943700781228 
-17922.471774595866009 1828.629812251323983  -45.555923094076093   -0.182474459386997 
5519.055383349680596 -272.125699766703974    9.072241602540540   -0.053364676156695 
 -67.855442240052071  -52.647108744300283   -0.720790770965374    0.231343964126598 
1107655.145926943980157 -1311.192581050179797   -9.172444428479569   -0.238090834309080 
-296318.115128639095929  905.620587961177534    1.382140149566979   -0.516299083804910 
3870.331053698824689   12.106246153870359    4.608564992194918    0.050102171501938 
-1937.981518335403962  -56.141671318791339   -2.588335396140613    0.203112210612243 
-2010251.057130295317620 32226.193512825877406  302.840527645617215    0.674490433829324 
472264.506206245336216 -8066.246757414053718  -70.887249651619669   -0.714729491677622 
17746.626112535319407  129.291443492877761    6.035636383473650    0.101826616892042 
1483.819406397705279 -114.819532079163025   -4.313779729759665    0.169278202563566 
2649616.107266518753022 -49148.947089906818292   74.495673763501372    5.689597604375088 
-565369.515857598395087 11051.062226407284470  -30.612051586015973   -1.979630358236274 
-85685.113379208283732  847.676438247335454   19.218218472574179    0.250406836691414 
12406.268808963202900  -54.754391261853499   -6.601902201741011    0.093810889105564 
-32991.875617695252004 4600.238028272570773 -226.737500300588493    4.765280608007584 
1790.190271950863917 -417.825921074390862   41.288651942730453   -1.856134606020769 
7979.781865914817899 -890.501786236109638   18.928638465054551    0.392624941486976 
-1718.326905690945750  196.914836219855488   -5.640629855962932    0.050501754129915 
419501.916238512902055 -1140.833753922154528  -26.075085783556233    0.652467624670414 
-69575.667580060689943 -106.306473857988976   10.886402435920360   -0.517618192714788 
-29535.639469021629338  498.097668652143227   -3.832724895869593    0.051770353452945 
5890.216396310259370 -102.099327908392382   -0.140865352431316    0.050499843887834 
-389089.092177735292353 7561.886142962810482   18.327270297914165    0.556319997114805 
75484.526080925861606 -1549.679014363345232   -0.564938070076860   -0.470427688602078 
6971.236666107321980 -114.629919290821420   -1.180998898124635    0.039318426170886 
-2861.634954681067939   20.095354511084821   -0.707932774758743    0.046591203620981 
23666.082941043416213 -2405.767819795666583   62.356949078090715    1.021953505796110 
-3667.117717768050170  384.077676954512071  -10.518366066727481   -0.541251073701106 
-558.341356028534165   63.958676938728885   -1.613696207286597    0.025215606165590 
 724.398620424635396  -53.213786170158656   -0.990741239626662    0.040229401525001 
15764.048427913618070  500.834698394993666  -15.629247756726876    1.166533188113225 
-1903.156169211124507  -66.307527032111466    2.490849417885521   -0.579762439780305 
-524.207513917361098   -4.615256292444645    0.815768444978790    0.028037468243645 
-1750.254545058266785   35.754838656576446   -1.705494372965980   -0.039813309408024 
-28786.667058053244546 1312.893442547892619   15.514482085345332    1.125642333041386 
3478.310750012831704 -164.345452744128352   -1.469718832263471   -0.566177766009768 
 542.995732874805867  -31.618934781117371    0.193587075915181    0.038030339539857 
1559.305031449044691  -54.406614114095660   -2.025766106535704   -0.067417615508346 
32897.169459629039920 -1750.291370770066578    0.000000000000011    2.043098890298372 
-3867.707106038576057  205.781059086951700    0.000000000000000   -0.669853617450936 
-491.705581125877586   26.161157623614262   -0.000000000000000    0.029347912755227 
-2096.023975732161944  111.518794410360769    0.000000000000001   -0.138136795591413 
-89375.920701447394094 5182.270830401791500    0.000000000000000    8.781616821628253 
38087.613590718385240 -2208.428482321617594    0.000000000000000    1.598736600770695 
36435.490432113503630 -2112.633668843062878    0.000000000000000   -4.304802596874132 
-6302.727580712744384  365.450123894137050    0.000000000000000    0.548032629520386 
123572.818060260353377 -10364.541660803586637    0.000000000000000   11.362780156862186 
-75949.035621475311927 4416.856964643237006    0.000000000000000    0.498771968738346 
-51210.365559748097439 4225.267337686125757    0.000000000000000   -5.357054157099070 
10363.305853648649645 -730.900247788274100    0.000000000000000    0.730054467344542 
4780.887485936211306 3965.667313566496887 -247.349991786293032    3.013329464437939 
74828.957910153621924 -4390.626500910465438    1.013944740398543    2.711765990217117 
10433.970862547688739 -1713.378811560143731   97.097641333372465   -2.001440321285734 
-6302.831787544128019  470.887822430192500  -10.050841411571890    0.236504912709297 
-53528.637090449614334 4314.665155070450055  -45.865911198725101   -0.588499244325896 
-4049.557349307132426 1071.778726038701052  -79.743077403690464    1.214876919400329 
9593.917089374224815 -951.714095530707141   32.248337745681887   -0.502924257065602 
-726.867533751792280   10.790257765446967    1.669758636191534    0.179940107746706 
-15625.364156420851941 -1208.472256835940470   60.967434697029489    0.760107660514293 
-4660.534859130573750  653.941416640640682  -20.389243639238327   -0.424703347179958 
2696.179554133873353   38.195703844791566    0.829095760876239   -0.129261901977565 
 411.060447301979366  -64.208649125850314   -0.167495413498799    0.220560607388500 
-269800.451911077834666 -2013.180191693016241    5.662285480872484    1.371537944662845 
119052.564593964911182  413.923370067361020   -2.057526511112854   -0.605583146670815 
-18287.862763135439309  177.049240907437650    4.524141697001683   -0.090133107307527 
-3920.771728619474743  -43.038991872527902   -2.008583762803639    0.200842787704774 
612957.903605777653866 -10182.150432400811042 -117.420400553877954    0.946255421251434 
-281579.640217615466099 4018.575809895651219   42.677948215486794   -0.461795578991626 
41582.234361114031344 -376.667424946922551    2.509473703957043   -0.045239016941614 
7155.008983979590084 -161.751423022409881   -4.075453052074169    0.172156245496181 
-749663.506906193564646 14630.439722722017905  -57.398019243579071   -0.986130283984701 
428236.524367346020881 -7379.792932307770570   -2.676173924702905    0.153968743404385 
-102826.737315489779576 1306.585100009773669   15.057190283734313    0.022199134837428 
-1963.237589207887595  127.883973521702927   -4.532438835881399    0.105292514665594 
3673.564927287338833 -576.971833442517664   37.629891285510702   -0.937076923478958 
-10581.763084684838759 1307.263339527820790  -43.737910669990178   -0.069154378017924 
6880.835264323066440 -779.322108929430556   18.622481124147075    0.151963818482139 
-757.319706518172552   88.058422822524278   -3.072261541500538    0.079884957284227 
-113342.531388251401950   62.282514764280833    7.775386514889704    0.021318256260476 
87737.551009381553740 -534.119131578795759    1.108245267086753   -0.272942833463383 
-27265.404040356512269  418.044467972544965   -2.333393932993703   -0.047049774819327 
1930.481336897451001  -43.726348906534760   -0.500783828274768    0.050157704637718 
122116.113272032409441 -2289.049540927740964   -7.622977556230905    0.040584905847999 
-70423.883485724858474 1286.028289247708472    6.307788291640947   -0.261807689684026 
7603.816990507447372 -147.586259930275958   -0.463142620429124   -0.052210996114877 
-1570.724284562825915   -3.677811126720883   -0.828589344568660    0.045242136752299 
-8177.238013392497123  839.311507591750114  -20.002736111496194   -0.115387217351489 
5207.663385123221815 -518.085255468862329   12.865489837556533   -0.158018509027565 
-365.773147609136913   47.207729624435096   -1.320305735932966   -0.062193091675494 
 643.530054825168236  -43.916503123441700   -1.235011819161958    0.036920307210128 
-7665.430148938245111 -164.994133556447366    7.603192343350329   -0.088662797301124 
4008.361991256501369  121.505484866010434   -3.370118490887063   -0.142312494237845 
-261.056786161690525    2.284488436792767    0.705859810853598   -0.062221898508624 
-1814.728142356091666   35.120069280446835   -1.595129669714027   -0.043089028866102 
11806.080522243408268 -559.866022500677218   -4.843462898922977   -0.045564512959794 
-7316.689396757146824  327.989588211332091    4.348211949741023   -0.144061891119248 
  63.198402031766591  -11.163417847716914    0.553398715599875   -0.050749617601270 
1625.304144429584994  -58.362633655885986   -1.994230355977483   -0.069311830478045 
-13089.337402392304284  696.417189710505681    0.000000000000003   -0.394888469243793 
8468.731441322326646 -450.578204951823921   -0.000000000000005    0.096308466410953 
  83.422460784590854   -4.438485609494749    0.000000000000000   -0.042345231124771 
-2153.667812803909328  114.585730328010811   -0.000000000000002   -0.140944341749567 
-108822.426827448201948 6309.834727467994526    0.000000000000000    2.151247723650402 
4571.643327675888031 -265.076920920961925    0.000000000000000    4.891842908881269 
41767.897546912725375 -2421.821844248381694    0.000000000000000   -3.493480158167634 
-1327.734659463595563   76.985842968107391    0.000000000000000    0.052064159652905 
198751.346645049197832 -12619.669454935989052    0.000000000000000    5.294023271848346 
-29609.228848878123245  530.153841841924077    0.000000000000000    4.759814527561637 
-64405.148618542196346 4843.643688496763389    0.000000000000000   -4.699730845061567 
3016.659637368533367 -153.971685936214840    0.000000000000000    0.090408939712566 
-179406.470149725733791 10428.670593213779284  -84.693575938831771   -2.082811185548222 
76621.790717379917623 -2903.501258323049115  -91.742302179460822    3.841764539381338 
29365.314440989335708 -2625.144781464330208   85.756596653489609   -1.182249005085926 
-3820.045291508548871  195.857375880257990    1.619101188960791    0.034581625255954 
19930.236687177562999 -2667.741112412629718  104.151950115459300   -0.553701965881868 
-24122.796258225713245 2689.778159190118458  -96.942794103212350    0.994189702778118 
6072.372888432615582 -481.519484877104560   10.162603807319028   -0.226790929293296 
 304.549649519777176  -83.000381200539778    4.365233412159096    0.134907614892562 
11912.955868886880126 -611.319692806949888   -8.626955990579576    0.683593489240013 
-10520.046417788496910  200.764320327164143    2.473544372147756   -0.139662974487098 
 798.606894519000889  145.033920965766981   -1.410366647510084   -0.199807692185947 
 644.743745026786200  -51.576648886874096   -0.263363354359731    0.199251465116060 
47486.331919663061853    2.198815902876504  -19.083552884896406    0.415610916034138 
17877.395127310992393 -341.019201817524106    0.065830544214299   -0.091256417422248 
-1171.617797975980920  186.162261938667768    4.275179701139367   -0.177238052819160 
-4873.512259869532500  -18.372276663696027   -1.464155751084737    0.182792697672771 
-42886.122214895643992 1439.981553271867597   -4.528192390288645    0.272049944056014 
-51720.426365448904107  200.269397745350602   -1.354701992217461   -0.106949796022338 
 -80.273961768996742  150.688226008202008    7.674879481865712   -0.116332188818359 
9150.289806198643419 -165.931616674438544   -3.324262618044350    0.161133967576367 
22427.202087811514502 -296.052467336988911   10.907257803411992    0.367767661517172 
147112.709277523303172 -1893.378036287012947  -24.200431141045019   -0.215830113089878 
-30908.083109881099517  147.438728935425786   11.697614650515817    0.014466463626741 
-9589.570597330488454  204.472924039057204   -2.804210774323209    0.108547132425058 
-3454.408288541033016  158.897905811292844    9.979834657466437    0.434918748530619 
-9204.176236952080217 1090.898901986875444  -29.626701437923639   -0.420558224322533 
4407.592849118452250 -479.551828740093299    9.451904610657843    0.090749743189582 
 -55.380415177381607    9.942250774275237   -1.354360373783737    0.095969669071795 
-47962.345637813261419 -442.219962700727876   -6.454234191581250    0.874253559745463 
45234.101738787416252 -510.763188542190164    4.024015210170370   -0.264948487365705 
-10643.947446835403753  287.434177957421696   -1.691861373336560   -0.114286189922963 
-328.167065243202160    0.305243695763650   -0.759955435813856    0.040053388231695 
111931.404666638380149 -1437.216275056438008  -19.450763733023049    0.792615397010212 
-24630.341008712868643  427.634711399808680    3.449171708054358   -0.246588349991027 
-4277.961071297250783   66.621615150663445    0.756477379532789   -0.115760501074259 
-1482.112306479406698   -6.502701483134402   -0.802811608104924    0.034704284480861 
-18196.212429645536758 1430.233704170668489  -19.510390051484134    0.591415799753248 
2141.199130101057563 -203.343440121957599    5.364463795745475   -0.201288715534374 
 552.834666793895849  -42.970857324417238    0.958438468229785   -0.107106494745736 
 663.206983771669229  -44.471338748823150   -1.238094601409524    0.026451765888246 
3388.381305565336334 -804.574523337728124    6.103517061470985    0.941242631544088 
1133.825685404648993   59.632684782343787   -0.518921362130696   -0.175561043225768 
 381.716673420954521   24.926759642836934    0.219729829226378   -0.101956090691575 
-1799.701127772565087   36.981899368974901   -1.544705309731831   -0.053263568428125 
16751.035012062191527 -630.027694184607753  -18.530198920973088    0.825975218015568 
-2889.409200915885776  118.039829773578703    2.531913362644927   -0.161148583479172 
-1212.563922677360551   44.590259400396867    1.413414379648116   -0.088900926926072 
1541.939423879231526  -55.726711896245149   -1.866574593287254   -0.077995492916317 
-21660.539998908287089 1152.447364592702797    0.000000000000018    0.123582175044205 
3560.229915425236413 -189.421758810385512   -0.000000000000005   -0.051774709555469 
1587.042630378033209  -84.438481079770781   -0.000000000000000   -0.036778511517836 
-2036.481188549220178  108.350824998104997   -0.000000000000003   -0.145503942393984 
-76525.235478391638026 4437.151444112339959    0.000000000000000   -2.637151888855524 
-36236.766732617303205 2101.111101879541820    0.000000000000000    5.698560805250179 
37809.757121295071556 -2192.317571628560472    0.000000000000000   -2.169679693901204 
3752.140658498070479 -217.559818500244319    0.000000000000000   -0.303984158956525 
159975.281127056572586 -8874.302888224683556    0.000000000000000   -0.427114437081684 
44922.526143015493290 -4202.222203759085460    0.000000000000000    6.745073254504778 
-62490.986456775062834 4384.635143257120944    0.000000000000000   -3.261619872303267 
-5108.441916796849910  435.119637000488751    0.000000000000000   -0.412345424724150 
-201065.206557602359680 9677.343382125767675   31.041719026137393   -4.447214359120168 
9344.364411232651037 1007.250214132127894 -123.502393156522928    3.060710344800757 
40111.083832065916795 -2862.176161988195872   58.851009736491655   -0.319439644563164 
 697.431231562996345 -157.284431711710170   10.739785158587383   -0.057239920048728 
50159.824195974731992 -5000.124618652471327  144.851777479076219   -0.858828401770292 
-16648.957500534121209 1689.375242035382144  -57.885812809915102    0.786551465572417 
 975.903668587636275   65.874690276082987   -9.190972056821902   -0.004198283249480 
 725.603812568721878 -106.372964933013151    4.324249507780538    0.121011513684695 
16165.232007285918371  175.415366109514082  -21.087637525166901    0.249144196738953 
-6052.687966955967568  -28.480564475441739   -0.761564124319579    0.116684583977907 
-1272.984903574045347  166.569390447232252   -1.196369116531564   -0.202679990999595 
 603.461373495139014  -31.504450036054806   -0.417859577902784    0.173428413150128 
-74551.255977469452773 1007.926553359059085   -0.773558810740010    0.020612295142590 
35684.769597184880695 -340.194645853947634   -7.090501787621879    0.064597676090553 
5523.652792585968200  101.010530979734142    3.397095795713422   -0.180570395485622 
-4647.883443721701042   -0.426124387451068   -0.966002250417281    0.160023799618532 
192623.023134432092775 -1249.323155355501513   -3.209879980637893    0.038831502430880 
-67802.722196034970693  740.262480222305953   -3.052774138575705   -0.004931067001333 
-15020.667531954459264  268.254710754158566    7.123944965516568   -0.130317296696318 
8248.361941566410678 -141.153915112407901   -2.394914027201816    0.145452700958207 
-504443.473551003320608 6548.073858957761331   68.288085741115722    0.241280319153626 
155522.910060452704784 -2004.397711538386375  -20.110209464765493   -0.077917240020939 
6921.369307365887835 -339.783239542748788    6.158784574789498   -0.022251955512111 
-11110.641774526558947  192.740505863733233   -1.698837441690270    0.107701391075272 
32781.438835404936981 -3684.889915376292720   87.648601576964381    0.846473577713858 
-10499.579345154945258 1150.485616666108854  -25.884263441373722   -0.257463693623551 
1944.623401355071564 -199.378763908470148    2.513034000745672    0.005997003446321 
 345.006546071491925  -32.646085002403815   -0.616297642853699    0.101591615396177 
-77595.640953056950821 2019.562770446265631   -8.948540404992192   -0.069869048672965 
27248.222124607051228 -676.595674554960965    1.603677388327445    0.062896597538843 
-1583.656963911053026  139.014320070277506   -0.988399798524338   -0.139542676151320 
-1045.554112752929541   27.390130254819784   -0.921168795977446    0.023335320860113 
-39194.611935909822932  409.812964083606971    7.850887458949511   -0.060834838805500 
17343.935741276749468 -111.321391746361087   -3.844864691829265    0.050642423887802 
-5188.761729726791600  106.160780107345033    0.707015756560923   -0.140253741837162 
-2183.090493913174214    5.699729739100921   -0.692348400641037    0.017929355825255 
7903.171018908735277 -594.271542102680655    6.275738979145185    0.011683898288045 
-4682.380531016019631  332.994198942043568   -1.951932473561100    0.020492209373094 
 235.186991679525420  -26.764512471906528    1.385004883502835   -0.129706058015896 
 730.228076127083796  -50.226511962822556   -1.072576276641582    0.011073426848697 
-5547.889622581277763  376.373952653571337   -2.644786423928172   -0.185127077048986 
2404.468674991631360 -242.082761469303819    1.769897535920937    0.177404943603265 
 824.003468470491839    2.120500056966875    0.376101850950157   -0.101725603144388 
-1727.652585023065512   39.458070408159642   -1.513426295601140   -0.066912856550240 
-3126.202849281480667   90.583643126558059    5.373394957499630   -0.147656380973402 
3392.228928607440139 -118.220555545649631   -4.416911232719966    0.148592123276666 
-1149.711456715917848   44.567668678888097    1.177789645888735   -0.090470484451385 
1377.938780038185996  -49.539079971187704   -1.686528444307438   -0.090012822551251 
4549.863191658027972 -242.075121153392956    0.000000000000001    0.017394596467300 
-4562.472584165370790  242.746002911878008    0.000000000000001   -0.005431393913893 
1461.762296785517947  -77.772950567084280   -0.000000000000002   -0.043929274451506 
-1824.778009508817604   97.087173640691617    0.000000000000001   -0.150668864734884 
1492.636378333670109  -86.547315016469355    0.000000000000000   -3.922544887066140 
-64933.730037014080153 3765.042893421665212    0.000000000000000    4.709628846929351 
25163.445025091132266 -1459.048322215908001    0.000000000000000   -0.868655987378763 
7762.697467919077098 -450.103342572664815    0.000000000000000   -0.491304795395062 
12069.305304062112555  173.094630032938767    0.000000000000000   -3.965652004311522 
104913.256565661518835 -7530.085786843330425    0.000000000000000    6.584905340599139 
-43761.513618190401758 2918.096644431816912    0.000000000000000   -1.595372547915276 
-11905.449031957832631  900.206685145329402    0.000000000000000   -0.715490347045347 
-45370.771739027193689 1572.720129374887165   67.484879834586707   -3.009889806279773 
-66055.088047868048307 4636.253982429278949 -111.861748521721267    1.393004960130694 
33022.243377486469399 -2156.738137418019051   29.430492026711114    0.237274768553267 
5464.616922938928838 -480.417106071205808   16.227064840051096   -0.058032242026768 
18972.186707160963124 -1739.280299597422072   63.431996343868555   -1.090267141129036 
2160.976572956376458 -185.671489959292046   -3.566396255261587    0.464490814908558 
-835.093947359578124  253.837659285593929  -16.872498189968979    0.152182001810642 
 685.420216829093761  -81.508008887505540    2.553825803411697    0.131099195705871 
-2156.723342459754349  218.288580980136459   11.119522616954875   -0.194159812351354 
   9.274035776156950   37.300197815625665   -8.669428196257160    0.210113657755015 
-2028.411644971512942  167.671844614755258   -2.375243156603658   -0.161830210782980 
 381.337729828926058  -10.785676913146943   -0.620491948953066    0.150403220659089 
-57439.070798317094159  107.217096847355378   16.707381757743271    0.050143663423588 
7728.048605634443447   37.777811655694094   -7.380586341649476    0.072327286769024 
10950.255067938311186   63.208426704952956    1.588209779554513   -0.163454775128175 
-3545.460241523433069    8.853257193077184   -0.653665223436922    0.138502097260695 
33910.771090072958032 -1631.912903424132992    1.319225335921412    0.170636240051748 
4430.911479376545685  271.766296964005960   -4.256479131314929    0.009630746410246 
-22942.143871536703955  394.758307902446177    6.210288306780240   -0.129729836770204 
5687.577807818488509  -98.495559302468394   -1.558389799264673    0.129161833727457 
64407.381525748802233 -259.201890233051927  -24.198272703924466   -0.025376511374451 
-33643.392521173147543  451.129985570766166    5.497822688152957    0.012562879661671 
22156.308999775788834 -533.941705288700518    4.332236227712927   -0.030421250557020 
-8800.666300690556454  131.738093433879214   -1.109836225265427    0.104173690384278 
-8721.591627953939678 1047.343712018776387  -18.868949641819587   -0.180940823457157 
1793.460218121907246 -231.348101600000604    6.983962149987914    0.059963898019146 
 856.358510475942239  -84.486574525206606    0.150496339322446   -0.018690471004229 
 488.054791698230190  -46.789143346523943   -0.535421334076946    0.099971639320571 
-35786.420379124945612 -470.341556054201419   14.600005303935097    0.546308775689878 
-1850.143232789353533   80.740364362388419   -1.752025263544626    0.036695704286481 
1591.102897566172032   64.532406296205906   -1.006943282926487   -0.127093638423155 
-969.311748781265578   38.139571384711061   -1.037138929578872    0.006738782692053 
34400.516816208670207 -1212.743868454198946    2.961265451553979    0.612944744959759 
2645.956265310638628   42.358469784990305   -0.900781894723206    0.027829359335739 
-2690.025228903384232   97.540414862173918    0.113809933241865   -0.130444768934219 
-2637.238690608897741   18.030846451957952   -0.648713677312493    0.001070107924314 
7477.313160402177346 -331.474116467964279  -10.225286442959305    0.571219560139774 
-1718.691398925251178  110.142370653539018    0.401469643618332    0.024873671231111 
-564.946999563132749   28.627558727541228    1.191197029759990   -0.124035322940371 
 701.900135186205262  -49.529728269010732   -0.917692308409477   -0.004796819517991 
-7208.139576878344087  586.868699935894711    0.230331149657997    0.110102513045638 
 324.010066523654871 -100.942529224214766    0.778102626947878    0.107982289709895 
1165.063311159902923  -40.757661279722939    0.694601871308758   -0.066052198980243 
-1597.918050336613305   36.675695143599135   -1.443924513717841   -0.077218181021848 
-7762.960832840259172  215.553374482193817   14.008810813098943    0.250600341515839 
2219.902860126886026  -84.251689373190459   -2.401888123657604    0.093220980411640 
-448.194983124126679   19.258638064033086    0.325439726341539   -0.060243846490347 
1281.122560018183776  -45.638396388745917   -1.597824064556229   -0.099288272550565 
11474.541417593152801 -610.502093543445199   -0.000000000000004    0.672258682784169 
-2856.273887293612916  151.967832479355735    0.000000000000001    0.001091579761345 
 534.418987853143335  -28.433721143180016    0.000000000000001   -0.044471751220574 
-1704.459904992002294   90.685658144301357   -0.000000000000002   -0.156210915750002 
14282.261955726582528 -828.126288875483397    0.000000000000000   -1.085102717383577 
-64373.991395138938969 3732.587650290488455    0.000000000000000    3.238674514279547 
8999.979846072013970 -521.844504251889703    0.000000000000000    0.124881932772350 
9896.453869653556467 -573.824625364581152    0.000000000000000   -0.533960063566688 
-32352.241660705396498 1656.252577750967248    0.000000000000000   -1.497572324577575 
109439.246054684786941 -7465.175300580976909    0.000000000000000    5.097785838982317 
-16967.450790647118993 1043.689008503779405    0.000000000000000   -0.135036150467594 
-15712.795738471175355 1147.649250729162759    0.000000000000000   -0.819768183658816 
62565.294799369374232 -2095.497937165253461  -16.979132601689990   -0.891410563934485 
-83069.127450003245031 5226.024030944861806  -86.554918583751231    0.264296282775779 
14381.716440252565008 -923.953385746251570    4.628408638527050    0.444437423916576 
8471.671805824013063 -674.496185770315378   18.289842928665017   -0.012485884483458 
-32785.373743908894539 2471.677697540700137   -7.825607252076200   -1.643890195728661 
9275.546588141742177 -837.901602308325550   20.220602373689129    0.055640636985169 
 594.471447777685398  125.891022752141836  -14.790722425165541    0.217198433297358 
 651.853784524013463  -56.076450342571448    0.512929206036231    0.155250186905130 
-17454.567164909534768 -911.149404564314636   45.846674014942138   -0.323110500922614 
-799.497217646331592  119.158415683177395   -4.499607214899058    0.137303728123257 
-2127.189542705270469  187.229171302105584   -4.021372582998188   -0.118403037548196 
 123.718830738248471   11.182464139293458   -1.031139341483801    0.133078251830140 
85610.198012432636460 -1810.061491123689166   -0.867543933482577    0.107112089430510 
-13811.602943734165819   77.984222973448794   -1.115318182495780    0.091131160552870 
10189.810775675814511   77.678681033596320    0.526221714036359   -0.143022469212938 
-2168.113283721068001   17.553997230596451   -0.537829057585288    0.119298301068063 
-8027.735015531558929  782.028903503071660  -11.243073397654237    0.001992866606893 
17147.450638153695763 -340.201041820038427   -3.761769630344410    0.073619336429651 
-20244.848606845403992  386.203964795441493    5.208007211572824   -0.119323576415217 
2955.274790526960714  -48.091752314100290   -0.846034635359717    0.113429358450193 
-37265.578880927540013  457.065480007645021    5.476476683846769   -0.027051463645924 
-9490.624449017172083  353.929276733368624   -3.576529575818695    0.003046687896252 
16764.556878501985921 -433.309297500683385    4.572397866754707   -0.028470054612279 
-6431.010016819438533   71.538032605473404   -0.529665468673774    0.100517765560586 
2336.787829811192751 -298.891012072063461    6.546033984962105    0.019356718530458 
-1477.136642360830820  161.405790407040911   -0.091893965694427   -0.007888910777288 
 895.898957446077929  -93.229363424326635    1.012004862359132   -0.012181097598997 
 606.088062767530232  -58.919186062138124   -0.444338300337259    0.098218866305777 
20035.781839905142988  107.744452554554471   -4.541403942947977   -0.150529603751908 
-15270.050874960761575  -95.637719157938477    3.722976725430983    0.241561495170185 
-548.921365902648176   62.670236946762344   -0.760574350190685   -0.092311488491071 
-869.227726900806374   46.549054513230772   -1.161866599328320   -0.007507542403845 
-19157.452371166520606  523.394037260269670   -0.177004734913145   -0.170156439062222 
15546.150071388521610 -412.420480885326469    0.209692649609527    0.257683638695648 
-416.011936815946228   51.282663474631022    0.027423777602656   -0.094755644180296 
-2864.960268169684696   28.516609032045565   -0.642778431177243   -0.013603496747843 
-1653.075543898984279   32.619919242622906    4.570969296660259   -0.145431209706337 
1085.301036225577263  -14.160423021948915   -3.433012772491359    0.239081006283526 
-644.120794900593296   40.625302181490163    0.812254138650856   -0.091040988251041 
 619.031334399017055  -44.877719270333031   -0.782490979091847   -0.018796920569153 
3818.856514819256518 -170.406223724335774   -1.069874332827370   -0.017053187096205 
-2379.042274805724446  119.133233251745864    0.864476808069624    0.149270732102009 
 908.184285124644248  -38.483823276281555    0.899924300685946   -0.033895571253755 
-1461.300876763284577   31.149988394067712   -1.344491560731510   -0.083572438646870 
 444.374390962886991   26.315820089804191   -3.544066855029793   -0.066333592657559 
-691.207452188212301   -3.419173942367649    2.851415931254500    0.187196108480080 
-257.108057131792123    8.299780149588287    0.381630702291151   -0.025191710378882 
1244.622136440509166  -44.126496592662335   -1.567312642076353   -0.104872721750903 
-1383.361283261774361   73.601630672871636    0.000000000000000   -0.139102709892619 
1446.679144303818703  -76.970452599436257    0.000000000000004    0.253188585805409 
 358.219644979419627  -19.059048658190090   -0.000000000000000   -0.012686730524730 
-1659.875597293085093   88.313553482441733   -0.000000000000002   -0.160439823478990 
14504.741684294576771 -841.026298169541178    0.000000000000000   -0.105796935902080 
-59018.143161741441872 3422.040291962180618    0.000000000000000    2.831760995260705 
-6424.036973538036364  372.483988529694045    0.000000000000000    0.883686371464882 
10043.502777745790809 -582.350940518238531    0.000000000000000   -0.469864873929416 
-31735.070290359697537 1682.052596339082356    0.000000000000000   -0.524691724662944 
97307.155431920255069 -6844.080583924361235    0.000000000000000    4.536196217265724 
8875.849395178520354 -744.967977059388318    0.000000000000000    1.069211606563411 
-16186.926839691179339 1164.701881036477062    0.000000000000000   -0.759919744679607 
51983.214298025290191 -1998.127205463358223  -12.217938301054836    0.155668760677060 
-59607.141900239730603 4440.212304507890622  -92.922093309384962   -0.069982678699654 
-3452.817228527808311  284.326156185342768  -17.806217848114979    0.468726624426092 
9093.629085854303412 -712.426502913609283   17.482811037247110    0.045457386666801 
-25625.733094585888466 1796.571924732896377  -17.122352535551293   -0.575763356983708 
-3018.968565824093275   88.977534269436916   17.285999654160573   -0.560818186413079 
1376.543700567392762   32.275514247280725  -10.102397171684329    0.154051239618869 
 807.059197842366984  -48.604789531612155   -1.035248574184781    0.180058652981661 
39994.140195329215203 -847.516414805400586   15.519141051013818   -0.082040953873317 
-7344.959904487384847 -222.522611028441020   12.692895540704244    0.016137290277277 
-3145.246682971990595  174.308646883947688   -2.997211542272540   -0.099222910248130 
-188.762957619599547   34.668372116316618   -1.514572991905939    0.119792167691427 
-129392.227506610230193 1212.186107375006941   21.779317182483652    0.136940576968322 
18292.221310928001913 -600.788836197933847   -1.440647157551738    0.131298194089311 
10749.888071575054710   12.328104380535592    0.206726046530418   -0.115218799882665 
-942.985814764409952   24.947059493905186   -0.491172611677324    0.103053620099754 
93034.416164990994730 -2705.528812645821745    6.707595307883775    0.347204406330842 
14137.050007329407890  -46.940203006387989   -7.977922154464746    0.074366661407236 
-16334.286026160021720  337.811309192138310    3.740545738471680   -0.100825326685606 
 676.918460940222758   -3.604497790953758   -0.275770512117040    0.099668105847595 
-45098.544011680445692 1060.512582764121589  -15.489205522140484    0.173676626497428 
-23465.216529365032329  525.328831736236111   -1.522850819376165   -0.007097610970970 
12645.076756204212870 -323.402033941982836    3.934975317355350   -0.028976419996619 
-4556.515747774395095   23.797221382486811   -0.003302766428464    0.096953778342497 
-1200.360590229981653  145.659301190094709   -7.333211942894382    0.103487013728994 
-600.841206181632629   49.321660880017070    2.362868778666360   -0.000630141328366 
 636.151726378270041  -66.888432013444373    1.295876713980624   -0.013245979112204 
 699.559211141502033  -68.634662523022158   -0.306488313129463    0.096610770965887 
48244.604206152507686  -63.221102970126665   -2.551392129031020   -0.066058656986349 
-7756.632684996271564  -55.233549449980458    2.019950246825492    0.185112893763219 
-3427.256810897278228   43.811328370772451   -0.042708478658627   -0.038977189874396 
-1137.305056153833902   53.098933153628892   -1.207636811343367   -0.015566083235523 
-43294.482650013022067  937.630766091438886    3.495256748847368   -0.070771794139676 
8362.105432200985888 -216.147716912723808    0.143315874017110    0.193874974047315 
2572.520001132751077  -27.288361250125391    0.071549843055985   -0.038310817587425 
-2711.470064568665748   29.505125931565175   -0.636419723699640   -0.021753982210803 
 -37.122990893965948 -171.483907714044392   10.037620201064943    0.000488300880781 
 465.397707263465236   -1.927953305966099   -1.718899286243745    0.184544302643649 
-450.283451964463495   38.614255140500823    0.168265131308967   -0.038087824635144 
 552.245400555789729  -39.957102327593958   -0.725672361923128   -0.026725448708811 
6539.133787414500148 -176.043250258561500   -4.189819619587867    0.121463651653539 
-946.971081748499273   55.230899355120087    0.463273933259353    0.142875786940933 
 492.432615555365260  -16.688306700423325    1.065893143352069    0.002622743626613 
-1377.491672536036731   27.868142598379443   -1.220583171325982   -0.085510336870542 
-1843.070528181443933  160.809354295281508   -4.451402560058750    0.030720617093402 
-524.567055577138490    6.449258591309331    1.522390860618331    0.162321011233495 
-409.079870602460119    8.678540730705940    0.928356551275254    0.018497929585315 
1202.551431590944958  -43.091050580700397   -1.481977435940337   -0.105226304151422 
 663.688528005901617  -35.311497084069117    0.000000000000003   -0.007101055075449 
 927.918663080663464  -49.369841097109919    0.000000000000002    0.201025069595677 
 655.044370902479386  -34.851585370258320   -0.000000000000001    0.044089976400406 
-1595.195657547285009   84.872262263209876    0.000000000000002   -0.158341278121630 
74328.767490621408797 -4309.793964674944618    0.000000000000000   -5.536432731378373 
-53578.865030131026288 3106.655430148606229    0.000000000000000    2.792087144297428 
-20498.662997522089427 1188.570953793542003    0.000000000000000    1.586667388909648 
8346.669242753465369 -483.963691878730231    0.000000000000000   -0.315364446585791 
-114889.983923741339822 8619.587929349889237    0.000000000000000   -7.683036513405909 
85406.504073035452166 -6213.310860297210638    0.000000000000000    4.339436820517125 
31715.056833297963749 -2377.141907587084006    0.000000000000000    2.178665736286267 
-13619.003920830971765  967.927383757460234    0.000000000000000   -0.556415016489136 
54414.618314989944338 -4703.710062336002011  151.369179277638295   -1.439425215857298 
-40113.436538480280433 3690.914602459134585  -97.503820172280626   -0.011606893445755 
-15917.889533367799231 1300.717019556220521  -41.609457033323153    0.458527927907916 
7832.195055522910479 -611.410008330676192   13.781262937529350    0.103258775913578 
4926.567240943916659 -731.521970887077259   19.114498304143552    0.242771069178181 
-12628.618476293811909  762.692006044273853   10.865117453328821   -0.776729445281970 
-579.404679697344704  138.734206786494525   -6.583507533248154   -0.013142214343012 
 881.905516621926495  -39.671146737248151   -2.061396570845061    0.189427735964706 
14408.019985996623291 -223.193918469981156  -13.721676454297059    0.235291610277636 
7652.842668761129971 -540.341266580466595   18.512573434834422   -0.014628067425217 
-3106.761337437776547   78.950662182834250    0.903472079669793   -0.099034257391622 
-618.570236429711258   51.324731681823906   -1.660587119501240    0.107481212832959 
17647.870338626464218  518.820660662007981   -8.646740113264388    0.006850885776166 
-30229.864004051083612 -146.219045932303629    6.726596785879663    0.182650910452432 
9257.682734934696782  -81.047880885744291    0.867469750071405   -0.075975161814948 
 433.846957816880604   19.468297966846222   -0.445304238825728    0.090970266461457 
-61223.232293144028517 1053.159749373482555    7.218641254824049   -0.009427096259735 
49024.956069201231003 -1061.513507748576103   -5.462573914008325    0.204568313781302 
-8439.035266593717097  199.254595347768401    2.060483729912545   -0.065958454787039 
-962.268041893010377   32.604239223889749    0.080243443614119    0.088905052702498 
76989.826502386102220 -1425.162109151199502    2.199078445477898    0.129316281964312 
-40377.170533745324065  923.021050272784464   -7.331302890178872    0.058031123965566 
4664.778373315431963 -142.358298690855605    2.828206103660974   -0.022609730872295 
-3430.608255293011553   -6.348456226171123    0.434522249652771    0.093560037832626 
-928.990260606259767  136.626568666880303   -6.513848571497259    0.102826667914428 
-1050.976427517877710  103.943898826302828   -0.387085699919039    0.038177488820006 
 429.674522165831434  -47.730237050154422    1.542849598824040   -0.008552560675749 
 767.345578814404917  -75.940574750815543   -0.121906578791189    0.095147300692295 
-14245.288715715305443  -25.031405341718887   -0.040781781564410    0.003377880623825 
10335.093892310927913  -78.941463063778045    1.063178198438861    0.160340897393339 
-3104.949159982946185   27.039451806552641    0.342682576999417    0.004204534020174 
-1592.681800628918609   57.588846273080961   -1.186396836321060   -0.017674863819199 
17755.792893060322967 -320.555103194484730   -2.430554404377292   -0.002811644299927 
-7873.325561553908301  135.463820371565703    1.454037154834873    0.167335551244936 
2633.617484963638162  -37.373848317770168    0.271218971662482    0.006840498074106 
-2343.806703474738242   24.548082788560535   -0.618410009448532   -0.023651764100171 
-1075.029314211521751  134.311411828726676   -4.020946515594722   -0.035885445580630 
 451.476585678231800  -66.234418698733009    2.045208289155608    0.184727415473942 
-335.674165346751863   30.093958639913467    0.209053756672950    0.008071140129555 
 503.159302394633755  -35.495374212691068   -0.711892294901860   -0.028601968346739 
-864.222823532642906    2.279299898748611    1.570950654398468   -0.049154585737117 
1505.204088531942034  -10.785319491840269   -1.107908424086100    0.188424656311010 
 562.211741403295264  -11.132609217513370    0.985313831998726    0.044035299033105 
-1317.962273065392765   26.301252590089042   -1.088291114644304   -0.082712826051628 
 559.485215969006049  -42.239701927172248    0.884786098057160   -0.025883003340185 
-1215.718503645188321   66.752766452040191   -0.146885099403695    0.173841242643521 
-626.615565505249833   17.828793861124581    1.100294771427083    0.060518211319942 
1139.620340396890242  -41.591382553764959   -1.350839655458884   -0.100317795947473 
-325.064539794440350   17.295033836992232    0.000000000000000   -0.022674957705259 
1176.801861082888990  -62.611652503636435   -0.000000000000001    0.198362173942384 
 918.134436422922136  -48.849272070351546   -0.000000000000000    0.094013381842663 
-1497.520115417578836   79.675442557042928    0.000000000000004   -0.149702883607341 
131867.941582151106559 -7646.079411132067435    0.000000000000000   -8.794774934245748 
-25705.577221147887030 1490.482693395494607    0.000000000000000    0.715924870030532 
-30409.218278931959503 1763.213219236554551    0.000000000000000    2.025168890700644 
5092.339975972525281 -295.268397895721023    0.000000000000000   -0.084218006520911 
-203939.918285327468766 15292.158822264138507    0.000000000000000  -12.603101530864592 
42322.760101632266014 -2980.965386790990124    0.000000000000000    1.458298127989899 
47681.214855131453078 -3526.426438473110011    0.000000000000000    2.903382604849646 
-8544.539690378602245  590.536795791442273    0.000000000000000   -0.231284029823018 
84700.154983567743329 -8357.877594478763058  268.046270587755089   -1.532651141934439 
-19707.954670358914882 1927.023329083125645  -40.740377943166067   -0.551391349392243 
-23395.563434472711378 2002.959260999003618  -58.889981797754011    0.388153147553166 
5321.964969334645502 -400.336773938224610    7.352226546448707    0.157582031817256 
30021.878885961097694 -2174.889320592012609   11.754042472000517    1.261373199078668 
-10781.155760939858737  488.371266961620620   18.033054317382650   -0.685690294340152 
-3505.626459351552057  295.117115912231270   -2.971236061909219   -0.195944681795777 
 621.779969610136050  -11.841062143883391   -2.677234547792537    0.176122723833787 
-17854.050533481415187  922.797664611620462  -31.309973627118890    0.314351823562706 
13055.850163509903723 -624.038986006710047   13.366944764473024    0.073606286428896 
-518.174733403903360  -66.596869390562716    4.888411854583224   -0.091661980016162 
-859.199072874890589   52.314806542346716   -1.285194298948028    0.095332921031811 
45088.545515839250584    3.312141598855419  -15.411722080337732   -0.041515501004524 
-23611.912627066274581   48.338701815950685    3.484069243405528    0.185219992618495 
2527.460656045036103  -93.282923900288580    2.143803003732053   -0.029991298931082 
1153.184171375551159    8.065961866291474   -0.248655609571152    0.084340672346690 
-52448.535840941942297 1368.495127419370874   -1.566609668282491   -0.150369742651545 
26066.243959272287611 -666.578601733522191   -2.755583443449301    0.201033152683902 
 947.364736965466363  -16.756918337493744    1.033214060230342   -0.015258271478888 
-1370.709137208502398   42.981867719284480    0.266550101147635    0.083838213459568 
38228.984445631802373 -754.626242583461703    6.716545917016308   -0.051198348255398 
-11505.985595350583026  388.585259341085703   -6.506648473124669    0.106524729702183 
-1820.616142821551421   21.592490010878038    1.098462183248032   -0.002040249163826 
-3328.033493330874080  -12.504559396451810    0.677791480040171    0.091893128648762 
-845.789755442355272   20.873557637815676    1.754995853726625   -0.028466264446226 
-1399.347775245224511  155.178862076382927   -2.829778914230514    0.076737489287917 
 123.383996820443571  -15.339891937318701    1.140741522055346    0.005811811587742 
 802.818953302420255  -80.015882195996369    0.052179046509375    0.094875587206410 
14014.641968566098512 -126.306304304774216   -4.360620546535531   -0.021502971370835 
4993.110623917666089  -88.328240066922547    1.047885030352210    0.161607602627273 
-1188.923595454369206    6.130738915215055    0.606565480598301    0.044448096522750 
-1847.137433082310054   59.686427924970459   -1.127029006762644   -0.014637373121813 
-2819.328543274293224  164.432542852754352   -4.096972982634029   -0.053062749338784 
-1214.903226656281731   15.255656673633553    0.542579253193390    0.166281184632464 
1497.588886437365090  -18.533913687120219    0.520796022666015    0.048542590058781 
-2102.945946759306025   21.366889756218242   -0.566535484017476   -0.020187575345479 
-703.547127982094707   92.207204513407902   -1.905447317292642   -0.077813229217314 
  48.340592848917368  -15.867639262960836    0.537353345807584    0.171270373381206 
-273.197018030858999   19.831201394701793    0.531873961043349    0.052570863736448 
 466.154686748192830  -32.506215198641613   -0.661657606962956   -0.024776798724664 
-6392.158003589102918    5.799502024032449    2.106856433056925   -0.049553815064018 
1181.120529707177411   -9.930582029809031   -0.518801928686670    0.169991686659590 
 898.002318683188150  -13.722096907719610    0.781975037902130    0.088837341904430 
-1225.854926708881521   24.745607578454610   -0.979369691773936   -0.074360283467898 
6966.991182317561652 -323.481889400142563   -3.348103560496850   -0.044029334703285 
-1005.911547656795847   50.912878229349843    0.184909687367740    0.164135116390952 
-904.319321917999332   32.536999446298438    1.105047844922589    0.102765256199251 
1043.390537651717295  -38.402270763137764   -1.213869790860914   -0.090087302857074 
-7854.058352877284960  417.874570559502672    0.000000000000002   -0.258860092148588 
1054.902658659956387  -56.126014814763479    0.000000000000003    0.189859064802911 
1197.097501390778461  -63.691480485151587    0.000000000000001    0.142541036685825 
-1365.000673464578995   72.624755840842539    0.000000000000003   -0.134896088935927 
91491.752860906752176 -5304.952814497029976    0.000000000000000   -5.227313746103960 
23744.900872158577840 -1376.797085779018971    0.000000000000000   -2.582115730311612 
-30654.302822555611783 1777.423920188613010    0.000000000000000    1.791895033165508 
1147.092620428233431  -66.511702256714472    0.000000000000000    0.162937136117448 
-143426.448052975669270 10609.905628994063591    0.000000000000000   -7.869582000321032 
-34154.709255365240097 2753.594171558038852    0.000000000000000   -3.267864946084305 
48702.221210914794938 -3554.847840377227840    0.000000000000000    2.677186752587843 
-2321.414859800196155  133.023404513428886    0.000000000000000    0.129809271355560 
64572.461758430188638 -6022.643545764527516  177.321693947361695   -0.300241573712868 
12054.603448478850623 -1207.180768846398678   59.776973527241729   -1.126135527617656 
-24352.232337207711680 2092.939581028593238  -56.510407349744511    0.178462287926928 
2255.012738503479341 -136.181106473141682   -0.122061711390804    0.194492226165558 
16676.099778085557773 -1308.947638763753275   -1.076808124109549    1.378875092935251 
 477.048821295512880 -327.212228260381778   22.440820244382838   -0.212675344685652 
-4793.639826807088866  315.261995749885784    2.087998258311468   -0.308240386674002 
  73.757585625649199   28.431547687139584   -2.743915467618959    0.143379347289701 
7811.722275578260451  411.708734634945699  -31.936138930770795    0.471922771172457 
6360.581213454415774 -277.989861777354349    1.625704654303456    0.191488220264911 
1908.879188716631916 -179.350475363570553    6.762493031930281   -0.058525166679436 
-754.844448193741300   36.041927900866099   -0.526436597420700    0.085639240160638 
-26077.905338113974722  814.013272124677201  -10.894533864922748    0.084532493896110 
-6703.708058626558341   49.580754915521936   -2.295326536721127    0.169651679741798 
-1261.991929666569376  -81.042991808854566    2.292395842067604    0.014367660113955 
1188.244184043889618   -2.832642378810135    0.043657328135406    0.083404737402069 
1727.080554665035152   24.431078551260033   -2.432444073935660    0.030685084178081 
6398.043018919034694 -153.392928951257431   -3.343062069055231    0.144644499189572 
5005.400609239385631 -119.253359673091282    0.270883371167275    0.027951435005296 
-947.442029788524451   33.144804320752371    0.349586082864168    0.084778381631777 
-6567.849716849627839   94.343452167290209   -0.829776237504131    0.006554422285607 
2829.883571761373332  105.600418372286811   -3.987943754243548    0.087325349106409 
-2905.128895770207237   83.365699725049666   -0.213361845172996    0.022191010687248 
-3660.725550865550758   -5.207732847933329    0.726551124297775    0.093202549630944 
 611.227617282262145  -38.889648768046030   -0.454804087609299    0.003226635450565 
-1716.518933536110126  163.006446190563821   -2.171655469083028    0.066062640120582 
-266.099341777223060   24.433271596049650    0.515562224141153    0.023661827763804 
 794.725210800670652  -79.467930300956368    0.153984167508252    0.096745488752255 
-11385.403129757287388   67.472949913527742    1.203167565269208   -0.034713037926051 
10248.601362129997142 -135.693104181213187   -0.587347674598631    0.153543988363210 
 716.290402801592791  -21.871929115801898    0.664132650067499    0.083842045396561 
-1890.363181420536876   58.825949537731425   -1.043351955093555   -0.006598240256376 
7151.020881979454316 -168.721380829552032    0.503022385034172   -0.026931357090206 
-2272.151430384153173   76.917860243417067   -0.993785615294387    0.146382653630420 
1061.707054307304134   -7.012224072488834    0.464395227403393    0.087625569841642 
-1940.236699932221654   19.609677491113018   -0.500960080709785   -0.011625246260552 
-408.792667085079984   14.472913395152261   -0.814152677251726   -0.030486189945078 
-215.489580144370962   18.710062429567415   -0.177189398177167    0.142090412424713 
-294.090641442790002   20.186504290527523    0.576894454497154    0.091740961962188 
 431.386265773259652  -30.095154691472395   -0.590498792595881   -0.015681320136842 
4612.971321611265921  -35.733865585864066   -1.684556359046787   -0.067609114634211 
-1215.938721638715151   -7.755768770797047    0.271269233709669    0.151409006010583 
 893.650044691743460  -15.932890757795306    0.751033451030005    0.129012428488202 
-1107.634312197568306   22.886507273164575   -0.885614138201085   -0.060696280420835 
-4104.303662012124732  201.895682139191621    1.168626876073868   -0.083716053480658 
1606.710145712270787  -70.392830295702666   -1.070629147818573    0.147624115877219 
-829.219497161064737   30.102005438004255    0.994332912366235    0.141735160232772 
 928.240659132792644  -34.171432675251538   -1.079388861147064   -0.074763029432902 
4413.926861434622879 -234.842639159580159    0.000000000000001    0.028587517731985 
-1890.369223669005123  100.576949145048943    0.000000000000004    0.092786530247190 
1092.664180764649473  -58.135113693865961   -0.000000000000002    0.177871736067088 
-1214.220589469628976   64.602513069341782   -0.000000000000003   -0.114617497580131 
12790.249879707946093 -741.615172688085181    0.000000000000000    1.160644922833252 
58054.308194998768158 -3366.154391215415217    0.000000000000000   -4.542358385100603 
-20429.401689160953538 1184.554985564310073    0.000000000000000    0.901335768738981 
-2134.986326457280029  123.792597335750486    0.000000000000000    0.336368859816658 
-25254.568484067400277 1483.230345376170817    0.000000000000000    0.791264403126362 
-87939.627275231396197 6732.308782430830433    0.000000000000000   -6.218958196204705 
33440.429144590249052 -2369.109971128620145    0.000000000000000    1.491333859801718 
2952.565678095603289 -247.585194671500972    0.000000000000000    0.398026948302096 
16566.955243115779012 -1445.433495224634498    1.461046125802952    1.548851136331780 
36269.276607890351443 -3465.672098508108320  126.272608757502596   -1.238726117759982 
-18311.747330161579157 1508.832972609281569  -33.254209564151495   -0.117145417745276 
-474.545035393067565   94.811165966886193   -5.905515985254775    0.198617735213740 
14056.279911870879005 -236.069828510399418  -39.454720538269562    0.967262435290267 
6730.586238077586131 -818.067592796788404   22.037017197841724    0.304402815165067 
-3892.685444385449955  172.102018117739334    7.647727938589543   -0.296774452864075 
-485.422997513420910   60.170067732346375   -2.134381009878946    0.104219362110627 
-41674.488986736985680 1214.270954915479933   -5.810802495623641   -0.097101563030906 
9289.977066796271174 -123.599086289249641  -10.350347444735590    0.368459259454582 
3865.198973747965738 -229.549093871896048    5.671912683126264    0.011468268285500 
-401.593198074448082   10.083645512482477    0.281901395444915    0.082237321929794 
53347.694945810268109 -931.969710775501198   -0.964621015620340   -0.049842762509043 
-16482.922560419407091  354.835731962276611   -6.380776736067143    0.201351364952839 
-4160.320757047302322  -30.490930949129876    1.207882932969069    0.060743040700785 
 874.816345556026135  -10.598447387243368    0.273063944802662    0.088016604939420 
-20354.269066997312621  683.282336935350827   -3.474525084535094   -0.099665833650812 
7045.698226918526416 -144.231274494537445   -4.255228596781107    0.156151405756353 
6685.868264969063603 -156.456385103815279   -0.678902962062267    0.065550923123537 
-218.424327254663694   15.889086797048037    0.326460292099184    0.090592313112312 
-3458.029924986924016 -140.660275266147522    3.847271266200371   -0.072148379981499 
 366.939927942658869  140.979212935022446   -4.299109843307611    0.089783257463511 
-2505.525958307187921  114.188153638463035   -1.249243544866889    0.044329586508488 
-3992.477563506277875    7.047250709779036    0.635948615777220    0.097353686152665 
2700.303722150649264 -210.808660185982376    1.470679323554125   -0.053634132663199 
-1487.308577055255455  148.422827902546175   -2.342207001936520    0.067272628414544 
-666.577780601144582   63.361930857688449   -0.048670584736290    0.040328736330695 
 735.835988682020684  -73.942751974972694    0.183609039587862    0.100741747996979 
-31001.678310069859435  259.083918285053016    4.270881058695673   -0.150612464675753 
5979.075188470964349 -110.390747963639697   -0.136159837622669    0.140526599140940 
2744.749971626719343  -52.632410633908606    0.573694211039836    0.120600868834579 
-1662.929600274863787   54.103536750724594   -0.967162744599805    0.006213341334170 
5879.517635812993831 -384.057178864248954    3.406675803748523   -0.118941129318641 
 409.481400358114115   13.647342432334597   -0.805152220906562    0.136283394721592 
 828.873300554051639    4.308426261980230    0.239527997878273    0.122958825885643 
-1829.058846583444847   19.605457101422601   -0.457456111927565    0.001562578625812 
3817.877386578719324 -233.436155453628430   -1.866289526926061   -0.114194755142859 
-368.786830301248756   24.137404952748284   -0.482496652146569    0.130658091195308 
-367.125192748495579   25.542437713317156    0.494433698206687    0.125834524914691 
 390.459487725254803  -27.251229520719555   -0.522745712078013   -0.002053080537169 
-5038.265448642466254  235.464931964078005   -1.783233296499757   -0.319879104242625 
 513.925523965451248  -21.155968365493912   -0.360439400932843    0.126055588022753 
 805.898394982594255  -19.546857899831949    0.739887180127105    0.163695502742369 
-1005.917389524183136   20.703919335174060   -0.790786524184384   -0.042336010192914 
 -36.793300734701916  -24.072935585790219    1.846602442035557   -0.306581046846196 
  67.596272457725263    5.318050506493293   -0.632394069290816    0.116230595821972 
-619.931194889816652   21.967657964353208    0.781455010227555    0.174716999195171 
 841.676849924547241  -31.114242464693248   -0.969543353168619   -0.054903015510178 
 526.043520689690581  -27.988105056958631   -0.000000000000004   -0.273010642831856 
-235.146650631006480   12.510959460205626    0.000000000000002    0.103506849396686 
 826.974696477149450  -43.999125118209164   -0.000000000000005    0.202408408522572 
-1098.553635092638842   58.448461658391466    0.000000000000000   -0.090877906041062 
-51108.971593573231075 2963.443963234262355    0.000000000000000    5.629021002921579 
62850.651899889286142 -3644.260080973449476    0.000000000000000   -4.107116539038133 
-5316.281677299954026  308.253176540702270    0.000000000000000   -0.179848596778361 
-3756.582015259239142  217.817341034391973    0.000000000000000    0.380328365756742 
72572.499264352896716 -5926.887926468524711    0.000000000000000    7.105040522983515 
-97410.090456756690401 7288.520161946898952    0.000000000000000   -5.922234045032319 
10271.714428091745503 -616.506353081404541    0.000000000000000   -0.026315170352910 
5709.237315923449387 -435.634682068783945    0.000000000000000    0.488817897248968 
-18461.149085345696221 2489.033119722632364 -132.891085535728706    2.440689434833730 
42481.884824058783124 -4007.709659217348417  126.820501054678729   -0.657906941635563 
-8467.852151167940974  574.660252893599591   -1.617570837628838   -0.354224550169720 
-2164.448670205768394  226.441048708496538   -8.086429063223274    0.167644562281229 
-10397.822466257044653 1141.396054131520941  -44.552400222927695    0.414823172595793 
12001.691205029183038 -906.593778488188718    7.241496995990598    0.667126228398919 
-1551.150763997105059  -43.480653292882778   11.307542212818586   -0.175333322418577 
-839.389596388767018   68.439439975804589   -0.911146624890284    0.073768033933498 
9197.087205085299502   68.538507455982028   -2.938320941896876   -0.190348568987146 
-6337.956303230119374  331.752521804056300  -12.529398380594472    0.332046173317993 
4234.201569193737669 -203.529914432545326    2.811944454960008    0.099031447382072 
 145.317079010516863  -18.169603985954765    0.817817078387439    0.089238379904164 
-30351.328305168903171  542.189487837345951    7.545864875727450   -0.174064216887082 
3522.463044259500748    5.347090421463406   -6.742509616924774    0.182660329011948 
-5780.378196567298801   14.531921848837726   -0.432527861154919    0.108744502446383 
 201.425302609597566  -10.685758785332439    0.322465649501613    0.098658250958880 
4642.148915021742141 -376.782648549564158    9.215251192145681   -0.073881338494976 
-587.152673205528799  111.999601856220238   -5.558175503481763    0.118776718137298 
7493.186459183203624 -160.485344183605321   -1.905578474595127    0.099916938610243 
 687.643808890591572   -4.587039190579219    0.168323293210963    0.101031384386347 
8665.642388097952789 -188.868049863578818    1.582721090638064   -0.006733154452830 
-929.821293927361467   88.231609710215679   -2.856383118482469    0.062727614970449 
-2575.886129055287711  142.839506469118078   -2.143680165090650    0.063393445562733 
-4306.688836617807283   23.248843016567378    0.420133783058975    0.104156833059442 
-124.480999228560336  -13.079860922376824    0.217172875144310   -0.001987413773736 
-474.694681248764994   69.369580332803054   -1.790702255603728    0.047159828665844 
-911.828187889146648   90.585981887107067   -0.565284241928821    0.054632793465743 
 634.548600297714870  -64.115139596210099    0.143800652644384    0.106729220691935 
3872.418217875074333  -34.741386334626448   -2.556694004466968   -0.057692314317625 
-5646.554177805377549  -13.234278606745050    1.465420559388205    0.084046924887533 
2786.315097959937702  -68.085538955206616    0.739851801260529    0.148672559338138 
-1286.962956951020260   46.305653262454641   -0.889236901114915    0.023190013079999 
5218.259062178654858   45.593338655284072   -2.481651437933269   -0.075752952298958 
2614.300513788105491 -130.374099641761916    0.472351205499107    0.091680471227102 
1206.846039822309649  -10.282418389197801    0.197927870952345    0.151454309129230 
-1707.568104251146224   19.607138432206114   -0.433441951965250    0.018829553010842 
-2741.754326567353473  179.274291592575764   -0.561437643888451   -0.090370552721886 
1062.917189665784917  -63.401153342362548   -1.182355224743897    0.087835058016736 
-280.358897827930150   20.634469164615325    0.286327213595385    0.153146168566196 
 346.263336178897248  -24.137207845288593   -0.472125606724245    0.015494731120956 
5215.215354913379997 -157.460353076486427    0.331604785657577   -0.001013480334060 
-1375.424019275482578   67.143381121036853   -1.029151887120249    0.006100923931767 
 698.211083068839798  -13.798431305389258    0.566188269120468    0.180215066736685 
-906.990366043778636   18.389892537226562   -0.707415369840298   -0.020529217662736 
-1967.263574899699961  111.192794683374501   -0.462860661792716   -0.015342318732185 
  53.798784682177747   -3.709300338176889    0.060081846472566    0.001262703254647 
-604.756812747324147   22.168751735392703    0.709915982375268    0.189403661579749 
 765.169780404974745  -28.332208132301140   -0.878135988828243   -0.031846078658185 
1844.630421473903425  -98.143419692319355   -0.000000000000001    0.020343776789083 
 -37.880330372325574    2.015420063843642    0.000000000000000    0.001127858334740 
 792.846323851722673  -42.183327677702579    0.000000000000004    0.215487746989000 
-997.828535697758070   53.089390492491681   -0.000000000000000   -0.064492784365699 
-100620.842575215327088 5834.283477199969639    0.000000000000000    7.962950098746886 
43684.787552299290837 -2532.968594760598535    0.000000000000000   -1.996233662942541 
8000.648254223618096 -463.900407926053674    0.000000000000000   -0.942767372025945 
-3538.897999129660093  205.195400827461413    0.000000000000000    0.304667776883308 
153209.305376898351824 -11668.566954399939277    0.000000000000000   10.868865110051331 
-70195.403232624332304 5065.937189521198889    0.000000000000000   -3.257843848913499 
-10678.972283080891430  927.800815852107803    0.000000000000000   -1.173824907096137 
5612.912118673782970 -410.390801654922939    0.000000000000000    0.406870626272677 
-65743.995131661620690 6098.458167568128374 -215.313864268408309    2.282699078314966 
35558.953917054124759 -3074.322239321359575   76.986343978780440    0.257351596427086 
1287.252691471174330 -310.593734423739022   23.858284791553558   -0.404293968320779 
-2595.207670533158307  240.514509706883700   -6.566607990384496    0.117853669099368 
-9276.692496351608497 1299.242026152643803  -35.306741651064613   -0.292864931532088 
8102.507780182781062 -478.570258188868365   -9.465653087607279    0.822684918122341 
 961.874109154390908 -216.626157877514856   11.029522701366499    0.010893070896580 
-866.065263814232821   51.068119693541938    0.528428135588987    0.063085417458885 
-31265.533711170624883  342.063772225228718   21.143773762345027   -0.347711581017571 
-2889.048601323039293  357.454462100048602  -13.631268733805822    0.260665459947813 
3080.825956124582262 -117.379041444532106   -0.458138934340027    0.173120401540298 
 593.524768869197032  -38.293345864459567    0.967799377471009    0.106433757736214 
74121.184316326369299 -1268.114577095442428    5.246535074020588   -0.042108857652247 
-7859.285070179168542  208.668148360471776   -3.912810288526955    0.117386247679293 
-6322.480949807219076   41.283826696579069   -1.764442849336389    0.146250324532788 
-525.363424990791827   -7.726756422960023    0.177785971428203    0.114765412231882 
-46257.063574988642358  976.113498125310798    2.299482777325713   -0.042129143256616 
1153.653169927877116  -29.293891349872354   -2.102456306427128    0.091071216201683 
7563.999021273470134 -150.147130370311004   -2.863157450833738    0.126147930402616 
1624.184552869307481  -23.633617044974756   -0.138721970870670    0.115232588444275 
32963.994190311124839 -896.376526905562400    3.375402659940741    0.052978472813806 
2319.794601609158690   17.406091011377789   -2.262862709493216    0.060202682050638 
-2402.139465595042566  156.044219059316873   -2.783585893587609    0.078759732690369 
-4626.277977678087154   42.113517317039509    0.110634028326507    0.113047982046406 
2697.814809782292286 -227.680476519044191   -4.225339675871902    0.045009079679129 
-521.375055959478914   64.464632486911540   -1.709262427424607    0.046414548500693 
-1036.336905040176134  107.315258489571391   -1.002779827307363    0.066329590611560 
 512.909845465441208  -51.733538770985689    0.045584565431239    0.114291310530530 
15873.326833118357172  241.778994579380253   -3.407556482368259   -0.439618419498561 
-4194.397346101836774  -26.262298482230847    0.506660307713035    0.062412307018422 
1556.196157471487822  -73.022611091328486    0.986361909648191    0.166979963326383 
-1019.337661902450236   37.520321019638601   -0.778851772694383    0.042974635897233 
-27015.644971013171016  571.076935573281844    2.213440866162266   -0.446371591012310 
4571.147662104744086 -113.276597646023220   -0.458268083725882    0.063273114114991 
2105.027061808961662  -40.738755550171845    0.199688261174000    0.170823507296992 
-1505.671991514599313   16.373790316214965   -0.406167455974997    0.039045894029960 
 626.138180500738144 -121.007746484028701    6.056719973124681   -0.402649759456095 
  34.759317203058139    3.826706004851415   -1.392894341202035    0.053946100746027 
-143.149334469327641   13.187663247426684   -0.035578982147859    0.170868813411542 
 322.471566119857187  -22.198397119919331   -0.455905563309664    0.035833919987457 
-1357.616807091979354  -44.107195737521039   -0.702932762080670   -0.314541201953119 
 580.281738816917482    8.095748717356290   -0.904800092498632    0.005720868806493 
 598.818298011532534   -4.393540075590295    0.324444271668106    0.181692790828967 
-831.019013471287622   17.406664201966599   -0.652074668839506    0.002091013162006 
3049.188016514508490 -114.042568268845685   -3.418540142049562   -0.346489632287888 
-683.925055905126555   37.987997668084347   -0.113490901699718   -0.004490666269923 
-683.522596650203013   26.453588901631548    0.703239850471876    0.189000166202840 
 686.573473152492170  -25.401898556045097   -0.789361736910264   -0.008180856688636 
-3954.917088647132005  210.421059503768163    0.000000000000004   -0.475152902578770 
 653.856077680300587  -34.788362320771469    0.000000000000001    0.008756774630643 
 869.843292265234140  -46.279945459819231   -0.000000000000003    0.216723326109673 
-895.711831586418725   47.656279104689830   -0.000000000000000   -0.037499459266552 
-67575.675935148698045 3918.230452844266438    0.000000000000000    4.325025839193042 
5951.971586593610482 -345.112290810614695    0.000000000000000    0.989872624087538 
14205.243146585222348 -823.660518622455129    0.000000000000000   -1.068562501882819 
-2052.767245001750325  119.025300459976592    0.000000000000000    0.171183341308203 
105859.617564566171495 -7836.460905688534694    0.000000000000000    6.276601338595214 
-12741.913716287599527  690.224581621229390    0.000000000000000    0.817980567355743 
-21046.136901694866538 1647.321037244910258    0.000000000000000   -1.478807817290856 
3480.474332343171682 -238.050600919953297    0.000000000000000    0.230466954914455 
-50719.382758797080896 4439.624284076825461 -131.305517949078194    0.681568454334825 
10904.955742681131596 -787.400426483316892   -3.756355121872604    1.113363750795196 
7095.241398938068414 -793.309067649322742   33.012033398667029   -0.232954549917994 
-2007.098669636817021  165.565059023051617   -2.801945657921091    0.075796438390777 
-13726.790323816825548  737.183020335858146   -5.339046909504774   -0.615545774862318 
4623.748094050873988    8.645501618375945  -22.705681206756502    0.712860568797806 
2552.656093433602564 -275.366752448826730    7.008105914571026    0.202836256761599 
-637.347856136514565   19.049771756980888    1.690259163978700    0.076729501347220 
35186.795810023511876 -679.160703393919448   -3.343447003570308   -0.485619338738320 
-14613.623743011961778  485.728376684506770   -5.702353572926426    0.130273617066224 
 892.991913082701103  -11.981186596462408   -2.874841722681559    0.221987786167053 
 872.421133459466546  -46.712406769585428    0.738839869842370    0.131467581558761 
-59753.027178465323232 1132.963065823067609    4.446843156452470   -0.565152675023978 
19936.159048443281790 -266.874818050318481   -1.945359635769256    0.101595426059699 
-4812.871702524207649   34.007992985348153   -2.496714089873413    0.173623033750162 
-1293.706934820420429   -1.782624551144806   -0.093659906680633    0.134798619055868 
36528.125726517078874 -676.228495405170861    9.056485934065954   -0.466296513018143 
-16192.745670692969725  336.748670447121754   -1.240150264929975    0.075272787480451 
5684.112458677836912 -111.715282983154964   -3.280983272253377    0.146940930862883 
2497.364434013718892  -40.953253717579514   -0.524976354713348    0.132341784014830 
-49807.614194286325073  802.433264978602097   10.759412679185068   -0.377475156409551 
14681.292422975926456 -318.735106578209979   -0.997086712015418    0.080069609355815 
-277.003587521913687  118.378092113462813   -3.191079571276188    0.096293769116176 
-4825.915819074372848   60.140279467394549   -0.266078854887578    0.123937089119458 
 984.433939519753608 -207.946566379461387   14.779262388188773   -0.283430774858287 
 490.305497708876487  -20.915546207729868   -3.293764805876561    0.063292953380366 
-1040.220599821500855  112.758894274469071   -1.628158231470010    0.080043028346693 
 380.490416636408213  -37.756560007882520   -0.114722754965128    0.123395645036046 
-9753.376861945365818  -36.640576471439203    0.592008528273937    0.066311973543574 
1758.100216317518061   64.404824485036201   -0.771173373175076   -0.102444600293538 
1251.659016248449916  -68.254795340977751    0.953297776465438    0.161975926666993 
-859.348009280420229   28.454370818225549   -0.654295350434968    0.063963693884610 
12984.100615491184726 -238.977928441983153   -1.313926863048526    0.065428488803211 
-5559.719202025113191  100.877253193956335    0.371772241084942   -0.104116232514626 
1981.455619318901881  -42.288673606680049    0.188876280843886    0.165718117497037 
-1223.884358152105051   10.626883674015943   -0.384043735444740    0.060515655336435 
-788.253745893592964   93.647746640514924   -2.554945943823387    0.044867244026044 
 269.561134890822927  -41.551198926658415    0.878375648719692   -0.097047559050009 
-105.109277957590848    8.472101632200662   -0.099893818708148    0.165481131123544 
 306.343939776279569  -20.726490187516813   -0.470287378961919    0.057249004176618 
 177.126190607678609   -3.163387187385233    1.149399887276231    0.043139068878295 
  71.175436157471722   -8.444449684214646   -1.168399878278896   -0.112232081925927 
 680.250444883325144   -4.437127696447504    0.065294275320915    0.168378889189038 
-749.751419377183197   16.897820899551661   -0.627029551877222    0.024277662305663 
-429.294496676964172    5.960974017111241    1.197437565287573    0.062839591855023 
 459.520450287776839   -4.777965432730952   -1.395443454968293   -0.134424278377882 
-711.573172352366782   30.604842931050513    0.514623055888374    0.171635798121864 
 596.402264917454204  -21.724376870927429   -0.709906887155278    0.014697259863189 
 746.550977478276081  -39.720187334771360   -0.000000000000001    0.093654825984906 
-829.237830562333670   44.119534993139460    0.000000000000002   -0.169425563836396 
 847.920573154973681  -45.113548875772921   -0.000000000000001    0.196639727458954 
-784.489366278273906   41.738696392793678   -0.000000000000000   -0.011200251912088 
-18738.489039468629926 1086.511046744040868    0.000000000000000   -0.038884684564443 
-19388.906889087145828 1124.224129005985105    0.000000000000000    2.611757313784928 
12525.626233773527929 -726.271538848033742    0.000000000000000   -0.618358759648761 
-316.096037698909299   18.328149941465327    0.000000000000000    0.061527104416392 
32844.880405595838965 -2173.022093488081737    0.000000000000000    0.502280099940833 
26955.442870424696594 -2248.448258011970211    0.000000000000000    3.171706069328947 
-19269.445757427725766 1452.543077696067485    0.000000000000000   -0.980096987705269 
 857.371883370112982  -36.656299882930668    0.000000000000000    0.070655911107476 
-23458.965380574478331 1635.857620826251832  -20.764218937688934   -0.847598056783628 
-8114.812791867745545  877.458680045490951  -52.995924352776917    1.368951921170756 
7444.009267789739170 -782.051785954050729   25.917998464335835    0.077334909077750 
-1048.864855740941039   62.769435082921980    1.009409378388735    0.065404616644576 
1271.675882784058558  -76.612774224937567   17.176650649167719   -0.722257203385946 
-523.798277380438776  285.089134244323475  -24.707823797820797    0.482030903224437 
3065.149820517407079 -238.649922965989333    1.081417788998865    0.352197690764379 
-272.829917838974097  -13.796175749741849    2.201068308449381    0.112020241988358 
-11124.639840844742139   54.599993852000182   16.419550540849915   -0.170378144599897 
-1418.575314253253964  231.043112911787262   -6.956146199265264   -0.051833634960646 
-1111.032969075442452   77.615249603074318   -4.457154194205521    0.231792783930250 
 824.431462176694367  -41.947034957264066    0.283855210001351    0.160303104825329 
-7127.642292337345680 -518.320154615463935    8.459004487139477    0.071302747110706 
-2471.226143480751489  157.986331633326415   -0.277793452099639   -0.110336827074292 
-2629.755089403937745   20.396932183224692   -2.774608225857019    0.172530358623338 
-1700.518543711961684    0.511274027923207   -0.427460171683758    0.156985112988415 
36717.461095668521011 -734.129644036572358   -4.181479817338283    0.096552187943856 
-2494.698523249369373   83.162984670190610    2.156031960344725   -0.099588404901353 
3348.181934435072890  -59.226326093491878   -3.166498060326530    0.143901478685270 
3026.210835803467489  -50.976724894825679   -0.936788162544578    0.150974802300084 
-45561.875328721929691  752.196428837484746   -3.937698135078774   -0.003328091797041 
-3996.562899881235353  -17.822632211238179    3.037693042679006   -0.061483574297767 
1058.587602864901783   76.308374764782371   -2.936003779943244    0.098617023498432 
-4728.426569878827650   71.524557411954191   -0.659528803283309    0.136487641740302 
1965.456975924400922 -172.055829691133255   -0.014855077101116   -0.009648169104246 
 859.468225028778988  -98.895508600027682    2.248458589694226   -0.042993587191492 
-871.498884479293451   97.782512423499384   -1.758821508492803    0.082580449120302 
 260.046587598546409  -24.394649270529563   -0.340841862138769    0.133836400243806 
-13697.040866281349736  169.962602796690646   -0.136272503183823   -0.205822005605346 
-1899.416106911807219   50.664608308245782   -0.549170175072381   -0.077577610214699 
1233.994529924133531  -53.871116241817376    0.788254832934510    0.139473150353464 
-694.469880552893301   20.857283157261229   -0.546026445675863    0.082739503411725 
4151.460488734359387 -114.187493928157664    0.249419139620747   -0.203166169954890 
-690.681471216081718   11.260530028215840   -0.120950332558270   -0.079580549213422 
1200.155535163778950  -28.271450703909011    0.220229019409722    0.142756019781031 
-1037.713446754250299    6.450252787848257   -0.357191522476694    0.079731393907717 
 881.233349634261231   -7.835703493318761   -0.792574439552497   -0.206777779625578 
 -26.034019819255150   -6.433293936466356   -0.079729080214075   -0.080222342540243 
 -74.668388573647235    2.474040024310199   -0.000062997644948    0.143322393424763 
 295.877614666801378  -20.133809211563523   -0.474039615585723    0.076505408792893 
-3127.769042401061597  100.394926794821600    2.996714394882424   -0.191892618088924 
 137.597757635350263   -9.630719879482783   -0.737374920550296   -0.096054931096568 
 706.347094107429712   -6.696523891909862   -0.172927574532736    0.142343012561226 
-663.262047985776235   16.205056920579498   -0.634879093905380    0.043655653168103 
 166.942856510823731  -60.726894936900067    3.677858630152206   -0.126669979095973 
 298.535014033875996   -2.542600176313016   -0.946404367985396   -0.110859431432249 
-616.816239312156540   29.689772229919953    0.221892078019156    0.140975334395598 
 513.797159595332687  -17.961784687055363   -0.665044063908409    0.034174088856609 
 807.491652403718149  -42.962531256846532   -0.000000000000000   -0.065168192686176 
-549.281214007923040   29.224464742597242   -0.000000000000004   -0.134305004092055 
 675.605692583684572  -35.945548908805506    0.000000000000002    0.158673406467898 
-689.998028358551664   36.711292026701649   -0.000000000000000    0.010915359167339 
4866.041373863999070 -282.146959420304938    0.000000000000000   -1.725419478642841 
-26415.840278887837485 1531.665771534997930    0.000000000000000    2.597175557073261 
6800.032837776654560 -394.285301280410636    0.000000000000000    0.032757849208513 
 910.056959975583254  -52.767698510648422    0.000000000000000    0.024965020838646 
-4652.049519442984092  564.293918840609876    0.000000000000000   -1.865950031876579 
39272.273022523069812 -3063.331543069995860    0.000000000000000    3.360061106806758 
-10990.981270809248599  788.570602560821499    0.000000000000000   -0.163626090688306 
-1065.979884415787183  105.535397021296845    0.000000000000000   -0.001317289202221 
-2583.132557546407497   24.815716278078980   22.772171400857577   -1.291467712901090 
-16911.924809583164460 1490.905287855333199  -60.782506454410189    1.051102649876896 
4315.667067608374055 -486.006289966447412   11.695694613437439    0.379841730458707 
-290.975938899091943  -18.081711869947299    3.380542753305901    0.094805889092932 
-1373.655440197797361 -163.749208028175303   19.391523708978529   -0.759878473380897 
 -46.919821336385553  256.359343909970221  -18.266579804382928    0.211184451954709 
2993.810058177800784 -170.968863196702500   -4.290382661276599    0.438849610161772 
 104.613203600194993  -39.322532722581059    1.983733931032445    0.162166027596424 
7378.940231975131610 -305.484327119761360    3.252864517902548   -0.342523122086233 
-5590.315254570095931  251.518110606289127   -0.798814746446565   -0.115725439185607 
-1987.144290178349365  137.935402542833685   -5.426524312419499    0.210847899661968 
 641.659289567907763  -28.528439504640886   -0.349909413987762    0.188134532456678 
47401.227998577276594   74.531888570574210   -0.711827291616062   -0.339377362902540 
-5144.092003107160053  -36.383726347474152    2.894333230577649   -0.083598296907777 
-3581.669857727436465   35.597257843956527   -2.447540753547267    0.148288468125579 
-2081.772014731559466    4.517082930613640   -0.762105229465999    0.176966658071247 
-83847.286127819781541 1509.737864507947734   15.277585592957088   -0.290239309168449 
11274.349387626270982 -192.135631843522560    0.587977028842850   -0.063381334422407 
4445.638292482190082  -72.847906990158435   -2.823496936678081    0.123530261269800 
3477.467704384564968  -58.514440982049337   -1.307079373473246    0.167594996801237 
98126.676388467079960 -1884.407694380148769   10.222029641821962   -0.015205706905900 
-21082.266148151895322  264.251028602817883    1.561056242024455   -0.062731608721657 
-2076.266028139245464  107.111924313729844   -2.361160119355310    0.083090125621004 
-4747.537452582770129   82.253759279324584   -0.986756138654430    0.147847588649912 
-1009.331897411487830  106.155723380987553   -1.802302752831507   -0.001908211941663 
1596.514591000426663 -163.416444734202173    2.242887935781297   -0.046611650605584 
-564.501032475642319   64.993518256720577   -1.197403192808361    0.071379794395667 
 168.377201210811847  -14.053124081833090   -0.525591399058861    0.143468337503695 
7010.601154563230011  -69.482877535360188    0.324902167725622    0.053734911829815 
-7035.806431767501635  114.400584357004789   -0.600272363766297   -0.154760862316703 
 117.091712589233794  -33.237967158661064    0.644574515579673    0.110430841287039 
-596.650973924826758   15.246986340437694   -0.456341532777337    0.098559500941606 
-3814.924525109708611   75.954594369424399    0.369654874589539    0.054977274877972 
 866.116212059456302  -31.559780194847121   -0.027418155200499   -0.155767862946506 
1222.084877769190825  -30.808856974737637    0.201682958439876    0.113337468261040 
-890.377581579471553    2.869244782472038   -0.331065597239630    0.095935641373193 
 142.109310947598487  -21.775844043801868    0.832303872156233    0.061296969253424 
 304.428486293604465   -9.371682746460891   -0.376944495046303   -0.157764009899835 
 -39.869080264355546    0.498417938944357   -0.057147194552491    0.113574099369753 
 287.858443421423885  -19.940378534667417   -0.476841254121937    0.092763371017966 
-473.458087003468790   -4.322373518593885   -0.236132971632988    0.068624952791360 
-1035.315633265116958   28.017377668576799    0.386392977530634   -0.168014662879915 
 594.132359653717231   -4.398191668273292   -0.216800317410196    0.109334313314166 
-578.927620170234945   15.413595277369989   -0.662163566053065    0.059572881170168 
 752.493936687540895  -28.711779659993098   -0.803366130192632    0.060898799100795 
 361.138585225471161  -25.315185777652601    0.432792618321691   -0.158360673593239 
-534.357039404741499   26.207548985674450    0.157690609311192    0.107322821267412 
 441.685799542215364  -14.408898502743902   -0.644911804768770    0.049816424737008 
-965.342705298431383   51.360984384786292    0.000000000000000    0.029860966930709 
-246.471844356562826   13.113515521281592   -0.000000000000003   -0.158743076349372 
 576.136560288126702  -30.653301375820810    0.000000000000002    0.122042396412720 
-612.552703620864236   32.590819480843031    0.000000000000000    0.028523737660548 
20044.109935144340852 -1162.214670607394282    0.000000000000000   -2.213095773673271 
-24591.074763688797248 1425.860661752380793    0.000000000000000    1.950143252582194 
 424.168457454569420  -24.594497119488040    0.000000000000000    0.601172700415445 
1356.817547398370607  -78.672151770583199    0.000000000000000    0.066270660149756 
-32018.270372521521494 2324.429341214789474    0.000000000000000   -2.791966696019529 
37527.754452731889614 -2851.721323504762495    0.000000000000000    2.660329844853037 
-1390.977836402372077   49.188994238976079    0.000000000000000    0.588922778269169 
-1835.309311507682196  157.344303541166397    0.000000000000000    0.027085970599587 
25664.980884272466938 -1388.591957792632229   36.175014001130521   -1.168106961914573 
-17880.599518662998889 1500.211181459609179  -52.242942179088558    0.566802257538987 
 -33.398473422406596 -112.116731302079330   -2.432486465749911    0.582079843885693 
 -20.811561374240000  -55.488634797158014    3.937254813902721    0.156187186427837 
-9376.376906960444103  484.914364454006488   14.185963473139902   -0.740273888966851 
-562.040611410591964  194.953390899406145  -10.994758413515985   -0.073769975563128 
2917.690004084432985 -114.554771345530654   -7.948049938513963    0.456026419710720 
 475.423417882402646  -57.007848545505624    1.199894858673486    0.218837848285116 
2370.704009878418219 -482.549424983815527   14.267302399832129   -0.060228553141643 
-2823.212667579296976  136.961487936376727    0.421009447766878   -0.244171609967945 
-3038.835280447037803  186.495352360667084   -5.473749974754462    0.165860768517774 
 320.329570083533326   -7.953192784969247   -1.034353182441897    0.212013319454325 
5789.122259886633401 -360.457913461334158   -0.204353803900511    0.054482034352106 
12631.368496358991251   -8.434268133504133    2.627397996221662   -0.210864807996230 
-2645.760296070922777   29.995008533833726   -1.757324350197357    0.111480580012579 
-2517.276661061321647    8.543814531793316   -1.024214154610569    0.193533646785841 
7745.564662471182601 -185.175896230245598   -5.711221715749653    0.021654517623800 
-20168.382910305943369  374.016067346952639    6.317071626201787   -0.172221075360575 
3333.884102147209887  -50.112852552229185   -1.960365854797504    0.094079960046927 
4045.569969408094039  -67.673841836757106   -1.620990315121094    0.181479072458892 
4630.181285800706974  128.365246414852891   -6.477788425591299   -0.070095300361659 
15715.237497523114143 -442.401856789735007    5.394317357707685   -0.068433748811370 
-2747.144609467825376   84.843070790364862   -1.491738419388791    0.066694455929375 
-5144.827449843825889   96.091188362373657   -1.237544748148029    0.157223974319961 
-2105.172890693506815  222.291483645489762   -4.106688521060490   -0.106596565509082 
1218.015129471117689 -123.608048466331908    1.567024403469494   -0.047327230083708 
-212.684817416699332   29.115456606653837   -0.721164150402013    0.059637434309506 
 120.788761273606326   -8.274980851486418   -0.643741796727447    0.151658777785993 
10827.715709276060807 -144.039573716991896    0.432306040299398   -0.007738318092144 
-4406.830998806264688   88.344505281244523   -0.478434050869192   -0.134610270380523 
-1313.237966232483814   -7.894830953879890    0.509736213750238    0.074259449699885 
-678.256404967534763   12.744040830997008   -0.384514399467387    0.110050168628455 
-1006.995588747943657   80.585328562011725   -0.006487761330572   -0.008056244950801 
-564.480484856719158   -3.076807306312730    0.111202422770576   -0.135151384867266 
1259.789343669535810  -35.138430412382604    0.212155991886136    0.076972562284319 
-731.534930507998524   -1.326635087786883   -0.305561653932720    0.107776329537280 
-905.402931766132838   54.788194248930836    1.149508348752002   -0.002862422754894 
 357.719477898964215  -17.537624262887078   -0.064830542987720   -0.134777646429800 
  42.899415259714601   -2.865245437224075   -0.112369074306744    0.077006392328549 
 287.909060734661750  -20.067039780610884   -0.488248817675792    0.104614791427574 
3154.832439277472986  -56.410876928355570    1.083077223471860    0.073899319983146 
-1212.862415891450382   26.396487599104830    0.297843113168268   -0.142280305583155 
 313.110103509150576    2.403541490186818   -0.131270806072834    0.070547442256282 
-521.762604809466438   15.293150709128838   -0.683687412665644    0.070748474337860 
-2507.308586879892118  106.105070695611829    1.936381812219348    0.091836829245012 
 643.323811483316149  -36.082103150150971    0.131530319499456   -0.135523623930441 
-408.799239816145928   18.532887869699138    0.228230976538835    0.070587284076952 
 382.003674730863281  -11.584582351958829   -0.620007168416627    0.060876334837534 
3020.345505915278864 -160.697250328335059    0.000000000000007    0.182123278658500 
-608.475358843490653   32.373884665577322   -0.000000000000004   -0.147545213750356 
 469.268159888123648  -24.967376352463617   -0.000000000000001    0.083756360150254 
-546.272191124205506   29.064369911511982    0.000000000000001    0.041356998845215 
6232.002056998813714 -361.349256282021315    0.000000000000000   -1.228001933133686 
-17074.533538009829499  990.030160274617629    0.000000000000000    1.120232337454726 
-4784.032580257736299  277.391855633885484    0.000000000000000    0.984969649170059 
1064.751713614633445  -61.737341599168346    0.000000000000000    0.167565783340328 
-10498.886829055982162  722.698512564042630    0.000000000000000   -1.407981228321717 
25520.903063036581443 -1980.060320549234802    0.000000000000000    1.613342333845727 
6490.104353068654746 -554.783711267770968    0.000000000000000    1.123131800606513 
-1485.346062055374432  123.474683198336663    0.000000000000000    0.136815911755899 
15782.144391508147237 -494.812301062189533    8.808995064503982   -0.934518046428901 
-8256.231687061004777  979.489197287384513  -38.677311928664864    0.128762146821023 
-3300.502374137882271  197.845816041293460  -13.797518229219058    0.669025394430694 
-254.243822241555335  -48.774520167175268    2.887552358356683    0.235521993277606 
-13206.402497607346959  657.261313542336779   12.761842374185589   -0.785766153311913 
-4078.181951520756229  376.796277569657605   -5.675022111088485   -0.351372683925698 
2337.662183718012784  -43.086062786897507  -10.031772504089526    0.402883587274617 
 813.039547693259692  -67.333949862819480    0.062302476056530    0.273242647441393 
20737.465754029279196 -705.388282560361972   11.106579711348607   -0.106653141654353 
-1934.198663874851263  -43.994546432554671    5.771247847703916   -0.266757317396061 
-3633.511696878809289  198.116220048644891   -4.699717812820611    0.101994652597274 
 -99.007256633978614   16.556270163448573   -1.684127831665175    0.228813100220443 
-40541.615039428499585  362.593434476082052    5.221922527893686   -0.018954803617192 
14802.289343816362816 -143.605985681503057    2.550765319758973   -0.190434045114191 
 783.446933951006940   10.989976806957742   -1.110053935699778    0.061318223373776 
-2639.324685900737677   11.457385796707342   -1.203225733217517    0.204280366885816 
39854.637350762190181 -864.918396662273494    0.152153817725978    0.029003626143104 
-17263.796161879145075  304.575106260608095    4.175363482795664   -0.164100631251650 
-1345.138281875935036   34.711044148716127   -0.648811466172823    0.052039746720399 
4162.302555184359335  -68.455619025814485   -1.778486532724952    0.190590407141983 
-40179.316626630541577  748.400848506509192   -1.420059734113724   -0.028506929521765 
17451.555479698286945 -394.264889384163212    2.965146698110941   -0.094719486446992 
1398.704512684855672  -19.740272481372642   -0.446805412411462    0.046300301522080 
-5233.626617304671527  100.034756570733464   -1.352377772376178    0.164354599102436 
 483.876263486364678  -66.662707819266842    3.189774048401622   -0.016312427787659 
 428.575295461051269  -40.248742099273215    0.027016208071819   -0.087300942149614 
  -6.861014300177999    8.633357785953184   -0.521909073959350    0.042808912780341 
 109.122979692369199   -6.132761478946023   -0.717423435241184    0.158165772687613 
 -83.579299992730739   17.538881522486438    0.340351196000796    0.038852852263305 
-346.437607827720058   34.329665137372302   -0.316319285756923   -0.137512139665076 
-1907.396542061735090    7.439440348447246    0.410392046671973    0.040244148444185 
-890.120002858264343   12.856242564365459   -0.327428557058479    0.117214200463721 
-2556.467574943698764   15.804998532066435    0.570928170866642    0.042017474669181 
-942.103830637209285   27.142690904441906    0.108769512271606   -0.138172476723817 
1071.466304232794528  -32.130194962616486    0.239652483766409    0.042807079585433 
-584.848058384465276   -5.609620783648154   -0.277317288500012    0.115270424580850 
 717.109663488991032  -49.686388058670943    0.281604574319287    0.046453430341763 
  18.193378486667370    3.007948580461928    0.366235087794277   -0.135851054962885 
  89.888522307917924   -4.681454897527210   -0.074693506205924    0.043177804654463 
 297.092489383191548  -20.592212647479045   -0.501062795704662    0.112129099073733 
-2063.995972037405863   38.387027339579227   -0.180980783269939    0.023911198570671 
 -29.800251162416544    5.242408750971741    0.703997071970222   -0.114568060589475 
 157.777270127419683    6.358403533946362   -0.006040782930523    0.038441396484704 
-495.413035011162492   15.895861020137502   -0.693327079579401    0.077488109454501 
1459.262026856396687  -67.936293389471018   -0.688374553105220    0.021672153294472 
-296.916908596630492    3.707298360702794    0.857673499081710   -0.101084812963562 
-365.498376955311869   14.486037271018198    0.351881453861481    0.041011229465201 
 336.058617224521868   -9.624517763765184   -0.585641139380103    0.067761557530359 
-1641.644219066049573   87.343554406162951    0.000000000000000   -0.023096194590826 
 524.154205874725903  -27.887584207547629   -0.000000000000001   -0.079248984253419 
 458.728015767029888  -24.406588795209998   -0.000000000000001    0.055407085399782 
-491.221986303877884   26.135427998306113   -0.000000000000001    0.049876859427778 
-2880.789989824156692  167.036421170399649    0.000000000000000   -1.090703745143547 
-14737.532766635327789  854.524189168862677    0.000000000000000    0.659731612529594 
-8760.540868338377550  507.961149314320210    0.000000000000000    1.207465142918100 
 212.129933568588370  -12.299898656817561    0.000000000000000    0.305792178483663 
8410.866658217706572 -334.072842340799298    0.000000000000000   -1.007506957464216 
21583.820502140693861 -1709.048378337725353    0.000000000000000    1.085349373225085 
12378.194798715807337 -1015.922298628640647    0.000000000000000    1.460468263990365 
-295.824545899845589   24.599797313635122    0.000000000000000    0.299665897461487 
-10474.823932230545324  641.299239964916637   11.875908605967505   -1.020878520057503 
-2337.927540245558703  793.934584389069187  -35.373938779475893   -0.221682120589816 
-4624.772277551193838  419.523788750849633  -23.053924567736651    0.657410397709595 
-764.985738354455407   -9.705704729910309    0.575734649304271    0.319336845566090 
-2910.033240202746128 -123.347690806043843   24.479145500918030   -0.503111176157791 
-9030.582888123488374  623.269270148031865   -0.889331220768827   -0.646034991417666 
 699.066578762480503   81.922130677813868  -10.852316670571698    0.278207627856697 
1015.731972787360064  -65.548552371143387   -1.255415834053338    0.316578198146194 
3917.988542782995410 -423.607782085718100    5.667344321978490    0.074510375484026 
5842.350993886125252 -308.515152392690197    9.936215239459640   -0.306752245516443 
-3144.992655627399927  154.052507695489311   -2.736284926925166    0.030305957233211 
-542.915210066033978   39.255671392144791   -2.159724272148649    0.237186041793495 
21001.497783886785328 -221.830950679138198   -5.412710400171009    0.066785527939022 
-400.816295969329076   -7.633447752972302    4.508986267719106   -0.197542096470638 
2583.631064931881610   -7.914952372351664   -0.227584987265018    0.012821205675672 
-2389.290890033618780   11.295479673014597   -1.291927699621464    0.208932591751814 
-13738.238319122292523  414.048675139300656   -3.472732341412778    0.011151691122046 
-2318.307155343313752  -19.769292487744451    4.232421164442904   -0.153224271447986 
-3792.901196528741821   70.311770870324111    0.402161614731999    0.012374133882945 
3802.254543496203951  -61.047046215383830   -1.794050736152626    0.194587950826037 
13734.742341042279804 -142.076427189132687    0.197087876396252    0.005927655607238 
2384.311744711819756 -113.614571194222052    2.432624297818296   -0.105409585017654 
3878.187915736121340  -83.225205053670777    0.227915962079692    0.021284167588999 
-4864.583226635169922   92.868554021173679   -1.364671585937819    0.168606467220240 
-1573.035671676062520  136.541749464682852    0.159663031244147    0.005010596718135 
 610.028894268437625  -65.247257531498292    1.223181476222429   -0.093418102569986 
 122.964509416008156   -4.553642167893255   -0.365634363422569    0.020219032190391 
 115.906912723547805   -5.812678952212508   -0.776009913796696    0.162120949353545 
1643.642952584268642 -137.189602207892221    0.122084394752447    0.166679963818579 
-377.779845325007045   40.906745708304697   -0.188687587256624   -0.122942320066337 
-1997.923723705824159   16.843991704156874    0.347266187545280    0.007687340977759 
-1134.120899058587383   14.356829253666419   -0.280407291634745    0.120171976314054 
9029.783058275563235 -103.091631082781532   -1.539489477231068    0.161507445194629 
-1900.779171241075801   33.069565353966425    0.322867576346595   -0.122415923722874 
 716.105928998008949  -24.603662930315409    0.293607119843684    0.010233529529597 
-470.628243441389714   -9.170921470835424   -0.244546110316243    0.118544429960432 
-1851.489756205021422  128.232645781179912   -1.324802627163158    0.146466557834196 
 287.109502295036634  -15.624446941539503    0.471836803164007   -0.118431018584724 
 128.051382405631045   -6.258517192661918    0.030065480163862    0.011392545461012 
 310.013431022037537  -21.227439039777323   -0.504127051799399    0.115494381277882 
3220.671387494941882  -99.162179175537730   -0.134684661698498    0.180110776586950 
-803.798740676441867   19.637544003313920    0.636129278243995   -0.105601361125474 
  53.577396147561785    9.468397628232070    0.161475010846254    0.010920218770335 
-480.187747302533580   16.847548761387344   -0.683435701288506    0.080549859628087 
-1071.333845588292206   66.745352396570468   -0.691317639238654    0.164866194903166 
 250.306351474516759  -21.768811660348774    0.599533041667254   -0.092957755478135 
-371.324696595575460   12.228348108562436    0.534032271455101    0.016755908409989 
 288.582114554489863   -7.888524641028241   -0.529599290773300    0.071350839435357 
 888.171894018770104  -47.255117306347458    0.000000000000004    0.176510020771119 
 -91.462376275041038    4.866248694763385   -0.000000000000001   -0.087910057224979 
 512.814494466989231  -27.284255734307976   -0.000000000000001    0.034512205214982 
-428.897411231571084   22.819453775361513    0.000000000000000    0.055519369968730 
32156.177470338669082 -1864.506896420264638    0.000000000000000   -3.747397085387881 
-15817.829012819325726  917.162847107758921    0.000000000000000    0.250717708100760 
-12579.961090770217197  729.422028848898435    0.000000000000000    1.321271307996894 
-1118.838167401262581   64.873428473334457    0.000000000000000    0.464903347041967 
-42716.267183254414704 3729.013792840530186    0.000000000000000   -4.676062721907243 
24737.895498972226051 -1834.325694215517842    0.000000000000000    0.707534264175999 
18168.409298854927329 -1458.844057697796870    0.000000000000000    1.684578718665501 
1605.124473227409680 -129.746856946668970    0.000000000000000    0.497215227390627 
-1136.607355440276024 -1224.608249205606171   96.808384886494594   -1.571347825483885 
-6265.986514831940440 1034.421799375907995  -30.920473052237977   -0.604511565611380 
-5700.261534435884641  648.068336721472065  -31.340726046700890    0.554136186934445 
-1400.071031357329048   56.392534323081549   -2.835528581096090    0.396055458786086 
13470.363005874974988 -1307.578935056937553   35.193056199004580    0.042825400643974 
-10121.845353199516467  577.013886095765884    8.290348342075417   -0.834701682476837 
-1694.986951402895784  231.957525208288615   -9.927189530408373    0.093115543619884 
 956.328778833469187  -45.810617148959182   -2.578040387142832    0.340277215871447 
-914.421953514055531   82.306365852056359   -6.948553318178152    0.254519901651501 
7311.596697429716187 -467.368070674833803   12.061469360201581   -0.278810854709933 
-1500.749194212915654   57.067104812048754    0.013425648032485   -0.042889430295086 
-837.100236367370599   52.864326648558972   -2.335437493018873    0.236326810688569 
-7690.839588422906672   35.213536882825679   -4.931124107405049    0.154865466275639 
7474.745372988249073  -90.820054257650156    2.479219867654979   -0.172497523493504 
3467.872199559244109  -20.221640123679379    0.645940779656742   -0.033433746819845 
-2031.581211182492552    9.753574429785317   -1.260494612596814    0.207579087688175 
15433.918921084952672 -197.648340400429163   -6.570514833145142    0.100777948920441 
-7470.146525014154577  135.498960689493117    2.930146536413102   -0.149042387277219 
-5016.457906573430591   84.777979395542729    1.297482577339001   -0.025409198457706 
3265.085847910840130  -51.758281233082926   -1.684431633971028    0.193762368966753 
-21073.639386102273420  427.118062681263382   -3.474196614841030    0.014050856958381 
7534.840122602636256 -166.893231390145985    2.506532251466888   -0.103186714164940 
5118.081899150432946 -118.288680376716911    0.845310530740341   -0.004790369808825 
-4315.729197522176037   80.412682692701310   -1.297787398765859    0.169631540855322 
  88.632928951196192   -0.374411179755606   -0.588605823070885    0.003572470009598 
  20.140517389915033  -14.044101482242297    1.283055112938987   -0.091539128800685 
 201.735685873302202  -14.465062044610818   -0.052354789777393   -0.002900621730943 
 137.736842577250741   -7.134689517705638   -0.802290156800643    0.163198456846403 
1830.334651421049557   15.049022555004960    0.262593608140298   -0.014531551378620 
 238.586261894100971  -10.539355119654857   -0.142905939224455   -0.060437333634370 
-2015.322921634688100   20.639915527738104    0.305816996735145   -0.015235115734830 
-1386.553934463248879   16.833547676565999   -0.239708815658969    0.119537466989570 
-4293.546837271051118   53.019980904152206    0.733299023168986   -0.011390813802083 
1485.389475612250635   -5.589796302076422   -0.254440977615054   -0.061850631774888 
 664.182217044407707  -21.168691798829173    0.302160444685127   -0.012799789907623 
-393.178381831574370  -11.931018220427575   -0.205807229840584    0.118226316572358 
 740.163446569925100  -56.971766505884425    0.699553511575389   -0.003936267619971 
-407.199156281844580   32.462795226402861   -0.024964182022176   -0.063506059396901 
 113.040175657279875   -4.153723657053982    0.085924557806591   -0.011349589286691 
 326.889748866013349  -22.003431286030263   -0.495583921860657    0.115354032290892 
-1164.947195452670712   33.933050443851656   -0.243630175794209   -0.019996590805486 
 403.953029634162419  -17.548273187512667    0.585622530107058   -0.038059819905367 
   3.596682267276719    9.729556480207219    0.314193986890135   -0.007037428858520 
-479.759554303456525   18.144258958765924   -0.653574860940041    0.080616644567315 
 518.938463250036648  -26.077267392309889   -0.108737641719086   -0.020072886458064 
-151.443840621095831    3.260695488365254    0.340288926952762   -0.031132932389448 
-358.966882738897198    9.914833587064482    0.651510017532603    0.001244572426542 
 243.985115304667943   -6.569756793251329   -0.454827782829499    0.072314867344180 
-547.748083511236928   29.142894652443768    0.000000000000000   -0.033580252262642 
 241.602083982002142  -12.854420295117130   -0.000000000000001   -0.021718799435809 
 531.581957930357703  -28.282777184352131    0.000000000000000    0.020808598132384 
-364.489988321990836   19.392661793439775    0.000000000000002    0.058804547110782 
63265.805920273181982 -3668.331895317563067    0.000000000000000   -4.918265427155644 
-3759.262461442319818  217.972760950159170    0.000000000000000   -1.154556198919695 
-15027.097525052922720  871.313979856138189    0.000000000000000    1.208291496644527 
-2875.681847951084819  166.740236533434597    0.000000000000000    0.626660589798255 
-93217.801517518877517 7336.663790635127953    0.000000000000000   -6.745372519690363 
8719.295305251820537 -435.945521900318454    0.000000000000000   -1.045989256539217 
22350.558149382930424 -1742.627959712276379    0.000000000000000    1.642271844620099 
4179.275043413424100 -333.480473066869195    0.000000000000000    0.709709855097839 
21775.670625286980794 -3473.404287815426414  149.335204043094137   -1.166962531369326 
-6692.214273122053783  575.193705923805851    5.382671280197508   -1.193767000167837 
-7320.036632930133237  849.270274883936281  -34.532951268205956    0.329351366212043 
-2212.729698697157346  151.172104041784422   -7.047172851643486    0.452807950218565 
25958.879744506059069 -1883.811964657455519   18.978869291241203    0.723954974231015 
-5070.459225996384703   86.671785449413548   21.487744416702139   -0.818642157235346 
-3594.025023802384112  314.918234151436025   -6.204927935561180   -0.113552436344139 
 612.610879010215285  -10.353949635209887   -3.620665947710270    0.338958088395864 
-6920.919592264110179  794.650773816428227  -18.481371604772381    0.204440748473894 
6968.688464861891589 -436.503183480311918    9.455761865884783   -0.183365891590620 
 284.286451073538956  -55.916801957344546    2.703079551293279   -0.100661523582656 
-912.236167624601876   52.855843266575647   -2.158870221461232    0.227106321479754 
-27023.217771675761469  438.222670339934098    2.683000059476827    0.086344079595675 
4590.680527329774122  -77.614977926592587    0.630048327378071   -0.114422973640139 
4976.050437098982002  -41.276019146709473    1.034599304035876   -0.069298808961551 
-1496.325460855783604    5.875582505773878   -1.150645306479888    0.201007067144928 
9053.650610367983973 -379.981525469722555    3.270805078407772    0.130279268045309 
-1682.426929607339389   61.380833039333822    0.466203473983655   -0.111250656432053 
-6160.529588401108413  109.387953611645926    1.722026328638597   -0.057945828921365 
2551.451943028559981  -39.429894462711218   -1.489295808955685    0.188454263789818 
4027.566626965899559  -13.488947951351520   -2.038434777329710    0.127472409263196 
-367.774647185722188   -6.723957884672473    1.203708520901503   -0.097917642805547 
6013.965083577546466 -139.990829036069215    1.309090627286389   -0.029928414430136 
-3599.396535138693707   63.853105871315051   -1.159744556257509    0.167447895300388 
-627.561023826676546   68.212859195315488   -1.668398073046902    0.114317214071212 
  53.377865746616209  -14.184505674650850    1.062327929287403   -0.090199452547086 
 210.925483765368284  -17.993637939222435    0.240818090500906   -0.025617944399415 
 163.441610084988724   -9.162992630777481   -0.789936390131330    0.161412557723012 
-869.030076852428465  -40.991992545947085   -0.089454302985728    0.124573059945107 
 924.961756176962808   -4.895971661527717   -0.044433336171840   -0.065886665401352 
-1869.879419375801263   18.710499680090248    0.282399587310608   -0.031025615614295 
-1631.166516959438013   19.278252315966398   -0.203201718226558    0.116660362248393 
4751.222019444498983  -59.020337704960468   -0.781051697194473    0.121706915270635 
-124.690588364372388   14.292696536980259    0.020546156073318   -0.066122186950669 
 834.269577950390726  -20.080829269466165    0.272923591992409   -0.028796392248318 
-295.332227811132270  -14.560890612297840   -0.170580589875551    0.115637679029215 
-1042.171849141036546   62.696096762516177   -0.749663261081530    0.113692036856638 
-129.637863818124117   11.098382786696305    0.237368384818596   -0.064982159754390 
  45.935548144783908    1.291423594583403    0.112475083156144   -0.027410616680603 
 336.102915737851561  -22.126688549206250   -0.483867102026634    0.112935363429284 
1242.199072060397611  -65.300552646978417   -0.856287271642027    0.116572869122272 
 -32.902168660589723   -4.823379271068351    0.494261214184232   -0.045558541457425 
  49.978039888973512    6.933099922884591    0.449179454926546   -0.017489724028869 
-475.273490423131307   19.152537239385076   -0.605626100732950    0.079103225432561 
 554.548307924308574   -1.310732832730864   -2.000077144326448    0.088904856352956 
  43.158083097669646   -6.518279783751041    0.299512311308104   -0.038660264811221 
-372.502602429325805    9.507635550141272    0.731485172315211   -0.007479577223542 
 197.761496638636117   -5.330386390738155   -0.368284394360769    0.071944781972549 
-1084.461060400683209   57.698667305855039    0.000000000000002    0.041060081985084 
  36.196552665286440   -1.925834800450618   -0.000000000000001   -0.034311394034299 
 566.306787511269363  -30.130309071298129    0.000000000000000    0.013804823948620 
-295.337031494084783   15.713384044402588    0.000000000000002    0.061000679205945 
46730.271359738624597 -2709.554433271555808    0.000000000000000   -2.265739013157673 
19965.414758660193911 -1157.651699793931584    0.000000000000000   -2.998905734103066 
-13001.328487900693290  753.854112500666815    0.000000000000000    0.689108755016683 
-4689.241487354702258  271.895597672255917    0.000000000000000    0.750051099108287 
-72724.029046496565570 5419.108866543111617    0.000000000000000   -3.615302319836275 
-26237.380263817867672 2315.303399587862259    0.000000000000000   -3.575503951423110 
20160.797529562194541 -1507.708225001334085    0.000000000000000    1.064585193624809 
6927.267782641946724 -543.791195344511834    0.000000000000000    0.885475697839406 
26758.392636881413637 -3014.384437674088531   92.955187967689653    0.281559172741212 
1473.662211360640185 -727.332902006983772   61.383372796357925   -1.631377949431336 
-7972.355640650323039  830.252875373539609  -26.187195758636534   -0.023791752487853 
-3189.769519140943430  259.534297307696420  -10.988017201019478    0.473045037923368 
16530.214740985600656 -1061.060645834594425   -6.212002328842136    1.144157148287732 
4664.120678193368803 -619.757701297131575   28.604820400917610   -0.547159041898716 
-3644.817342277759508  248.282494670471124    0.056642666641286   -0.284277586235897 
 134.832762629710714   26.685756037895118   -4.023467829059991    0.313386724705090 
-15114.774049926898442  644.543165981365860  -20.537563378859190    0.347882806803047 
4373.343617762882786 -138.509143299152527    2.525247514095148   -0.106700610912910 
1702.040461401634275 -127.793342804777481    4.200705723790769   -0.136919836395597 
-781.332025055582562   40.597933072637886   -1.709335427310693    0.212057837312681 
24660.853306282260746 -133.869323467707147  -11.770977438186927    0.108799717959027 
-5543.026137048733290   86.718523450883254    1.636173349681879   -0.082043943791761 
4857.007235884126203  -40.138075956173168    1.317877013668370   -0.093857173640538 
-855.369495189188456    0.359249735339858   -1.006235653868956    0.190725497842068 
-16111.081292970353388  612.807619964086484   -6.937241166927588    0.001716187619640 
1712.692049280786932  -81.112239011814466    1.692755378386550   -0.062395930915062 
-6156.746448441948814  106.921527865086119    1.991896185184876   -0.079651652339755 
1772.780735051686861  -25.539476161949210   -1.260369797426098    0.179727195363298 
 906.883147536199090  -39.370375827681450    0.800355621116947   -0.019896991399096 
1142.562837926326438  -11.782313366426251    0.439295479402850   -0.050115489331849 
6110.813607420142944 -142.304112942456896    1.514466127324435   -0.048432555947311 
-2845.531037485486195   46.222844798390895   -0.981281600132097    0.162425849877127 
 214.952170381803853  -20.973661660749766    0.392316278757254   -0.016004829632276 
-181.957518188383801   11.395316523592102    0.436678651894820   -0.047330497270382 
 194.853027210146905  -18.342286583104737    0.428193913148683   -0.042809188126598 
 189.415619583289185  -11.500602033730843   -0.746493844910021    0.157024224035770 
 130.372156744581844   16.431178676324073    0.128829987109949   -0.021865503973744 
 599.075477357321688  -20.267968866257618   -0.077978699791489   -0.019171767921938 
-1679.374765184019452   15.565007114117062    0.267098082815192   -0.041657919779706 
-1852.146241309998004   21.460502733325001   -0.168770756125936    0.111995987907416 
-2005.502738686622251   19.135796506617510    0.374779934428434   -0.020145797437899 
1657.017668927284376   -7.839930102379313   -0.272348230374604   -0.020482093724181 
1025.810463020759926  -19.274233465141151    0.241448332704748   -0.039621927332674 
-183.717090503797408  -16.962944984670685   -0.137669598783938    0.111242679645959 
 433.295453257438908  -32.241015957354691    0.262870438448278   -0.016798853650145 
-520.452307246012310   34.609419072639753   -0.043755338086969   -0.022347645933151 
 -35.325723238233309    7.004898827000432    0.136676713997596   -0.038326842391545 
 337.783775740937358  -21.669395054851904   -0.467563021676126    0.108715744857532 
-114.754752879368084   20.975127106796581   -0.198344611858995   -0.030343151055469 
 432.922483362060404  -29.311086513685336    0.173153487318473   -0.001843715536573 
  99.980579226657142    2.666291699790389    0.532606292614384   -0.023415006153119 
-467.114161759713397   19.816269286746582   -0.543428273472929    0.076432839103685 
-394.531808429841760   15.063726812961676    0.420482600973118   -0.028145479653477 
 251.113698569285987   -7.009804596025132   -0.450516617814315   -0.005320943678863 
-335.718629720956358    7.816625002669251    0.712609634001935   -0.012977228284803 
 152.956118547286451   -4.246340093655533   -0.276075268629691    0.070579410479496 
 505.937057513434866  -26.918342230181331    0.000000000000000   -0.011885170543659 
-370.476344984970751   19.711165439245072    0.000000000000000   -0.018913863289893 
 524.521813471308860  -27.907142741448819   -0.000000000000000    0.007151666783096 
-226.101199928377042   12.029696951315064    0.000000000000003    0.062270362140363 
25578.617373042834515 -1483.121199244684021    0.000000000000000    0.756846328221439 
37489.266518562202691 -2173.734612270765865    0.000000000000000   -3.848557864037197 
-5819.493328247899626  337.430823492580146    0.000000000000000   -0.166824194750850 
-5911.177881488732964  342.746955423075519    0.000000000000000    0.784906519879939 
-47585.609568368410692 2966.242398489368043    0.000000000000000    0.018139651846951 
-53508.891156254110683 4347.469224541531730    0.000000000000000   -4.931242321361717 
10192.513602053199065 -674.861646985160291    0.000000000000000    0.001241909526706 
8895.369287983623508 -685.493910846151266    0.000000000000000    0.955620460458091 
36814.008495000678522 -2552.056366494444774   16.010458410732404    1.701849015502874 
11508.059450191118231 -1857.727066134765664   96.241568284241652   -1.525793259653383 
-6349.640432956346558  507.120379355820887   -6.484078123561600   -0.418438153623443 
-4111.025516550815155  346.063860530697582  -13.120748369406556    0.445130708661782 
6379.009781698568986  135.312775669650762  -42.795798736257147    1.110774226371868 
10862.951206063013160 -1017.655443485107639   26.275319527601852   -0.118100111290816 
-1703.933356745715628   43.605851572691577    6.916660157706214   -0.367434980384589 
-215.606943892249319   45.964969715040610   -3.581569994014013    0.271537348326185 
-9256.527163827386175  793.505277688390720  -10.850345372745680    0.058465299805837 
-1294.696650959678664  103.194543943860864   -5.176338752977074    0.023755441638233 
2086.871332252030697 -132.207667724189093    3.869319318930532   -0.147287982554932 
-529.764516419099891   23.718433229048827   -1.184902647903444    0.193955119324755 
-53260.043959791124507  316.793133037926054    8.209817155872049    0.059214886519923 
3704.793852806831637   36.517527150495710   -2.777943189638179   -0.041244049557125 
4627.228200353920329  -24.733569631001103    1.175155783673827   -0.109268172809149 
-286.687644981233461   -3.564496352659546   -0.838926008880588    0.177923913964393 
56530.122216592841141 -1295.805033660913978   -1.670965752186031    0.119588654095155 
-4328.963435582846614  148.690618474711954   -0.908710059211292   -0.061752360557696 
-6483.780371729730177  115.368825297949058    2.089901850081783   -0.095170188773849 
 998.481286616112811  -12.244774030630538   -0.998482770644856    0.168799154329225 
-48996.057910687290132  992.539313851469956   -5.763040139603024   -0.000006344884750 
1482.644018252203296  -26.546204301802902    0.739428837321681   -0.057576861106510 
6438.964464442481585 -147.095177650986017    1.661806666915004   -0.061894099752106 
-2062.055536067836783   28.173836768945080   -0.783546147778378    0.155549864551576 
  -2.380206858328563   -1.377570741831331    0.939079948203165   -0.008741718309528 
-101.350454295204756    3.530193400810795    0.583797256428792   -0.053332308382485 
 159.439530649698185  -16.476597842554362    0.555753401689134   -0.055392038833207 
 211.348990220641269  -13.656300218868964   -0.685380259098632    0.150902277067220 
-3735.809251300409414   -1.791761756264403    0.755243119362293    0.040630067913661 
 647.965036136444724  -14.106276862635774   -0.029667454625247   -0.027371331912091 
-1523.494700997287509   11.268226398005353    0.253642313513099   -0.047475807258960 
-2052.452899505646201   23.121533754906537   -0.136350291889706    0.106446482998723 
1924.339342544270039  -79.292484026563216    0.194535725043016    0.044531652447459 
 904.954141919872882   -0.664006412399416   -0.131805754963939   -0.028036767763393 
1346.056939376645232  -20.337225529488279    0.190929084537430   -0.045686785018621 
 -33.516879085714208  -19.457348473111040   -0.111012006236017    0.105930558754314 
 454.655186422180691  -29.994909103436033   -0.738702907712223    0.041609119090330 
-357.966512274473359   22.519038088631930    0.054821076331125   -0.028647216051955 
-145.128075678293840   14.145955972159381    0.138059931278117   -0.044701200139684 
 326.082273217582781  -20.315981262758569   -0.450648690758940    0.103542897329848 
-752.749929124311734   25.844577010732511   -0.908613657793281   -0.007708589502610 
 389.889451032293891  -21.445413848636534    0.098774257871351   -0.013222397182374 
 202.832071025952018   -3.678270845499861    0.566597260763112   -0.025298270242987 
-448.076305930566832   19.732537067574512   -0.474534355476817    0.073417891312381 
 425.051132476729890  -12.932084003799531   -0.686891788502270   -0.019501360186917 
 103.164270408096741   -1.360907041164602   -0.292835642449394   -0.015875498548917 
-291.433883598783723    6.770286048020544    0.619690601468971   -0.015626783563275 
 114.144371433972083   -3.349368823703216   -0.193217131452772    0.068819145558965 
-607.040471903553339   32.297541616304130    0.000000000000000   -0.041167397238827 
-180.749948417433501    9.616787102927125   -0.000000000000000   -0.023370802243765 
 455.618526796008609  -24.241148673677309   -0.000000000000000    0.001866083591389 
-165.336507819395990    8.796716181453787    0.000000000000001    0.062845578150628 
-40504.450855511291593 2348.563601052333070    0.000000000000000    5.402709739873188 
47081.248033453193784 -2729.905061987517911    0.000000000000000   -3.564740490954160 
4751.820990754031300 -275.524135789705667    0.000000000000000   -1.093486489124769 
-6002.886521110463036  348.064483950642625    0.000000000000000    0.705397994395309 
49806.200652977982827 -4697.127202104667958    0.000000000000000    6.572472273691062 
-71353.494744392155553 5459.810123975037641    0.000000000000000   -4.924439951919110 
-5415.284635527586033  551.048271579411562    0.000000000000000   -1.230718374633398 
9240.416420235587793 -696.128967901285478    0.000000000000000    0.878760466885166 
20448.593826570875535 1078.683973687486287 -139.871773418181021    2.430688447785859 
25313.312635816255352 -2814.748203570176884  102.245490188266317   -0.887599878839808 
-1746.968922205413264  -76.939029357297457   18.326804185501892   -0.720112295935092 
-4653.014781419323299  375.442437451009937  -12.396213203827019    0.372309343635171 
-31641.977115753263206 2571.401618320951457  -51.054791448275793   -0.039508454291858 
13255.079874200013364 -966.913152608991709   10.226895001505493    0.298440223598634 
1310.820528287159732 -204.465222939070543   11.479436973844624   -0.344892466346111 
-246.405997410849295   35.779117622152086   -2.390021151088709    0.225932142450075 
7255.973841968839224 -693.448695341962889   13.534884972203411   -0.041053670646522 
-4765.894337394951435  400.759023077008237   -9.245218267756698    0.045679929065421 
1329.297458707702390  -69.213471846580504    2.066624691338810   -0.138608561216975 
-307.214389675689745   10.354704508133125   -0.803310106858539    0.176029490319669 
46389.906505232007476 -319.765261964298475   -3.858657624951217    0.023646972256327 
-16267.722632114950102  155.314952039718690    0.300738243813873   -0.019038467112154 
3056.862102940414843   -0.754509732224392    0.865505165445786   -0.116803487392809 
 245.579760654152778   -5.466869606843488   -0.719402099126894    0.163736608164153 
-57098.057953311559686 1084.820101129741488    3.862740627452756   -0.000177771452849 
16869.832395639547030 -337.236269148133431   -1.535322216281039   -0.016906615272013 
-4916.171751722655245   91.800618963771626    1.784397815645240   -0.105002560752563 
 230.779081423205753    1.968750838911660   -0.754707239044548    0.156171571688810 
65860.926390730324783 -1226.514335239889988    1.950808917495112    0.109182162283787 
-16890.877698255560972  345.656038392498886   -1.421711215029468   -0.057579240438291 
4512.935254442065343 -107.206448389649111    1.576521369701532   -0.076288612445206 
-1329.714090834142098   11.310708467722236   -0.575522676603514    0.146913451235421 
-713.784619386106215  109.517369474558976   -5.602194267219502    0.086655796983949 
-102.243031867077065    3.013604372624112    0.935952237004968   -0.056610452748558 
 133.990344879412788  -15.658623120874992    0.745722088368355   -0.069134883974587 
 229.690681861970688  -15.663406245155727   -0.604955111231956    0.143127881226019 
3558.774707984207907  -14.691656541659995   -0.101837845596192   -0.009123483369151 
-752.963433101221881  -14.778187521234713    0.253548715135618   -0.012135056444468 
-1536.619500617884114    7.657668350021506    0.281627471076895   -0.052414105803530 
-2240.061785884621713   24.306151943998337   -0.103633472461583    0.100163685631621 
-3038.134224208848536   59.136419709834982    0.205503082429590   -0.009353450788845 
1626.581395373958003  -30.398687922360651   -0.058854858072801   -0.011337398095596 
1662.498881538380601  -24.220062321333330    0.167096507907836   -0.050608555750995 
 152.638622082268284  -22.164744897355206   -0.088825383002175    0.099868612014369 
 200.819037621575006  -18.694265467775256    0.550851064933312   -0.005178181283267 
-187.470817366148253   11.270947174842943   -0.222192514060957   -0.013043796393081 
-213.307741883372728   18.369704130093815    0.117138501561887   -0.049912576695313 
 303.236035414488072  -18.254460602946416   -0.433977399148127    0.097588902372299 
  -2.144878819588030    5.969770482136782    0.029922031034211   -0.000179544234252 
 107.608227610664471  -11.753697469611398   -0.241955863801129   -0.016113118245852 
 265.019280856323121   -7.828159760280906    0.548699560021890   -0.028965209671515 
-418.100489085264599   18.988146309976173   -0.403940986152565    0.070033951737160 
-171.869714344504729    5.859280615998673    0.233039997488037    0.002083560648044 
 262.558445086872894   -6.210438542589628   -0.550420063137741   -0.023188508619011 
-245.718544161912661    5.823867850051287    0.514283638270579   -0.020509784459266 
  80.157255702368957   -2.549605216788763   -0.121672948706841    0.066579654354614 
 233.612766034423430  -12.429349248225220    0.000000000000000    0.010051392518189 
-408.390125381266728   21.728365209041229   -0.000000000000001   -0.038808576208325 
 381.976017571170928  -20.323004634681261    0.000000000000000   -0.005906338715122 
-112.394035835603219    5.979916031696677   -0.000000000000000    0.062633264741760 
29778.126962264450412 -1726.620744484762781    0.000000000000000   -0.127514483332651 
31892.078962636620417 -1849.193711592902446    0.000000000000000   -1.538724338501718 
14623.486865265233064 -847.911482487256762    0.000000000000000   -1.731419592806754 
-4752.374652320677342  275.556238666680031    0.000000000000000    0.523565280544244 
-58303.716990597495169 3453.241488969525562    0.000000000000000   -0.987502373848372 
-52676.169499525669380 3698.387423185804892    0.000000000000000   -2.459762849284971 
-20918.992666017282318 1695.822964974513980    0.000000000000000   -2.153743724783907 
7545.885221063858808 -551.112477333360061    0.000000000000000    0.660813155716808 
68401.611400509238592 -3307.990160294632005    5.614724247585249    0.804819568979593 
32981.535320780531038 -2410.241713437382714   49.793575156448611    0.023908289079891 
5539.887072369155248 -730.062768983240744   37.331687353591235   -0.828073744655081 
-4435.926726942850109  323.951422736672157   -8.780963953905006    0.273173996910994 
-20445.864376224191801 1685.228108153127096  -33.871699917934791   -0.031703852356666 
1389.338455792518516   -2.637545738633211   -8.918651791598013    0.283624553239189 
3141.372819536228235 -325.659060232523871   11.642967375083071   -0.272134369241384 
  62.756455105214627    0.135215531035868   -0.895012684507021    0.187406547700751 
8622.146333605585824 -424.396283446330642    9.492922582437396   -0.035020694515829 
-2044.904146656608873  140.715762323771884   -4.169636403180447    0.030284802572976 
 477.947648201256925   -1.529123671482992    0.389767857471670   -0.129112969762175 
-201.347482448927622    6.610488279799029   -0.663003233663551    0.159336986108713 
-14050.554833365838931   19.645180208137219    2.544680797320666    0.046492767124417 
1128.492307347045426   35.402978803107942   -1.146258365542845   -0.010170852516031 
1164.458312344429942   23.085231623128834    0.759815150229664   -0.120454652346332 
 464.109643537940428   -3.758928725024987   -0.614051359060312    0.148884881684113 
22253.126377095875796 -405.775027527570671   -1.352376218285696    0.059731766857686 
-4541.939336852334236   69.571268775520593   -0.086794480986246   -0.016973279566831 
-3375.185119374246824   58.342493917194815    1.581633228486828   -0.109237547607419 
-231.670900800318122   10.293300763962407   -0.548102506430291    0.142781738521245 
-29694.774857251617505  495.033496543851129   -0.147979311338618    0.022274185305893 
7806.969698268362663 -114.286837322460855   -0.690157870968792   -0.016635929581871 
3377.446754443661575  -78.285298255894233    1.312537733951749   -0.085565508697726 
-900.882526207227784    0.915242207883352   -0.396861569458675    0.136690945458632 
 948.037430944114362 -107.344314516357215    2.473529713555413    0.034727162357263 
-369.912264136868771   44.082617925583762   -1.164870613202343   -0.024114528879577 
  74.970932878919740   -9.771595333599016    0.717107291343683   -0.079225506678104 
 243.447817014235625  -17.359745454687861   -0.508057382160872    0.133770732008484 
1909.108881360280520   57.628147380849967   -0.410251812619770    0.002057077475894 
 581.577082392893772  -20.287558724357488    0.215359523037035   -0.015556362707900 
-1558.042794456425327    3.274450069322505    0.340241000848477   -0.055875533197576 
-2436.953545252539698   25.003756666048801   -0.064667241945158    0.093404492845779 
-6814.398245786878761   97.233305793732143    0.660633919271773    0.002607142926263 
 487.281061295628490   -8.222530531172040    0.018208797838285   -0.014844942141413 
1926.731688622076035  -29.047714628024920    0.162015750378523   -0.053881348280621 
 379.932460670625005  -25.551731366562933   -0.068456553463213    0.093347127241679 
 998.666984179221231  -77.337416038286293    0.830531035682398    0.011095510261777 
-112.163678258060145    4.260597624427444   -0.015623364710969   -0.014985614374307 
-250.762053836398081   20.311147230002565    0.087411516715397   -0.053416253041237 
 274.035560840575215  -15.818651274319528   -0.421730963498896    0.091135907331424 
-204.277767849852864   45.316086794456623   -0.480392511851715   -0.015998686167001 
 106.803898053319585   -9.515033538810190   -0.230735102163299   -0.016180447333697 
 291.820796564320915  -10.486751136333577    0.489613189276336   -0.033001905368959 
-383.295889638251992   17.837634524951298   -0.339075660054858    0.066161182383297 
-891.116331817831792   34.793057232788094    0.895170607639370   -0.011920471377866 
 198.107302207685052   -4.013208311590176   -0.463030064079728   -0.022407173375994 
-188.135325750093045    4.545911993278814    0.387602372368395   -0.026209244708642 
  53.209230350783628   -1.907215930307203   -0.065532651164452    0.063657680304424 
1128.288343895332673  -60.030494553154149    0.000000000000000    0.023838547627776 
-320.785338118360244   17.067359240956876    0.000000000000000   -0.035039304014004 
 290.829084633717855  -15.473539078431511   -0.000000000000000   -0.015137323742913 
 -70.571854414629215    3.754770086002389    0.000000000000001    0.061308220025127 
-82378.781277791233151 4776.556727018234596    0.000000000000000    4.996174768473137 
43058.876573485904373 -2496.676490774695139    0.000000000000000   -1.586542269751470 
23992.356307280544570 -1391.145257783206489    0.000000000000000   -2.122077918838400 
-2367.964656148147697  137.301345470561728    0.000000000000000    0.282846211929051 
129474.253550511697540 -9553.113454036469193    0.000000000000000    7.375261754841347 
-74540.063370999894687 4993.352981549390279    0.000000000000000   -2.830076239478121 
-36821.021774832952360 2782.290515566412978    0.000000000000000   -2.814973610879292 
3994.071542134350238 -274.602690941123456    0.000000000000000    0.351232680024819 
-58446.845762873010244 5461.459647910814056 -158.163839515699863    0.579134319139525 
58632.139595971588278 -3650.738023547876764   51.899096749293285    0.325715627447237 
16991.596436963154702 -1487.685236106397269   50.043271341808946   -0.784370755089190 
-3094.507456242889930  188.572631559482517   -3.325512164590527    0.171610259066646 
-19239.756204133827850 1194.924810192746463    3.804959159740851   -0.877834329820636 
-6277.860685291552727  629.322994818789084  -21.620539260823538    0.271735608605439 
2530.307540848848475 -247.323379097504358    7.825568493530374   -0.202714349010805 
 437.203142059188849  -37.321917501459197    0.354848639232427    0.157759463603306 
10211.949946994622223 -790.252154194579475   17.723133352135090   -0.116233816323416 
1188.400728445498544  -18.432843968602391   -0.609790434766429    0.017152042129540 
 370.884720924865178   13.756241122913195   -0.207660497271689   -0.123183364174361 
-156.715524157454638    7.789132616066482   -0.660891955860464    0.143602665134667 
12527.121825537902623 -264.335633437337492   -0.380661482454144    0.006791824084978 
-4140.465755165110750   42.769921381159790   -0.192003066547600    0.007263935155625 
 787.961631367161317   32.856844146162302    0.592532471218359   -0.120818017016383 
 599.857134974376095   -0.281733735741341   -0.532014672560943    0.133759936756048 
 387.873707379071220  114.958339829497163   -1.888267884984184   -0.011097076088169 
3802.983054558545973  -82.594366547317023   -0.593935562843368    0.005426133004801 
-3467.554654660958477   56.714606695720192    1.496541973008124   -0.110680940927672 
-681.073705405155124   17.880634227589439   -0.354395876436186    0.128978501184230 
-9106.183347387979666  130.659501812285896    1.425942766673134   -0.014692690327451 
-3328.570873200918868   71.350723881481670   -0.745650112720763   -0.008283110092160 
3937.246607577077611  -83.652312436016359    1.133061735990553   -0.088680388656980 
-414.715387509403172   -9.689289609329649   -0.243867091541051    0.125778824739875 
 406.971998821738850  -54.065346861653026    1.943863507734659   -0.001891874102998 
 -14.398227532825807    3.828499981949703   -0.237296970619064   -0.011091842995603 
  26.932121420207778   -3.782705595157310    0.541836343366008   -0.083626303162502 
 248.890940104274762  -18.102060830590254   -0.431788961352410    0.123558580648957 
-1581.132781070373312   16.753768900462166   -0.220391008178745    0.008380421829247 
1297.492912903045635    1.322996543461143    0.061515093304608   -0.014784958654439 
-1323.159045044436425    0.903879796710463    0.374850327891184   -0.059668198367868 
-2618.893024363293080   25.208624794999253   -0.019573397363168    0.086181000758217 
1243.547224722746705  -16.047405970964931   -0.215506422846312    0.007134699390038 
-2068.118280874481570   28.239959141478391    0.265946517565192   -0.013867263544064 
1729.127036174722434  -26.545536051736690    0.197535164803958   -0.057470373991305 
 615.078316757331777  -29.121263934237220   -0.046629771576097    0.086385098561670 
-185.001324280932010   15.809689670058246   -0.217536355387368    0.004898588037984 
 262.336440809146325  -24.740933389929815    0.295825773669931   -0.010824798026140 
-231.990458517512451   17.751105259314770    0.122436817835267   -0.056642554591293 
 242.888268091718317  -13.364235673387299   -0.409426508054013    0.084246396395151 
-183.018952927097473   -6.911658698539006    0.146740787464225    0.009796294809317 
  30.199735109625180    7.478499009110958   -0.410882294107691   -0.022179954646322 
 308.946250709689252  -10.741317952545987    0.409411014742463   -0.037796955616461 
-345.548459175959806   16.466626215886116   -0.282417513991328    0.061751877288668 
 374.007692381693460  -16.339575756126202   -0.252508773704478    0.009351516821566 
-136.061322224000378    9.034188150705297   -0.127341086214966   -0.026877350142694 
-180.379578252132774    5.173534473168218    0.313805978581559   -0.032369810148478 
  31.047279643434877   -1.333728121108145   -0.022568819276603    0.060008130461184 
-440.908921505650937   23.458525255612656    0.000000000000001   -0.003471832788156 
 102.322790842387704   -5.444076216475839    0.000000000000000   -0.026099848653588 
 263.521266224221563  -14.020628700371397   -0.000000000000000   -0.022779717826362 
 -37.026801571842263    1.970008129664233   -0.000000000000000    0.058915125095380 
-267566.055831822857726 15514.243159236715655    0.000000000000000   15.931206134702737 
12166.833594314466609 -705.467718142873082    0.000000000000000    0.287023268425940 
30895.570078255557746 -1791.413283897900783    0.000000000000000   -2.284517794004089 
1142.978771539449781  -66.273169563236110    0.000000000000000    0.002554902954059 
443892.890354088216554 -31028.486318473424035    0.000000000000000   23.658474146556330 
-25987.218289558470133 1410.935436285746164    0.000000000000000   -0.064353081412641 
-49386.931982402697031 3582.826567795800656    0.000000000000000   -3.176777275990634 
-1520.365268425799968  132.546339126472162    0.000000000000000   -0.030454154462013 
-313177.018425698683131 20447.865688885085547 -408.996377144454755    2.933987761919102 
36714.572434894522303 -1602.690655581342298   -7.412343069093717    0.542890997124556 
28909.935440821380325 -2144.363820997547009   55.604115551833836   -0.675794927017716 
-168.584716066050078  -43.763891196926863    3.431906390789198    0.079784343076430 
33682.547725085685670 -2413.601718731526944   29.828646954853532    0.576870534018115 
-13492.769261841758635 1077.419798641070884  -20.193679575920751   -0.057452265077299 
  58.978797457186374  -33.980529915022032    2.598791138937343   -0.175928931069787 
 617.822362621415323  -56.070330574695959    1.002655335832225    0.134951518685984 
-20354.995082785295381 1061.796676979440917  -16.664877543000216    0.118056994330169 
5017.881958568475966 -314.777401791570242    6.036384572284243   -0.026435638991741 
1146.670056801614010  -27.895039597108337    0.470663769918036   -0.124343813782136 
 -71.840957919662287    7.677188330759947   -0.661761998734262    0.128245726098640 
-734.279820828429365   13.512240653966302    1.794630766263511    0.041907924582501 
 557.204929411667308  -56.355941157842551   -0.334751122467912    0.009810869187492 
 340.054028147973440   31.158591674076945    0.526688197591421   -0.118683666473493 
 658.124596286314045    3.977371270052231   -0.461691641031374    0.118784448897223 
-6071.029356948607528   -8.720153555205059    1.842995420737305    0.060641925998141 
3948.435694825660448  -39.484989111254421   -1.302036019712442    0.001264729471738 
-2498.627310987929377   41.454687238398606    1.259545525188648   -0.109844583118105 
-1054.338861175576312   23.903951094732122   -0.180296396192459    0.115206492919736 
17246.195647744680173 -254.475958917276159   -1.708405216938141    0.069007457548227 
-6743.389628471393735  120.348037061088547   -0.210921575218331   -0.013792868964954 
2678.251544868039673  -59.689967318195158    1.013490274998166   -0.091439886039119 
   7.646004193594763  -18.775779263706340   -0.111100113087336    0.114535655901767 
-895.699928069476869   95.374330682328349   -2.784231867844465    0.051152075592047 
 138.216272025324031  -16.446005091170175    0.491651844781438   -0.011801295784227 
  42.409376981770095   -5.359893733809862    0.573630702636304   -0.086487945509981 
 252.827350161799131  -18.620675098356102   -0.363970575184038    0.112928287640230 
4295.533926324587810  -60.490635648820557   -0.760806469257908    0.035740341396115 
 704.568120001830607    7.605659881134070   -0.021131534762439   -0.011642300468472 
-1072.901415931344673    2.019961849784899    0.379898272708956   -0.062971605758232 
-2767.102728192765426   25.375003795463364    0.027813615768266    0.078507828994643 
-200.842864107929017   28.621778672345073   -0.981183480632879    0.029007095859752 
-1601.788071603620665   22.222181902369783    0.185131608997827   -0.011191751272800 
1270.388742114972956  -20.237768421255936    0.253919930624335   -0.060602750843413 
 801.333651313793325  -32.029549168905817   -0.018203372620768    0.078998560779627 
-326.068927701631878   23.476601872059227   -0.536299399902841    0.022590500398979 
 192.960944203810072  -18.812299763659073    0.214249640399689   -0.008987827511896 
-175.078285390894081   12.306951115116256    0.186196244593968   -0.059119132783547 
 217.627136953186010  -11.501046300053801   -0.389924503805128    0.077006507156843 
 542.224552023752835  -16.570277399103613   -0.253560875540888    0.017608906375206 
 -38.432372238053517    4.886626997159356   -0.355854498808610   -0.018506344092828 
 307.917171068637458   -9.195677201762248    0.313568915627926   -0.042882742958855 
-306.815765868596827   15.227313685439647   -0.237374569893437    0.056699829433561 
-122.665812299195267   11.361518851001794   -0.343001054238416    0.011114488857136 
   4.191562419141860    2.906847242157596   -0.222031876354146   -0.023370531334607 
-196.863298227740643    6.666163897276114    0.270134358260420   -0.038650795333140 
   7.104357976351821   -0.577790356006041    0.014174042375342    0.055560210277937 
  31.789001237496088   -1.691331365747716    0.000000000000000    0.007768376651155 
 -63.018054722238567    3.352870754379297    0.000000000000000   -0.027401785949147 
 268.434358239240510  -14.282029383133491    0.000000000000000   -0.029467422151704 
  -3.348999924219355    0.178183283375291    0.000000000000001    0.055653069308458 
88656.971228339549270 -5140.584089120937278    0.000000000000000   -7.569781282856981 
-88170.437342619043193 5112.373466570890741    0.000000000000000    6.261225568939466 
21395.119609717472485 -1240.550065344397581    0.000000000000000   -1.465986689333414 
4672.441853436028396 -270.921506976071726    0.000000000000000   -0.247409445745456 
-134865.335567784582963 10281.168178241874557    0.000000000000000  -10.130181463929176 
140472.615593224501936 -10224.746933141781483    0.000000000000000    8.807574723545979 
-35076.257319444426685 2481.100130688795161    0.000000000000000   -2.083874570723967 
-7232.803750527659759  541.843013952143679    0.000000000000000   -0.382348873540422 
59641.617796683844062 -5358.585550951571349  190.283588386657556   -2.557562158305113 
-80726.809474742447492 6065.258977750562735 -160.785984498264185    1.643136407844219 
23408.405810840387858 -1586.542780726394540   34.579324605914096   -0.402541501396619 
3407.148544219156065 -296.914172641474977    9.467781925203575    0.009523093876784 
7849.239763572260927 -1004.834090354201862   35.443458394580034   -0.240904742734495 
-861.813864934596154  172.319154116746887   -9.007936967850688    0.158874185179495 
-1735.344093389860518  122.236839179705242   -1.051410929034086   -0.163251191057013 
 480.156418612844050  -48.197278317204493    1.070237060909330    0.113189410922182 
12294.950494954537135 -194.941813068030996   -5.821227440144258    0.108830251819011 
-2615.241197476127581   83.396352075721978   -0.212944506340821    0.017835733882073 
1447.000151938172166  -56.817670811589565    1.198593778160961   -0.125418801920844 
 110.141355012107852    1.345733112853594   -0.541159107503738    0.112520272583678 
-14307.333033414583042  438.249459974978777   -1.644437444139230    0.013650039394018 
 281.849996601267094  -51.288850912609377    0.338235414880881    0.025526340905930 
 444.935893899559233   17.702992665270983    0.527123734143046   -0.114266515211816 
 707.903536551819343    7.018024743747901   -0.397580964405648    0.104184136834291 
-6565.190964838957370    5.054567431285278    2.829656133560709    0.026985270750634 
1671.799685969825077  -42.755046694452631   -0.610912736935981    0.024005451721041 
-1796.097888388478168   31.174682762684711    1.020426930607599   -0.106685810469008 
-1316.830446530199879   28.451802494756123   -0.039597917920757    0.101614122689684 
14732.013474206683895 -260.704943527615399   -0.619927145468166    0.049958117804253 
-276.066260567143786   24.919552467109320   -0.851573531570121    0.012084927615631 
1800.819558738220621  -41.531518627170243    0.880678386649607   -0.091653378707784 
 270.745960231739446  -24.853610456661613    0.008953792735316    0.103024936759824 
-205.080857353440706   38.143526338287010   -2.124861486694261    0.038400769455070 
-197.671201000719094   19.319368914702174   -0.552435105660233    0.007380732562791 
  34.977510859844529   -5.000723255868266    0.566032795026454   -0.087040515912660 
 258.538737612905265  -19.361352655017960   -0.290022630146674    0.102032805602495 
 400.427853809750104    2.456439709339894    0.230135666090405    0.003461018227221 
2315.393342373460655  -15.078328487172541   -0.306433960734132    0.001760327555071 
-695.406233134419381    1.085878274029966    0.338952585771882   -0.064206852372407 
-2881.816813609302699   25.628191689577598    0.073484769490953    0.070524272684333 
-957.439282411275826   10.763461240644929    0.321552884605063    0.005302309406425 
-1677.104145644098253   32.955348904498422   -0.182812196239478   -0.000314090325393 
 860.527214959008234  -13.340577070397330    0.254209857219126   -0.062040981043188 
 934.712034240396633  -34.156146717868836    0.014512926112255    0.071305000294664 
 248.072201911946451  -13.764143488680057    0.295929136812322    0.008236834981331 
  70.685096315708066  -10.008574061637727    0.013137365436134   -0.000516389862279 
-142.122530325955239    8.704341886954239    0.214619620323445   -0.060307159955319 
 198.120512658091457  -10.210766856440067   -0.364349782365072    0.069520302825118 
-1089.077772186989705   16.703394741732939    0.416259359533750    0.014304365276966 
 164.901834770847927   -1.327227027504131   -0.450939827136453   -0.011903004202126 
 323.725853885237143   -8.750752205555383    0.212719624884794   -0.046683911495724 
-267.867592973065257   14.121843759004861   -0.204233918068871    0.051084717332518 
 733.471209026497377  -39.398635901676798    0.026556821744088    0.020863108691874 
 -41.808117193057114    7.167416811283339   -0.350657271693555   -0.019202598013181 
-201.565367574480092    7.925446903956221    0.198548214754458   -0.043972436501614 
 -17.677642803964090    0.323090085818052    0.043801665155801    0.050385404295240 
-726.435081171451884   38.649922619007697   -0.000000000000001    0.004968386781586 
 -51.097179258177214    2.718621492223892   -0.000000000000000   -0.024488644704964 
 254.169953991689056  -13.523092852308107   -0.000000000000000   -0.035953725983468 
  29.282725643694281   -1.557985165553001   -0.000000000000000    0.051556661244686 
114133.210459215697483 -6617.769111645344310    0.000000000000000   -7.115602510956045 
-54924.073131991768605 3184.654433150542445    0.000000000000000    3.422557587868102 
3508.305800391131925 -203.421577879218944    0.000000000000000   -0.255513794732468 
6142.326868102641129 -356.149633028015671    0.000000000000000   -0.347610861465534 
-183621.092201262828894 13235.538223290692258    0.000000000000000  -10.411752702839831 
89898.114755305403378 -6369.308866301084890    0.000000000000000    5.008756674572544 
-6279.916025878202163  406.843155758437888    0.000000000000000   -0.356833145959152 
-9685.860155344907980  712.299266056031342    0.000000000000000   -0.525000350497249 
104944.985212005965877 -8058.211200332585577  200.130792872434711   -1.240751374347750 
-58361.202800986087823 4055.789396143727117  -89.429638853267633    0.684050598479803 
6022.404276374329129 -321.411733989608649    3.302371686972631   -0.111643125606116 
5188.330407290502080 -410.928336109124075   11.649564126725151   -0.020115826015667 
8640.771631205254380 -397.379728478299455   -5.617825382803892    0.369795485613459 
2081.651046405011584 -204.493629766079749    4.283359930116831    0.068534906654060 
-1582.864445706059541  118.215029723538706   -1.641983058750818   -0.134825054577819 
 265.103111712735199  -32.187753219390203    0.867287184334316    0.094794904107832 
-19180.998286550238845  494.183585256133540   -2.288386338284945    0.058058439916540 
1995.365238131824981   10.293172175210437   -2.395904796394941    0.058647078314202 
1369.515657020132494  -45.106480280222982    0.872487615318994   -0.115858450396310 
 274.166805479271716   -4.834153466060457   -0.406031727989225    0.097334164771064 
23976.681178410803113 -493.639889777830263   -2.279052879745844    0.067372389119537 
-5083.399890929153116  113.054696578007864   -0.278428626671348    0.030645105678687 
-155.257842891431210   25.423723373445796    0.534599582669239   -0.107245084388739 
 739.980419655270452    9.285466507910940   -0.329617361163338    0.090326331742661 
-1892.384769872823199  232.321811286816853   -4.916433693888682    0.018737280215638 
-790.146925844836346  -40.859583907719042    0.450208313149285    0.034124928252529 
-1685.891293372846576   20.722853937413049    1.000338877634262   -0.099419512972311 
-1528.043451088686197   31.690462437505175    0.083936609026430    0.088706187171134 
-6860.509394151247761  155.717908417738613    0.319527031580796   -0.009952028341484 
5248.438792260388254  -72.844801355746910   -1.084046211120667    0.030819221792226 
2422.366125199872840  -47.522174738249845    0.638725918813257   -0.086290360031802 
 520.308333569465958  -30.164871620586609    0.104521959429741    0.091854665864181 
-405.462593774821300   16.548015684990105    1.484369115528827   -0.002792614971830 
-274.576522508264873   33.623191291559891   -1.349258163170568    0.021781021108442 
 -24.053454578777774    1.617096769914468    0.328321136422602   -0.083395296703756 
 259.421765405231099  -19.610078847829797   -0.232050449385508    0.091343066562548 
3782.917984479683582  -54.008441390387780   -0.688519299570434    0.059854325361391 
2465.553787552334143  -14.157163596170962   -0.220133085950263    0.003058209390279 
 -97.787841893717996   -2.568558236387879    0.273131704936336   -0.063604535254238 
-2931.782486124546267   25.533125325026560    0.111515295798800    0.062532681057055 
1011.980108064709839   24.469568691208963   -0.892784187063448    0.053761417273099 
-2036.143876548486787   36.991646869743903   -0.062229864512593    0.001674275702017 
 396.371212184952583   -4.597202598617343    0.223579599625119   -0.061870957871110 
1014.203185236121953  -35.287769139800076    0.044060750676148    0.063555326075991 
-625.420927608104193   50.394396030691951   -0.253497787427248    0.048552118193008 
 163.712172032691456  -15.170127869893207    0.124110791740768    0.002572423255720 
-112.822871782405741    5.557004145512927    0.231775639970556   -0.060050155781139 
 181.944167016639426   -9.305991183035196   -0.336739071894366    0.061989926807428 
 339.973664149009664  -26.418063709411896    0.728071040778907    0.079722792181113 
-243.502329799262952    4.936546000645683   -0.294842567311303   -0.006538867223264 
 313.900792006684469   -8.299587333912690    0.119496825578825   -0.048989145423898 
-226.952375092918942   13.039885628860624   -0.183876893195690    0.045091182168326 
 135.168897755300577   -8.904885669115529    0.121536705319923    0.086156528949985 
 233.243586191869781   -7.607071651844965   -0.340698463539520   -0.011378932253728 
-177.635933949627542    7.870490048885969    0.112128747850323   -0.047795127784977 
 -42.094004626785363    1.348811375743416    0.063193040922365    0.044629557397746 
-102.968214783804711    5.478415947635288   -0.000000000000000    0.085295999293789 
-323.510334697461928   17.212342474351253   -0.000000000000000   -0.022625499661869 
 207.344014747233103  -11.031722356486156   -0.000000000000001   -0.041842994029322 
  58.836757948832400   -3.130405181160229    0.000000000000001    0.046689514303670 
54751.633298305139760 -3174.655879702363109    0.000000000000000   -3.400432115744261 
-12124.119209785860221  702.991016283536851    0.000000000000000    0.754206646259585 
-4872.718242331071451  282.534103300040897    0.000000000000000    0.266581734533493 
5945.592877142315956 -344.742435041123088    0.000000000000000   -0.339970284650864 
-91753.987256228676415 6349.311759404729855    0.000000000000000   -4.981651165624996 
21040.205179831827991 -1405.982032567073702    0.000000000000000    1.104349411007607 
7587.373966013951758 -565.068206600082021    0.000000000000000    0.407305114738367 
-9424.826561233629036  689.484870082246175    0.000000000000000   -0.511678125199681 
70483.230794258794049 -4291.004066137562404   79.564367636493259   -0.794019955668770 
-19006.833346483861533 1033.960196019007526  -14.380591526104606    0.218768833099397 
-3648.600242059414541  314.806965030733181   -9.673907110448901    0.001209303341284 
5234.207822314085206 -403.471787293728994   11.055902935343397   -0.025806268643207 
-12782.098042270808946  854.169394183760460   -4.063611871928216   -0.383177894651351 
5321.940408107003350 -353.511027945442834    2.176675411565367    0.207208213759108 
-657.415513892060630   48.464447509598500   -0.834478641040543   -0.100357164526173 
 116.647360691754216  -21.382219751227055    0.717994485697750    0.079734887009913 
8570.390298523718229 -464.700050981265576    9.331664732365640   -0.032563712182212 
-5197.509119324597123  195.612016646261935   -3.254049673251778    0.080418993282905 
 969.247671871045895  -19.368331677539146    0.166243306613151   -0.098475191446671 
 439.070957174180421   -9.346430370897281   -0.338876293084984    0.083881614460646 
-5850.120631124200372  -23.324028700847379    0.953900532437404    0.034042306568278 
3907.855550975019469  -72.060262088681270   -1.133073456576045    0.055909751598514 
-302.200885385713264   30.548027684611952    0.358161822263316   -0.096425727229089 
 687.974521424654085   13.265771153900687   -0.271594135777176    0.077531112667797 
13647.298663980020137 -200.452943799755246   -1.304592631633353    0.035279687723260 
-1499.791214547159370   46.261095324838195   -1.393454322058994    0.041151408333393 
-1972.133560921846311   21.398042864552849    0.882433126520551   -0.090009970899071 
-1754.821972480275690   34.096141718793149    0.206411064065293    0.076848546303962 
-22981.695923696035607  351.990913244752846    0.740164170674186    0.014707682524251 
2675.747769453656474  -14.450585699094614   -0.964223574277875    0.027087211164170 
3412.889445414128204  -58.434098120105006    0.382692195638440   -0.079052055912253 
 891.711522938071084  -36.939206944173037    0.168048553466194    0.081530483645355 
1071.969059170125092 -114.207727813023538    2.348026333134842    0.028701346405175 
-426.624995173822924   39.828697173431252   -0.792619744847261    0.020733790494006 
-111.703644289038778   10.798582828038356    0.060586397920375   -0.078080945253450 
 251.332906290225850  -18.850259044525131   -0.209193307703455    0.081253528603281 
-4631.444573180389852   72.330660858840446   -0.081048935755406   -0.010154294806414 
3884.148031732180698  -34.410329117566306   -0.478327823289171    0.025503581400801 
 695.924885516853465   -8.639494825605048    0.185824091281406   -0.060034311405353 
-2898.093176742317155   24.885364627197312    0.140872415190896    0.054746801651220 
 542.071108373646553  -23.750342059440115    0.254889861063008   -0.008787481246765 
-1656.651336024184729   46.167735128946575   -0.397023934661386    0.021834807179429 
 -65.228189386636814    5.797720151219039    0.166172874728372   -0.058932322510929 
1033.911362336737739  -35.236632855937529    0.069292139880920    0.055952619668058 
 139.756632071804262   -9.863606758700071   -0.032149977093171   -0.008005228677722 
 -70.820675820350061    3.727770641616495    0.029049121455546    0.020779467578098 
-101.211434755862740    4.126709491978303    0.250920629120096   -0.057131169426912 
 169.177785482614723   -8.749972358065726   -0.306322998643165    0.054618679804002 
 -81.525239168932842    7.300914287123767   -0.137064232229071   -0.016263610133049 
-116.012205743376796   -4.970227890383864   -0.021815927019211    0.023357179844654 
 268.961475063853868   -8.303797570129948    0.079914513787510   -0.046886856346225 
-190.855488932405933   12.027972962699181   -0.172124691361055    0.039021077768454 
 -69.298587827097890    3.101277141943381    0.041552966412381   -0.016877252334756 
 283.931922850100705  -10.946403777762990   -0.295122199044544    0.020929766102516 
-112.988995319380138    5.551305620184941    0.032651165027314   -0.046601273553879 
 -60.390063582812559    2.196369782471592    0.072123097288429    0.038645645078765 
  80.307886577201430   -4.272774928352198   -0.000000000000001   -0.014594074506920 
-362.123415241380940   19.266748454714062    0.000000000000001    0.009360500073303 
 121.639796004875905   -6.471835990352911    0.000000000000001   -0.043501118977893 
  79.498801018089253   -4.229727593411541    0.000000000000000    0.041272210366409 
-15055.273331995269473  872.947693515190849    0.000000000000000    1.406774985474032 
8407.743277078554456 -487.504938604849258    0.000000000000000   -0.520955397144510 
-5337.265233919482853  309.469863009876747    0.000000000000000    0.295738140672877 
5254.000517983780810 -304.641937264231331    0.000000000000000   -0.301504557962435 
21822.796071306536760 -1745.895387030381698    0.000000000000000    1.841569046575572 
-13367.540041253903837  975.009877209698061    0.000000000000000   -0.763769776101765 
8546.457108336189776 -618.939726019753721    0.000000000000000    0.449877569101597 
-8326.858615906834530  609.283874528462889    0.000000000000000   -0.453239313743252 
-4949.370502076389130  784.800546070250221  -37.151346958388544    0.493282908318314 
7424.378201363185326 -575.166328782577580   15.456046337580323   -0.078988650276392 
-5096.407135199497134  372.156198435286854   -9.539475259014431    0.018681826194159 
4618.813581162884475 -356.346155918765305    9.777366959481926   -0.023787662934284 
-6132.751649101148359  423.503689135381194   -7.749862317211226   -0.017351038651822 
 528.653642255436807  -33.197505126531702    0.652820959592285    0.063516503264851 
  73.908742403246492    0.125880875601602   -0.480791594645836   -0.066516574898178 
  92.660705093108277  -19.179474026159610    0.639758466936032    0.069679475458637 
10214.990196298707815 -209.279656606191679   -0.381913539985476   -0.032436050378344 
-1983.612757378225069   21.349497528286847    0.245324601385351    0.068207601214576 
  71.607437283195395    7.751857594279528   -0.209847327370152   -0.079896867134486 
 495.754879720417648   -9.618651357564623   -0.350714498222498    0.072765161299502 
-18370.206436322954687  316.793437317247140    1.463743550596454   -0.048988901022371 
1714.060314303616906  -80.806772851500739   -0.775360756912042    0.068675616561618 
 400.538597774102527   11.439648317089393    0.119607545577308   -0.080852556209072 
 699.833636877760000   15.912778275785143   -0.242665093775846    0.066417975512904 
7017.153218037418810 -239.416415672326252    2.244679464101754   -0.020832415252764 
3617.945784445198115  -28.908758600066449   -1.882676558921506    0.054381291229616 
-1707.364239684570293   23.567084955148914    0.472916766397989   -0.078068383453695 
-1998.118025119717913   37.102217035454032    0.292394448614532    0.066309196336872 
-1446.810450395450744   44.638567272872166   -0.383528713111340   -0.016895512313155 
-5942.388201932219090  117.546006767685128   -0.686662010275046    0.032602592110764 
3004.559391354288891  -45.547170486530888    0.176331497569324   -0.071590830502886 
1315.245137661576337  -43.781777358303344    0.202264717718755    0.072100940273194 
 -90.476330489089818   15.289076787834381    0.021695025462408   -0.017895192789904 
 -24.636597985026249   -2.999200756452407    0.087890130078297    0.031496795395946 
-168.111343433894774   15.402269880160688   -0.027504803925745   -0.071552122017206 
 232.797624773196674  -17.101174766070280   -0.209418702544743    0.071873433240266 
-4992.902465028398183   -0.455135937338511    0.882136347667306    0.017146881644351 
2147.356316789454922   -7.286331295501036   -0.508721174197440    0.021695720848396 
1449.862929082062692  -13.851577377238456    0.062442966595579   -0.054134398624204 
-2759.458543238891252   23.409037203524633    0.156468255659531    0.047621173577895 
4656.210443170884901 -104.034714345995013    0.159576359354661    0.021574176796477 
-1453.374670384004048   37.261356856654992   -0.301440236762760    0.018539501711892 
-453.981440187666522   16.226356649419358    0.078864853300354   -0.053885533899514 
1000.931394171570901  -33.836934362480179    0.084358082002771    0.048910085167060 
 -88.586523501585958   15.247720984032110   -0.598603060233140    0.018250010238490 
 -18.411938793420859    0.028918107104065    0.016992880045593    0.017777506823953 
-112.365511582584446    4.596295585568363    0.256675879307740   -0.052311547626655 
 155.692745250454237   -8.195152112243758   -0.274566820404420    0.047786327594284 
 113.513786158829930    4.367770426565087    0.204436981946247    0.013220760108496 
-146.584170431733952   -2.232385032712035   -0.073215014105106    0.017258326044760 
 236.136928041965803   -9.204124185516989    0.068035646146970   -0.041809918110048 
-159.207224246916326   10.926598053862723   -0.162743954575863    0.033493411796707 
-312.507160006431263   10.215244383125391    0.454843568944358    0.018593698550549 
 257.944952414934448   -9.783424849534191   -0.279539836639886    0.014600796476983 
 -45.254385911250665    2.960077041772799   -0.039181589433241   -0.042159953231441 
 -70.212600507552224    2.725302607885027    0.071674366694296    0.033114550096416 
 433.016215494214066  -23.038594439352135    0.000000000000000    0.033633209027933 
-332.007957774921806   17.664457856581535   -0.000000000000000    0.003887722133208 
  34.873374377838061   -1.855435201440948   -0.000000000000000   -0.041845091202079 
  89.202448496523559   -4.746009411132698    0.000000000000000    0.035952324256046 
-8846.163956993808824  512.925820237601329    0.000000000000000    0.024764915183596 
2762.015777580334543 -160.149553536652917    0.000000000000000    0.006585222408251 
-3941.045352087123774  228.513051492189192    0.000000000000000    0.231441868830844 
4688.808521721643046 -271.870493089800561    0.000000000000000   -0.269929611065204 
16699.715041345167265 -1025.851640475202657    0.000000000000000    0.280240818358159 
-5183.991514513966649  320.299107073305834    0.000000000000000   -0.073181383635927 
6227.515663865206989 -457.026102984378383    0.000000000000000    0.345258674134386 
-7424.796641932632156  543.740986179601350    0.000000000000000   -0.405341705813050 
-17730.872416495949437  910.742588833445097   -4.449567444688225   -0.288044013101933 
5568.364263084549748 -280.866124006234429    1.524291228184631    0.105992440342976 
-3472.314327143531500  265.152141836685416   -7.416933063293814    0.022057299952482 
4088.101859397379485 -317.280791435038793    8.753872051601711   -0.021723189140274 
5572.673365952450695 -383.585340770051289    8.377670332711020   -0.112527137713514 
-1771.128226157496556  125.616378299236402   -2.253377409361923    0.057009863770417 
 -81.400580584510749   11.678240022189669   -0.680861150867041   -0.051450779018770 
  98.181480489104615  -18.855294291468944    0.574723395260629    0.062323460212511 
-8917.434382531570009  191.408576968192477    1.768007844576426   -0.051415972865980 
1847.008566233786496  -57.130373699035154    0.102107023890800    0.056044082322696 
  54.531913390140744    3.279248072935992   -0.166418374210634   -0.064365406692327 
 493.663012773929040   -8.724832588709155   -0.373858142129905    0.063780445015774 
16051.615459465219828 -267.840252969739765    0.455927999329094   -0.009770709640438 
-5174.767099317374232   37.990766142466626   -0.226456925438377    0.050304778678229 
 -32.049750352636693    6.087647478460184   -0.005619664716494   -0.065980006804091 
 740.803844564572501   16.698865671876916   -0.236970288283175    0.057288781048236 
-8869.337062621771111  218.167713565740542   -0.045397447308027   -0.015949901924135 
6249.378241209055886 -118.689914477185610   -1.040921759883325    0.046569135509829 
-473.948736477769216    5.117250820491904    0.107466976547382   -0.065449580111264 
-2141.302774819353544   39.128793114861566    0.326476362759456    0.057359667769582 
6603.066614689163544 -140.863835237019117    0.997691830160351    0.001369787504043 
-6484.942120830311069  134.285469495008329   -0.830485277691785    0.026266774993331 
1451.143101008949088  -14.068235953693730   -0.013311913426532   -0.064232159614874 
1595.139444264745407  -47.551332611669778    0.212827981486578    0.063628502914577 
  64.743774504695523   -6.916336636272438   -0.001580453477295    0.003716833574086 
 -58.565221918437913    2.734203038985726    0.096025764626689    0.024786098099733 
-178.511570921827541   15.369145165477317   -0.004515317087620   -0.064516760330246 
 211.222048417457188  -15.192892064768529   -0.211441146656382    0.063386603867759 
1031.600761451867129    4.350032732625320   -0.150438666294014   -0.007009839770030 
 275.017892403906899   -7.457007272003263   -0.177920043822215    0.028125801465028 
1752.659705231221778  -15.694494698176474   -0.023387185656876   -0.047906708335026 
-2554.424997280806565   21.562852167499997    0.158047780691181    0.041226859391337 
-1247.062061742186188   25.750965898385815    0.057713390198036   -0.007501004558068 
 292.704245804992752   -1.751661023091344   -0.241599102004765    0.026629818010571 
-599.065243260032730   20.665068628614591    0.010984935954414   -0.048239368934206 
 930.568895945185204  -31.429623881874562    0.089817857542762    0.042506210207925 
  53.783987424224435   -6.196172562777019    0.224697779464481   -0.005906943685590 
 -51.631885106510111    5.746813476115712   -0.207483267541826    0.024621260663387 
-121.120989570076404    5.318262033470880    0.232864580870710   -0.047011701690738 
 141.186349205269948   -7.590382613577280   -0.243385968342258    0.041560802236324 
 -41.847331474768268    0.409427260186048   -0.012206211090836   -0.003402512457065 
-104.016500622182662   -0.594471122749843    0.003448854124741    0.022216111085446 
 204.811844160227452   -9.557481204949752    0.059314876149424   -0.036875613468772 
-131.758779291074916    9.749732316151361   -0.154984192422520    0.028562655174488 
  42.137398548215785   -1.746268441901316   -0.035161261335275   -0.003703255115989 
 140.754767412525780   -5.952708205862393   -0.108973498285747    0.021573433433439 
   4.583079067181529    0.993060409848248   -0.087745756298946   -0.037638174492639 
 -72.449374411862664    2.962397874018446    0.063297224413237    0.028109009204920 
 -51.453239603432486    2.737565655506339    0.000000000000000   -0.005267037364206 
-169.626876964593663    9.024984941824586    0.000000000000001    0.016500175518683 
 -27.830979964601092    1.480745148359803   -0.000000000000000   -0.039296603995593 
  89.219730749407006   -4.746928912068079    0.000000000000001    0.030848123375501 
21121.493901727171760 -1224.684466267629887    0.000000000000000   -1.304387712501248 
-555.295706292334671   32.197629052447063    0.000000000000000    0.015872065602099 
-3665.205343176126462  212.519060931663574    0.000000000000000    0.234249029832138 
4222.056685256940909 -244.806890184635506    0.000000000000000   -0.240848114386252 
-34428.650239409580536 2449.368932535258864    0.000000000000000   -1.914373324024268 
1078.401625990457660  -64.395258104894125    0.000000000000000    0.031908923248382 
5714.316927799771292 -425.038121863327262    0.000000000000000    0.340099616585943 
-6694.740420423635442  489.613780369271240    0.000000000000000   -0.362780485317207 
21620.064417163190228 -1543.173767232614182   35.029187093065865   -0.243048281042095 
-1080.712893101420832   60.662346806306786   -0.144296563573438   -0.002024064570249 
-2911.357905895642034  237.626669686694527   -7.244433730217417    0.035053346924073 
3706.437649926665017 -286.746512774235214    7.841881907714962   -0.017872480728944 
-473.889336075976871   35.059528774106425   -1.667529120655467    0.007101767239868 
 318.624286074673591  -18.228124489532757    0.888248965404710    0.014812187127849 
-262.963573094863989   25.101771748402612   -0.851502206361693   -0.042473022656486 
  71.216657050205811  -16.181948496461168    0.470769366749545    0.056563112390731 
4281.411893049747960  -13.836838917117397   -0.937603117792380   -0.028058136579935 
-1497.029327215588637   14.647842664037249    0.765109965606972    0.036763092497954 
  98.279318267419967   -2.031068306438762   -0.058016250523414   -0.052764509839746 
 511.922146766718470   -8.833743791748581   -0.389611876336502    0.056510036143521 
-15329.399560954676417  206.656334121207948    2.372471796997261   -0.026571885454585 
 844.588697982193025  -62.449328721187413   -0.055483925689979    0.046640762563065 
-573.322050519544973    3.030327156120222   -0.040862271107537   -0.053861814148930 
 687.292701287928139   17.530301833578960   -0.240320651459021    0.049808208947305 
8378.092946589182247 -257.484507505811735    1.859482990112665    0.002663464599713 
2923.376842725838287  -36.877021890031216   -1.057945802623847    0.040587922288278 
 672.645649014100400  -14.328616225410343   -0.154891468766014   -0.054554947886501 
-2120.222755810619219   38.340028369275103    0.323556665440428    0.049874960845820 
-4838.316833647508247   81.661436028577597   -0.512961504969274    0.001456584926212 
-4008.792140321851548   81.461531281125701   -0.456350841381649    0.026780445307348 
 139.426318364922963   12.900139143323102   -0.174166428310711   -0.057601257077289 
1688.101725734706633  -47.486776323219274    0.200136276700109    0.056012576688208 
 246.220967786311064  -16.486966088591846   -0.072259341842523    0.000225928361301 
 -34.286306479178776    0.140576800383588    0.095433094572706    0.026179910690015 
-190.118011971529256   15.728492645398461    0.019417040312304   -0.058146009231528 
 188.119473144332687  -13.242535466592425   -0.210508245543240    0.055716551049861 
-1659.214598647645289   26.359105069135762    0.500373136810352   -0.011384148481129 
 661.868177948356788   -5.825744997269013   -0.234334543682480    0.025497111551266 
1869.770464025251385  -17.354838731835461   -0.074919009094961   -0.041203844207989 
-2329.030534320883817   19.493020749283804    0.152050556279244    0.035664295404049 
-279.036720327832313   -8.061905519628693    0.626900490967684   -0.007212202391436 
-174.944027348291343    7.904951188803111   -0.219956580680514    0.023816941301295 
-584.345215952948138   21.434229899328585   -0.046709524381245   -0.041933524020223 
 857.823576289040943  -28.823565151513222    0.087528710033470    0.036877729598037 
 201.683539593038063  -15.210246419044955    0.428172434286109   -0.002620530536399 
 -31.462889822434221    3.423248765075009   -0.123221600242655    0.022406156781290 
-131.507836436193770    6.464519813619660    0.191526472397651   -0.041133274510153 
 125.344524154659169   -6.847907798365789   -0.217080958938244    0.036057509723461 
  34.527875149612328    9.559965259799284    0.196855159308500    0.003254317018367 
-119.709249925217364   -0.440935900180412   -0.001128475034318    0.020940168914047 
 176.846125341802349   -9.686907082816003    0.059604923535726   -0.031481078468835 
-107.864289662554711    8.546558216857230   -0.147539784814180    0.024293684694459 
-360.344496271224784   11.338611339229860    0.555706967907368    0.009628076696494 
 156.556291868110804   -6.607558871575558   -0.122158971286479    0.020184712764943 
  41.746961477260356   -0.576972974831463   -0.116637314995474   -0.032418406217841 
 -69.594896681104728    2.990108678982288    0.050557619626609    0.023734089370589 
 507.576921665127202  -27.005591076239792    0.000000000000000    0.027523776019823 
-188.921841815885784   10.051572062639730    0.000000000000000    0.014525036507106 
 -72.649569812160067    3.865314773917796   -0.000000000000000   -0.035418452492369 
  82.989943692659509   -4.415473570886180    0.000000000000001    0.026183575936179 
-62262.503454239951679 3610.157556379424477    0.000000000000000    4.038297397833090 
7365.264506855353829 -427.059045797913939    0.000000000000000   -0.473273326585869 
-2813.959243105748556  163.161383838480219    0.000000000000000    0.177073872209167 
3796.482439725920358 -220.130881462412219    0.000000000000000   -0.213866616883181 
100545.093798050365876 -7220.315112758850773    0.000000000000000    5.836429263940488 
-11832.342213788140725  854.118091595827877    0.000000000000000   -0.685981073260718 
4370.074354325060995 -326.322767676960439    0.000000000000000    0.258340597834401 
-6030.844236541408463  440.261762924824438    0.000000000000000   -0.323508466716693 
-61053.057847375610436 4439.467581288644396 -107.494314896976491    0.855092863003323 
7026.811263334774594 -518.027815905923603   12.991648596326263   -0.093167169961035 
-2168.095609616472302  180.455986049242426   -5.638514726123314    0.023154442607663 
3367.858461049770995 -259.109341158675988    7.002489438673093   -0.013997142046255 
 524.671979707538071  -17.316952676941817    0.109209116140088   -0.011598822090788 
 140.915785046183032   -5.080801199242874    0.262925545158909    0.017475349842800 
-205.521064204756783   22.188156037305660   -0.707605392541240   -0.038437080535155 
  42.399149773741385  -13.260565830922857    0.374953588225001    0.051499295621683 
-5652.732783552504770   36.819218120851858    0.779963424767950   -0.006981034507993 
 108.500132678074351    9.459028070118272    0.413508796434829    0.026241291280478 
 -75.286831049770626    0.982290535330684    0.089311094731812   -0.044888961867442 
 509.178110916014248   -8.885779864437836   -0.386740320528758    0.050434094685826 
24118.800487639950006 -254.297128289683428   -2.953415164408306   -0.011338079512889 
-4903.936137375860199   15.046796574266025    0.834192998184001    0.036676305517596 
-1080.740480443750130   -2.894989362244971    0.056476362954215   -0.043447180638847 
 598.883909861468055   17.336947619405919   -0.241661637707858    0.043752345879958 
-19391.892254205271456  475.967636018554799   -0.716181722614370   -0.042253530158032 
6065.161697696822557 -133.433712204711640   -0.360639681331595    0.041586721513171 
1796.212966566927207  -35.617457987253090   -0.332214654260444   -0.044283117411320 
-1974.100823729958847   35.469848445344780    0.291296631393742    0.043694980725058 
16331.276266144324836 -309.017877677268586    1.536531938933339   -0.012898393278611 
-5823.160952939697381  112.084569791842981   -0.648711405745129    0.027326664654677 
-1089.567818292765196   37.093401777444129   -0.312299209201558   -0.050837868332036 
1633.442800772073952  -44.441927511792983    0.170233113325289    0.049233708903908 
-215.392645908294384   22.272677523460949   -0.402405655654851   -0.011588581807089 
  58.046556440686302   -6.042035482838314    0.068335841381762    0.026264633825503 
-187.147980726340620   14.990810310091618    0.039888157306612   -0.051590441167088 
 164.299898436862065  -11.306478479053407   -0.206731104928540    0.048857802266782 
  29.588231673087876  -15.208812036142110    0.007333187248986   -0.002028476243275 
  39.662703455518567    4.058919403656656   -0.046694617378607    0.021228055870843 
1957.461824200731826  -17.575691931036978   -0.110047654227596   -0.035363198280225 
-2088.208189550267889   17.284121269310198    0.140001494180168    0.030889972581037 
 930.214145199031350  -14.594993403789017   -0.198763742280101   -0.002695251018847 
-279.582797471230037    4.881736618942696    0.015131103432358    0.021112365404507 
-641.161069055390158   23.032565875296768   -0.072312709037263   -0.036317360681997 
 781.501930273216658  -26.036517460990169    0.079477612934102    0.031994092470546 
-129.785862996921765    9.235159887611024   -0.244533007692843   -0.004877589481754 
  44.168437524951344   -2.280593642066528    0.037343062614633    0.021423457830140 
-129.919642973378586    6.607351703995672    0.180791655194148   -0.035654572683724 
 108.808350109927048   -6.016062072246225   -0.194229213106614    0.031260828385695 
 345.748864719863491   -6.704779017875153   -0.140941559595610   -0.008315498478544 
-106.761296744107653    3.144051072244176    0.072692209706374    0.022160537795935 
 148.537307008136281   -9.349017686308011    0.068550390369732   -0.026093490130088 
 -87.561543768759350    7.347477015212956   -0.139722319061601    0.020692096113063 
-191.418800505293206   11.105898877502458   -0.065369435628037   -0.010962030921607 
  21.427105766398086   -2.355579619364246    0.086231141678788    0.023795241526128 
  63.994886181574316   -1.697365286198952   -0.121128293696435   -0.026920911931457 
 -62.634132280287815    2.836889675031919    0.035154586497517    0.020015979567609 
 174.099419770533757   -9.262946237803064   -0.000000000000000   -0.007850290244116 
   1.419503808541899   -0.075524590950443   -0.000000000000001    0.024846452514540 
 -96.087362063078473    5.112320707878980   -0.000000000000000   -0.030497016364664 
  71.948204862893931   -3.827998705738505    0.000000000000000    0.022036980445095 
-13904.599863545523476  806.228363475686933    0.000000000000000    0.914718058576424 
-15983.174288484648059  926.750037844371491    0.000000000000000    1.041088197601541 
-3891.197965809405105  225.622757844287037    0.000000000000000    0.248050731086126 
3438.213340198254173 -199.357417095891037    0.000000000000000   -0.191239978979796 
22390.329552129776857 -1612.456726951374321    0.000000000000000    1.316280840556260 
25872.067960480784677 -1853.500075688743436    0.000000000000000    1.502679900716967 
6125.040072661635350 -451.245515688574301    0.000000000000000    0.360427951266432 
-5473.088153016898104  398.714834191782074    0.000000000000000   -0.290535070350958 
-13347.631960502545553  984.053626406167609  -24.291069541856537    0.200162942548917 
-15868.085429431101147 1146.772527077319864  -27.318719490039964    0.227492653665212 
-3273.254880378510734  259.049074945666689   -7.429398587837522    0.039945128070685 
3087.396182229163060 -235.975692406346411    6.290719773442119   -0.010888470502885 
-934.359968036654436    9.695882763854760   -0.110312676374231   -0.000563785742579 
 337.667777436509539  -11.574658453095969    0.303878963711443    0.013125791558754 
-145.698118894420134   20.106223580763295   -0.636754828932447   -0.034611937859961 
  19.935575849859504  -10.600256018194976    0.290824424855415    0.046945058946686 
8861.056871694714573  -86.712297532811817   -2.759189146132264   -0.030902865196847 
-2011.274661154134265   23.266234865437781    0.705995080722817    0.023623403339981 
-313.133647109276808    5.072948402275181    0.229249079376517   -0.038655875039885 
 490.422077890011906   -8.543283698533621   -0.367591992678987    0.045219359795629 
-19740.907965697912005  369.633084532562634    2.097627841844950   -0.058995113358193 
4140.614045489172895  -80.314626534366155   -0.273337688469121    0.032424525700262 
-1176.155741929589567  -11.053468107257444    0.126583276668576   -0.034809576736615 
 434.274379861923080   16.713506066907399   -0.227336215734942    0.038872370887266 
5249.375851821740071 -228.078626304332431    3.526281436894084   -0.020467933777646 
-1206.797897630169700   45.054151302247107   -0.629207827311993    0.025741647703909 
2403.508441575260349  -46.664903100061167   -0.455945592840892   -0.035867071259185 
-1692.680840941574388   29.862388732838326    0.242736012163399    0.038726857146196 
-496.023448784691027  -15.583427506435875    0.238460940034169   -0.001516612936007 
 301.067646864415565   -3.797134337132640   -0.072511928645125    0.022489767175198 
-1779.829481552178095   50.629331209282896   -0.402452126000340   -0.044610814353301 
1438.156957553109351  -38.657481428953361    0.124060635403556    0.043280762323260 
 344.399489747026337  -25.645585604950320   -0.040324837257157   -0.000770047541607 
 -22.725685774923406    2.310218588459461   -0.082566279488805    0.021918915647845 
-182.732871893120233   14.524333198294261    0.038109352543232   -0.045567497482920 
 141.392689528915525   -9.483532671423294   -0.201463286289824    0.042796748075578 
-3729.550731997597268   34.284992919916320    0.460803158875261   -0.022181905655413 
  50.758290332914385   -1.644385109896602   -0.043944672160239    0.020467377279615 
1968.764448424286456  -17.273875144316975   -0.121377565419952   -0.030151269136418 
-1842.847942268695988   15.120875682604620    0.125530256636523    0.026797299301328 
 932.831797173589621  -43.085894090152486    0.399943859819293   -0.018589188821631 
  69.247506978426031   -0.591385907478383   -0.059405299922683    0.020101646272439 
-667.452980366991255   23.568859714229831   -0.077846983598554   -0.031165609222379 
 698.805139933145028  -23.109675438398853    0.070286737361434    0.027779038932595 
 313.055295495343216  -19.188681994992905   -0.131837881666497   -0.017734899019088 
  -4.501261098898269    1.182591315787896   -0.054356815270185    0.019594361774483 
-124.961245920121655    6.470101413210813    0.178664936112205   -0.030527345233146 
  93.005038560916148   -5.207739963248569   -0.171524374384642    0.027129221786869 
-372.499240562758700   19.259899144796190   -0.128922317545019   -0.033812559343269 
  22.894527525846172    0.629758940540807    0.019839124858022    0.019042225866481 
 138.053960855852893   -8.877291434709877    0.080116807190281   -0.020943144672286 
 -69.987234902963053    6.214880330908981   -0.130292980972308    0.017760427041897 
 -55.126512908912900    0.071220115259766    0.203014504842863   -0.032233482302017 
 -50.354944423088398    1.809132459699260    0.061717603318274    0.019684479930526 
  60.378906349488034   -1.765671181157078   -0.102634700571803   -0.021485946749375 
 -54.673837824727855    2.609604291449610    0.021233236695233    0.017001256008379 
 108.914425719715126   -5.794783643119691    0.000000000000000   -0.027403005165412 
  66.706786222493406   -3.549129430126671   -0.000000000000000    0.021902593672996 
 -87.571575809198961    4.659238955244339   -0.000000000000001   -0.024653385591222 
  60.299502281256437   -3.208230380857927    0.000000000000001    0.018597746621919 
99805.192426370471367 -5786.989754897613238    0.000000000000000   -6.513621874001359 
-21197.399237314279162 1229.085674147757345    0.000000000000000    1.384107469567704 
-8538.769656534266687  495.102221843302971    0.000000000000000    0.551200189482281 
2674.919074606018967 -155.099438251623354    0.000000000000000   -0.142180075798349 
-161064.103068392520072 11573.979509795230115    0.000000000000000   -9.395981029969676 
34268.441542529559229 -2458.171348295515600    0.000000000000000    1.996285215925570 
13642.603760537916969 -990.204443686606169    0.000000000000000    0.797798590846748 
-4259.475969645179248  310.198876503246822    0.000000000000000   -0.219431341977240 
97342.391158500802703 -7103.932764682558627  172.790707503948738   -1.404840915147053 
-20873.447414619615301 1515.792636979636882  -36.427870568236273    0.302553757121056 
-7865.946485884844151  591.869720452785828  -15.397722345122038    0.106200929418968 
2404.230893674131949 -183.754257563480337    4.887746462731617   -0.001949813533365 
  59.008043847590159    1.920385195064235   -0.021488144291433   -0.004071767615882 
 -12.717210577237978   -7.938702416650369    0.262511710071109    0.012914371905287 
-105.079298037010972   17.667053472044991   -0.565955994709628   -0.031356917426956 
   5.174448197930928   -8.248894837906033    0.215762725600807    0.042822556063268 
-1631.646434594099219    8.008893184298756    0.320016091392271   -0.000138406720907 
1311.621665731395069   -9.250876709366807   -0.328700849076783    0.012034828891164 
-400.590271537120316    6.824868171784075    0.276410858332271   -0.034198596010991 
 437.160957123347544   -7.714990184595536   -0.333293725921668    0.040696133934244 
7818.891027176593525  -76.021073711517204   -0.847528779654123   -0.000539022109554 
-3262.226441647619140   58.297780165345188    0.513272752222738    0.010301358190940 
-1066.357291449387048  -13.805573903385095    0.156575159637778   -0.029468841250214 
 313.395545710986880   14.798846132128418   -0.211687278155096    0.034912582178478 
-6976.945042202647528  160.717922327652303    0.007283274867536   -0.008798223896467 
 761.718046803090374  -40.475333561879410    0.693147711523275    0.018066172537292 
2347.873460221864661  -46.092550882515013   -0.447953107314480   -0.030391093729035 
-1400.845815684549279   24.287780892427577    0.182798709187972    0.034605710051012 
6500.606569011484680 -121.709430103273590    0.533639013404142    0.003421504004192 
 115.058853570030806   -9.640919652043671    0.016910923867683    0.021921037324195 
-1727.813668997855984   48.949574460635603   -0.409402251597520   -0.039059463790877 
1219.413658542935764  -32.418581633659159    0.073086864791937    0.038052851006570 
-109.415359289780042   10.159599866774695   -0.220647926357929    0.003474799211207 
 106.424122880212309   -7.306876013397040   -0.097688093460229    0.021630147819742 
-172.270567254959218   13.899751020177080    0.015577555924602   -0.040123864549471 
 118.868646955454508   -7.681982890576501   -0.198068474786700    0.037441789948105 
 972.669989211296411   -8.880282528403182   -0.146441246336600    0.003505145846874 
-1347.823234166223756   11.212487235072036    0.128856512417987    0.012149162658835 
1806.631330445128697  -16.077862378670051   -0.110763585387734   -0.026074201644112 
-1603.243566702641147   13.002910649019576    0.110571431626204    0.023304869394786 
-171.848597685307880   11.298110324036660   -0.129721673870780    0.002389477702385 
 419.059430918563180  -16.748596191286360    0.090573647509550    0.013130700464328 
-606.414613129872805   21.401361951884311   -0.073950940150195   -0.027011565880283 
 618.277446787664530  -20.256960515819273    0.060408796951532    0.024161118993387 
-107.315864565807800    6.895706375560039    0.025640917687553    0.001998592635567 
 112.894474711852382   -6.013164432334187   -0.103796020895128    0.012943774642325 
-111.412094218502006    5.866279773642505    0.158895831591541   -0.026460078181046 
  77.925986740245037   -4.417977191809502   -0.150298078471843    0.023584827060806 
  97.077075977889791   -6.284529786285870    0.050661920921999    0.007242172669345 
-116.792687685182699    7.852221119839256   -0.028506744221361    0.006362516112755 
 126.316690835935390   -7.817043927162354    0.079033354769864   -0.017767551924881 
 -53.100300382614250    5.152675875533377   -0.120220195149071    0.015374028582058 
  45.137375105841045   -1.283765625662546   -0.079294130568817    0.006750605753312 
 -71.027386763933464    1.835840002921827    0.137848042634347    0.007596924067270 
  45.206114951110806   -1.310049623329459   -0.077688994827725   -0.018075771249651 
 -48.020939508177833    2.417302190275390    0.009764749380377    0.014560126643501 
 -66.146050248265809    3.519295515747646   -0.000000000000000    0.004337190691638 
 107.549695867389133   -5.722173296296690   -0.000000000000000    0.011626466735967 
 -65.789515547964612    3.500326114441457    0.000000000000000   -0.020462253040101 
  50.608072327567015   -2.692598595601086    0.000000000000000    0.015804779954693 
9416.656565587914884 -546.004609035233102    0.000000000000000   -0.613603011272144 
16229.547922574618497 -941.035483938845914    0.000000000000000   -1.058500733182803 
-9159.751070876722224  531.108495619416885    0.000000000000000    0.591901031530393 
1471.295520913954306  -85.309911227686158    0.000000000000000   -0.064375290623728 
-15213.688044790516869 1092.009218070466204    0.000000000000000   -0.885554656377735 
-26130.597108117606695 1882.070967877691828    0.000000000000000   -1.527207670313055 
14659.834314839405124 -1062.216991238833771    0.000000000000000    0.856433284048312 
-2333.284426781368893  170.619822455372372    0.000000000000000   -0.106866087071719 
9224.204225532776036 -672.256842823351121   16.225626717374258   -0.132582894771899 
15629.949269818151151 -1148.182149776320557   28.368644745744465   -0.224261586059088 
-8521.383753985024669  637.821031353200283  -16.405125572933510    0.115987450801714 
1284.961824816541593  -99.961151235095940    2.731327542556321    0.013308875186626 
 150.044303310618545    1.096666074837814   -0.105612595945754   -0.002907330214087 
   9.410805865613781   -7.218557968501463    0.254453655961819    0.011387459049331 
-105.492598625964632   15.772395923901037   -0.501335323955512   -0.028319188557628 
  -8.043920386324999   -6.160804626826465    0.149078002700146    0.039096775774794 
-2855.485767483464770   16.578384835171491    0.502297115221043    0.000862103661969 
 699.754252758594248   -6.247541765254396   -0.208694814804677    0.011982926370823 
-149.168281725869974    4.887565862456384    0.209236400347088   -0.031196376603243 
 404.394452265693872   -6.990784242205798   -0.303253287968459    0.036609083308667 
8775.577484643530624 -130.479439351353363   -1.453008404705985   -0.000075301144290 
-330.142306456400092   29.789877523525917    0.195449459852447    0.010099224899858 
-1515.403384962390192   -2.794616692276172    0.245165436147176   -0.026918768363865 
 144.399867666525097   13.835573549695994   -0.185750826094656    0.031388882966377 
-2585.651500869890242  135.225939602961546   -1.405103840390331   -0.019009027627458 
-1854.636344022888352   19.793887310989760    0.695878939598599    0.014766838576117 
2211.258673069388351  -48.677731663876202   -0.274324775924245   -0.026286967339859 
-1109.086634461068570   18.207687137255064    0.137649228912439    0.031071923249730 
-2582.730810873420523   30.558538142509740    0.831886267294169   -0.019700197018156 
2552.786316949331194  -55.281955940771084    0.217025553894231    0.023204101325767 
-1394.333022682936644   40.834215011533772   -0.380160191877280   -0.033418821459632 
1017.931241710336053  -26.688237926313363    0.023218080225735    0.033519616865909 
 141.683072622902898  -21.833835259565681    0.890881690451307   -0.013476362371882 
  65.393363146544885   -3.497026063356482   -0.180431065844457    0.022933197523944 
-150.793381501614476   12.549263260582881   -0.019187338988484   -0.034553446381511 
  98.784001094975068   -6.038840982273896   -0.198078609737609    0.032771064656314 
 865.494655072582646    2.821104025356901   -0.211949968833762   -0.007611218047081 
-983.071988211987446    7.882381286920895    0.073941045041764    0.013463592351413 
1515.269427647850080  -13.691003813420933   -0.085413890705265   -0.022872607267831 
-1396.574642358168603   11.151028662920531    0.098453348400017    0.020242270843799 
-698.807441584320486   20.776105573109739   -0.048772402348162   -0.008655779534933 
 354.616206786569251  -12.511804819772586    0.041928019808010    0.014026754602722 
-509.705158416728523   17.743811825501908   -0.057388231735500   -0.023616883996902 
 548.687781962179088  -17.821420465595963    0.052326780030816    0.020994507401745 
 -77.050913956537102    2.874111134439504    0.153184065570001   -0.007992409680079 
  72.651025499674759   -3.427274541499207   -0.094180676762293    0.013693246880662 
 -88.218906692061253    4.686224901913340    0.134148744384363   -0.023130450490672 
  65.553849832324914   -3.765179737844642   -0.132007832432028    0.020483467268203 
 -36.954797869331628   -6.589067926196738    0.001097176880808   -0.002190950586399 
 -80.388784193475487    5.495522449982065   -0.009508523875610    0.009078330863759 
 101.669006851103234   -6.148575980934693    0.074281446257743   -0.015837446052817 
 -38.945996109183966    4.285961867396733   -0.110687494616996    0.013266643774204 
 227.945822188410489   -8.492732894331162   -0.257874120792438   -0.004301975124271 
 -54.100871099241999    1.354427893298309    0.108112743671041    0.010128401224762 
  29.565082718213773   -0.911266136301940   -0.046943896539551   -0.015860105588147 
 -43.391819121721994    2.279723632667240    0.002052629344306    0.012432541952707 
-296.268579402640341   15.762946979226065    0.000000000000000   -0.013961447638200 
  82.744927024288444   -4.402437477891272    0.000000000000000    0.013252913245331 
 -42.002687686504615    2.234749767667952   -0.000000000000000   -0.017352330542439 
  43.935655377608640   -2.337593164996360   -0.000000000000000    0.013437132942999 
-18695.289338478527498 1084.006204851883922    0.000000000000000    1.219397336329201 
19760.794134670079075 -1145.787212327057887    0.000000000000000   -1.288601862409857 
-4660.958313721132981  270.255658586178697    0.000000000000000    0.298513207081311 
 598.305230699256640  -34.691443963825492    0.000000000000000   -0.008125179019801 
30154.858960830555588 -2168.012409703767844    0.000000000000000    1.759314519876483 
-31835.730124914040061 2291.574424654115774    0.000000000000000   -1.859290666454706 
7414.043410710447461 -540.511317172357622    0.000000000000000    0.433120991952342 
-938.809951703262414   69.382887927650984    0.000000000000000   -0.025404145352559 
-18179.611375206597586 1328.917071103508079  -32.435427521765163    0.261547128121228 
19089.025854392930341 -1400.278465835076759   34.453254764759798   -0.273980171598550 
-4181.511863458638800  319.263454401775448   -8.552388134120477    0.053707231094510 
 482.022836787315839  -39.486870052340279    1.155637597274261    0.024044268288316 
  -0.630368091550286    1.831849376020320   -0.054514828792909   -0.002780865645741 
  65.677419607098940   -6.807308190437404    0.214848932482160    0.010297210219049 
 -96.106570441875931   14.019162654033696   -0.442672500400014   -0.025608604899081 
 -20.790396093016881   -4.299903178669251    0.090180650978654    0.035729127873412 
 343.673751581702163    1.766807376467255    0.069256152016787   -0.002514538318512 
-371.052910047710100   -0.030647452064875   -0.020333396596784    0.012306215244062 
-108.080613887009122    4.102792210291454    0.180607873921905   -0.028160233901382 
 391.104956609697183   -6.445076691599660   -0.279378545353230    0.032898453254021 
-4583.999577375951958   19.466042551491821    0.433754170444020    0.000933661289657 
2960.699250284911159  -19.139912233231641   -0.349428691912292    0.010070986970749 
-1186.583766983824262   -1.463371030989393    0.225918032139695   -0.024397491880039 
 -33.044229217460270   13.696870644483447   -0.154889155806506    0.028181690237407 
5461.535648231498271 -119.327483796429533   -0.574108166264185    0.002581660647185 
-2824.255656849080879   70.503614662099949    0.168964999452225    0.007638453215820 
1626.397172960392254  -37.390543917239953   -0.166219283542892   -0.023486305865866 
-866.708093790389285   12.696363331791773    0.111487396914874    0.027979657177915 
-4358.261324753341796  101.755962326026008   -0.811207080715072   -0.013473428103274 
1584.262262871782013  -43.822504137329659    0.528982904129542    0.015816527443959 
-877.201950205297408   28.446157501771182   -0.286909134624308   -0.028541242863416 
 878.482503962314581  -22.388056966636618   -0.019286141613519    0.029666351319369 
-140.080210248172591   13.345798266736445   -0.032902402216923   -0.015653582398169 
 118.524515380134360  -11.684714285693662    0.153649568074783    0.017879561634488 
-127.803646685779796   10.651545716951619   -0.022535026209693   -0.029451851486707 
  81.233324457654589   -4.567468316432320   -0.201556259213327    0.028783894049680 
 194.141800186130212  -11.030219381328013    0.101412529864255    0.000002511302390 
-658.511492559789303    8.940295296429840   -0.005540193270894    0.010609385583757 
1310.071492551382562  -11.588169240502111   -0.076863784233906   -0.019863485025935 
-1220.836044469811441    9.568325362650578    0.088517976107758    0.017578697905563 
 351.171669839287006   -7.002677093925738   -0.023287136477222    0.000240535812653 
  92.563416192464558   -4.720765229856738    0.023638368927451    0.010780837277122 
-453.807705544351450   15.589740569298300   -0.049192433143568   -0.020515935011921 
 489.150657106782603  -15.758362606519711    0.045713117775042    0.018244659123395 
 -21.560241836173123    1.993611305963722   -0.066061088471649   -0.000250284706926 
  43.756932765972408   -2.349482866084313   -0.036736652173543    0.010696093250633 
 -73.667911908855288    3.964130225965386    0.117784078267384   -0.020081782974260 
  55.511168702928295   -3.227339291506945   -0.116411624830327    0.017790507764223 
 102.731079872227070   -0.654357661690774   -0.011233285258683   -0.001092795316504 
 -94.246833394473981    3.024621977658251   -0.009097082545306    0.008256724393860 
  79.839554652609593   -5.083557927479651    0.071955745455128   -0.013670564145615 
 -27.565622345407718    3.590388134767513   -0.101548741596739    0.011424532736984 
-102.311567005285099    4.637663108734705    0.057164500451748   -0.000958506451229 
  31.378812221411607   -1.830346942075870    0.011409948373878    0.008515160553160 
  26.724825358484850   -0.970756017399125   -0.032003560033937   -0.013529660365906 
 -40.096303208909148    2.170390932528043   -0.002629756495451    0.010599882728161 
 117.457081699181643   -6.249294997437465   -0.000000000000000    0.002338149486673 
 -28.355790251701062    1.508667639318474    0.000000000000000    0.008017370381006 
 -35.204045589931170    1.873028537846348    0.000000000000000   -0.014693545089147 
  39.399559332404152   -2.096250523811111    0.000000000000000    0.011447899942234 
-48669.615520461920823 2822.003139761508464    0.000000000000000    3.175177486783280 
12750.060632740631263 -739.284885507601530    0.000000000000000   -0.831327861286406 
-597.101467794794871   34.621646356846426    0.000000000000000    0.033521991619278 
 287.933612849118958  -16.695212214312072    0.000000000000000    0.011436203187727 
78524.789788299109205 -5644.006279523018748    0.000000000000000    4.580748765215038 
-20527.658014602580806 1478.569771015203060    0.000000000000000   -1.199547721501024 
 868.619893270869966  -69.243292713692853    0.000000000000000    0.050766193457876 
-450.591599658366249   33.390424428624158    0.000000000000000    0.003120723149762 
-47398.784689079468080 3462.176334084340397  -84.339149324969441    0.682889662036797 
12271.671588690460339 -901.934564171261172   22.289969444097856   -0.175899998553090 
-261.424683073214908   31.486825650983238   -1.459485108013270   -0.002527790174445 
 222.092829362675388  -18.862748126292388    0.561570741830125    0.026987566228514 
-105.824832884403946    2.133905756818412   -0.042610968775444   -0.002293320178503 
  65.441031572758732   -6.120364674429423    0.194405871684823    0.009254385601896 
 -79.716764044392590   12.403203545925297   -0.391515649879141   -0.023164655421463 
 -31.778738904569195   -2.650294206578085    0.038097128723700    0.032683514792485 
1091.806012049552464   -8.785204562111680   -0.271373485850863   -0.005540111503224 
-242.175253204558089    0.631905314109792    0.005637660409508    0.011363263374620 
-184.734134293544003    4.177949443047133    0.178770906898496   -0.025201549074047 
 372.468415950383587   -5.929255736094575   -0.256985004512908    0.029565797421883 
-2297.279383196823346   47.442922502683359    0.392252058250163   -0.007264265904347 
1241.699408768939065  -11.840146276422065   -0.186770877995794    0.010421109954371 
-661.283934602095997   -5.335878344696113    0.158893085901185   -0.021835979764399 
-144.059398479298579   13.252907751323910   -0.131262048986025    0.025291186481027 
-407.384996047269510  -22.113695297614228    0.647890008190207   -0.000834545116911 
-776.179788762276189   25.755808238439336   -0.046325562896848    0.008606575958514 
1176.342742258974113  -25.358116054672621   -0.150889353973470   -0.021455677219075 
-696.870379995654503    8.891102829442175    0.092228759576219    0.025168262082130 
2192.110639659596927  -38.604675971498068   -0.171405005015149    0.002880568513102 
 -50.085733910738327   -5.664018265069725    0.224780248861395    0.010763991905231 
-685.429884085166577   22.260342201471246   -0.192688740500442   -0.025218677944767 
 785.074128894116370  -19.318271792142980   -0.048468814394055    0.026319513913489 
 -28.479967736133361    5.863713334961804   -0.392795575127346    0.000634167405556 
  65.994436537071280   -6.680039935667656    0.141311167243442    0.012009468235175 
-104.738777696129247    8.355951439281471    0.014335065705085   -0.025715722752999 
  66.836220014105777   -3.392532750287614   -0.202036625492700    0.025351207361259 
 159.724137000103156    0.907779909945099   -0.000015756219386   -0.007979227857066 
-585.708317490036507    4.803963028431957    0.032489505428205    0.010610327322154 
1154.544016295158144   -9.870136949894402   -0.073495120214243   -0.017211020912696 
-1066.987166768647057    8.237952924365374    0.079021508906053    0.015261538831955 
-229.812853320316719    4.221315250969095    0.035452558927733   -0.007883111233177 
 224.252792382239591   -7.346769140079729    0.014905692748491    0.010871038206867 
-414.205679472517033   14.081298773056325   -0.044374425434075   -0.017809450576423 
 434.556879459402012  -13.897084095772989    0.039887930458156    0.015849087625869 
  12.887663242966944   -1.666012469451040    0.057273074595656   -0.007415654464520 
  35.671842077405167   -1.601878626347675   -0.061509560350418    0.010602236485536 
 -63.739315053432883    3.470210039411375    0.105503301701889   -0.017419491757239 
  46.944271941453437   -2.764639910961879   -0.102391650800537    0.015446922512163 
   8.753821175824100   -0.083185495975153   -0.014337469261384   -0.006978920889414 
 -55.722678442388712    2.779237854524172   -0.013309564517311    0.007846926150171 
  61.093365673001870   -4.358075448456846    0.069154914572301   -0.011657607827611 
 -18.857638145244664    3.000925069925476   -0.092718355339890    0.009842589171584 
  -4.407971629980750    0.367753047070138   -0.009451127845015   -0.007205318881051 
  -6.988025405569743   -0.091223276300386    0.032846636043283    0.008155720633950 
  29.773673710465005   -1.210952294696156   -0.026471486981791   -0.011445800217518 
 -36.465233377446140    2.029505195142464   -0.006340271641406    0.009039852483154 
   1.903931631041422   -0.101298535986125   -0.000000000000000   -0.007274580742136 
  15.690615385491419   -0.834817984720546    0.000000000000000    0.008894176438508 
 -36.787192448207172    1.957259744671083   -0.000000000000000   -0.012579601736708 
  34.785402773673518   -1.850754679007832    0.000000000000000    0.009741044916510 
18985.014041899114090 -1100.805269606682032    0.000000000000000   -1.238602770744794 
-5501.045187432594503  318.966291902964656    0.000000000000000    0.359363696257324 
 309.025462868709553  -17.918177843733147    0.000000000000000   -0.025473529009358 
 317.457783947939731  -18.407107873415843    0.000000000000000    0.008838472836410 
-30647.450953389270580 2201.610539213364063    0.000000000000000   -1.786887160760123 
8919.138156009583327 -637.932583805929539    0.000000000000000    0.518233065454615 
-582.445089053254492   35.836355687466309    0.000000000000000   -0.034398138547925 
-509.390039422401117   36.814215746831700    0.000000000000000   -0.000329660884396 
18543.642907295572513 -1352.442719324912105   32.824781653242638   -0.267368497582068 
-5502.872669714336553  396.381561110366590   -9.337211552765686    0.080183624710709 
 584.675181798800395  -31.707299731628574    0.159609628403251   -0.014492336904743 
 288.583861205953554  -22.257559332586958    0.562690974867165    0.025256923850482 
  32.272152915135209    1.216275433661980   -0.054407527171226   -0.002250985118739 
  25.756719241103823   -5.320150015622401    0.178426758394034    0.008394390534958 
 -68.317045192659350   10.973139209668801   -0.344911571119284   -0.020958558404356 
 -40.927507418521344   -1.191356676694095   -0.007887960314507    0.029928053498858 
-264.281033622746691    4.546147905982944    0.143783308366374   -0.001370502589316 
 167.252001314025165   -2.662546396682323   -0.096127396784567    0.009285721560911 
-194.099540779860945    3.924119307725594    0.167459689851614   -0.022620425957106 
 347.725094449653625   -5.414297137841089   -0.235080579046250    0.026582334247576 
-237.476874933114232   -9.064353753977448    0.066220612636501    0.001100527494390 
 380.219640070157993    5.950949662084017   -0.039676356151992    0.007697010240241 
-458.544053497211735   -6.072027921488363    0.130587181632713   -0.019571214740073 
-211.805210837853338   12.493582630680862   -0.113552590915791    0.022710330834169 
1109.524087005504953  -16.254636462711652   -0.189314019397242    0.000601428675057 
-928.949162280022733   17.463172501834663    0.196633190174476    0.008293621539673 
 963.201623378688282  -19.955743462138443   -0.132100900563766   -0.019343152531801 
-562.751020233099325    6.080582015205579    0.073909163581518    0.022619150208166 
-1556.643197727050620   28.658996718549030   -0.021937485949611   -0.002186728416281 
 771.955755961618365  -20.140771754381667    0.160503371980717    0.011844205097644 
-595.196131328806246   19.034743449039858   -0.144528287895178   -0.022392653319408 
 702.894269884199957  -16.699629060107640   -0.069377490968571    0.023340992654290 
  16.605286011888662   -2.918522442859795    0.152116598474098   -0.001505963595111 
  55.314448636021098   -4.481147435056988   -0.005987173429310    0.012247281012259 
 -89.575167049492705    6.960803017940895    0.031250564931851   -0.022683629097069 
  54.719410935996741   -2.440961879264888   -0.198803934149056    0.022325628566523 
 -86.181936776489366   -0.028958355542646   -0.018851743715709    0.000738687725516 
-525.811766115008368    5.144380494661334    0.032483596845935    0.007618116875754 
1015.604005844528729   -8.626594009507738   -0.065373482429976   -0.014932465387957 
-931.508895987456071    7.081020735584435    0.070342236627722    0.013260363152868 
 153.809574553572673   -1.816833993065139   -0.031615621683006    0.000578442790837 
 138.072972387135792   -5.763775920966552    0.028200402346389    0.007914871494426 
-368.914958876347725   12.442480640425586   -0.038986163547215   -0.015461211863761 
 385.836266177168056  -12.243470260605143    0.034643272007247    0.013777369574171 
 -27.976982800782423    2.123447670263493   -0.028997353274387    0.000271758976639 
  40.504715793516255   -2.226633302391674   -0.040032157377051    0.007821366061341 
 -54.217245319567539    2.991646048318936    0.092810586985956   -0.015116541438880 
  39.559401309505155   -2.359146940176537   -0.090052963494456    0.013420662287469 
  45.617688184469110   -1.312607584960156    0.004197688474654    0.000723930522302 
 -52.439995501453836    2.748043293533439   -0.018686115490329    0.005229830816641 
  47.573031430021501   -3.667165304949640    0.065155454571346   -0.010023013206759 
 -12.074536979797756    2.499428758673484   -0.084309955833586    0.008494365709367 
 -19.356262518117070    1.037311774120460   -0.000529446847284    0.000639946598039 
  -8.641014766812276    0.046684116350908    0.029302463101402    0.005453726053556 
  27.820043688917224   -1.216519689689841   -0.018702849588706   -0.009744619381580 
 -32.861321380189906    1.877429062283310   -0.009154438060026    0.007722487702430 
  19.215987610756454   -1.022385142807080    0.000000000000000    0.001062446912851 
  16.404589747131645   -0.872804935715324    0.000000000000000    0.006166208660208 
 -32.775291806629220    1.743806879616596   -0.000000000000000   -0.010697053599368 
  30.435888199512974   -1.619339090638309   -0.000000000000000    0.008293358040762 
-5364.100834116773513  311.025867658861500    0.000000000000000    0.349927613493162 
1618.335078279573509  -93.835684199540978    0.000000000000000   -0.105112342771974 
-176.313300775417730   10.223148119194796    0.000000000000000    0.006307890176311 
 307.212241303478493  -17.813042085099219    0.000000000000000    0.008850193427650 
8645.602706610899986 -622.051735317723228    0.000000000000000    0.504842050075808 
-2573.655951511387684  187.671368399082013    0.000000000000000   -0.151849619830431 
 210.740186509019907  -20.446296238389593    0.000000000000000    0.011399792155098 
-502.692444509746565   35.626084170198453    0.000000000000000   -0.000022050541018 
-5198.172233993906048  380.541678346252866   -9.335628013072942    0.074722878594191 
1450.993420521501321 -110.784458636475364    2.972081567200302   -0.020079561882566 
  78.190275649696133    3.992338077607817   -0.636031619792422   -0.006979329051225 
 311.903926019828873  -22.668999592872517    0.500859149572097    0.024176046776654 
 -15.141575108831198    1.082656403927144   -0.049620656699292   -0.002016547779571 
  37.858776584276924   -4.864046727999138    0.158023935704827    0.007550271115430 
 -60.365108214486526    9.700114616716110   -0.302855234356927   -0.018965475698057 
 -49.001657780799121    0.099533918476777   -0.048320253306017    0.027434999595112 
-158.259148999181292   -0.479666205136570   -0.028881616147188   -0.003058519931953 
  68.146613705502318   -0.957740931938964   -0.042208656147182    0.008771783089918 
-164.674713902420876    3.471583391647957    0.150167683235146   -0.020363237875752 
 325.559790478907644   -4.956505316694681   -0.215369281615404    0.023897193639457 
-143.617809907005721   -8.630029402338302   -0.185265050715128   -0.004496303197095 
 291.165811970264258    2.551817004342599   -0.014843626413311    0.008109708050637 
-374.620871992161483   -5.009182088185057    0.123772183812050   -0.017595374953713 
-263.646107670262154   11.809858913039143   -0.097719799142521    0.020386344244426 
1683.409220109338548  -12.978463983732688   -0.403351094390503   -0.007392816623125 
-512.877629652993392   11.367683828318633    0.125640432900512    0.008519157292819 
 782.973274387065203  -16.351886420869377   -0.091816697679393   -0.017241555177740 
-454.698608738954931    3.827228815938184    0.060099190663388    0.020332018643630 
-3309.829319750015202   55.166090146679629    0.165901851823771   -0.011062667050098 
 188.214556813998684   -9.393647984926350    0.152276814749619    0.011024181941539 
-475.174842231857269   15.342940981626413   -0.105430764553887   -0.019534104939510 
 637.516243409438971  -14.579011084673954   -0.084978508420515    0.020722705740076 
  86.233317736958440  -11.975949158158663    0.457948547054549   -0.008441808583606 
  61.541430890480413   -5.575593351129498    0.051056550998478    0.011682544664092 
 -74.968182108680111    5.703710419667597    0.036884237127997   -0.019692400887526 
  44.419235513989932   -1.646579669841254   -0.194694060386013    0.019678597360059 
 172.750938039449352    3.029916918735484   -0.060965198534480   -0.005343029808115 
-558.129992406207748    5.133521111332939    0.025414192952546    0.007895124772822 
 880.111286029378789   -7.341856308758464   -0.058136258705166   -0.012993310181885 
-812.942528197703268    6.083020870336884    0.062641287712749    0.011514280805021 
-266.324174471002152    6.613697987393813    0.005721568218174   -0.005562600089751 
 195.751562844735503   -6.445088668366218    0.016344544215263    0.008131787540990 
-327.186891972364208   10.916372566758994   -0.033418045227008   -0.013455379484334 
 342.179695836473854  -10.781767683209758    0.030148883589408    0.011969517729377 
  -8.656362666292438   -0.208973905529974    0.060413475254727   -0.005197308417317 
  30.013347243222785   -1.430340426042837   -0.050906164854946    0.007923275677580 
 -45.402487439975125    2.534524332264619    0.081443296706956   -0.013148461221514 
  33.360489284300137   -2.015834970755556   -0.079133778035842    0.011653834231568 
  -3.645731660332359   -1.272124304643208   -0.000221313049721   -0.003668228030385 
 -35.333362432281831    2.255815449173401   -0.017111982312332    0.005501304762504 
  36.601361688304877   -3.041682962111283    0.060680692346013   -0.008681621259366 
  -6.858185933519962    2.081407585326863   -0.076449295956402    0.007324619091834 
  39.927609057390470   -1.459928109430161   -0.047133692241263   -0.004065568189311 
 -15.899613211102320    0.435676031645897    0.029103920533669    0.005693706027820 
  24.752465191677516   -1.156224671190220   -0.011402051634322   -0.008351190371408 
 -29.556636975037350    1.728119539948891   -0.011035477348528    0.006590874645018 
 -52.415499667406380    2.788762628196560   -0.000000000000000   -0.005792374872675 
  23.610585101161011   -1.256199364267752    0.000000000000000    0.006564626252527 
 -27.773394950592319    1.477681342118691    0.000000000000000   -0.009105699235276 
  26.632829664285410   -1.416997653788828    0.000000000000000    0.007054648442783 
1314.092641483694933  -76.194839851270004    0.000000000000000   -0.085800789090422 
-393.202734514216729   22.799016172532102    0.000000000000000    0.026110512287961 
 -23.171757804748076    1.343564615818681    0.000000000000000   -0.003567338634191 
 299.982804863035255  -17.393858738046490    0.000000000000000    0.008679751713981 
-2129.701813260677227  152.389679702540064    0.000000000000000   -0.123751589693962 
 668.445063467701175  -45.598032345064205    0.000000000000000    0.037466148947997 
 -27.411174496440900   -2.687129231637361    0.000000000000000   -0.002898141705206 
-499.677352652134971   34.787717476092979    0.000000000000000    0.000016292797573 
1316.934240414547276  -94.582692670142762    2.234542669809989   -0.019057731128769 
-498.321167226213447   31.918670743369443   -0.528778937702051    0.007941517590255 
 197.274307311607146   -5.865885409030422   -0.330618791105140   -0.008496584587764 
 334.196802527169950  -23.157719033846448    0.449560323122516    0.023135830613090 
  -5.266846785798585    1.551593831963423   -0.029169021291623   -0.001712871310501 
  32.180685918464796   -4.458050576526467    0.139416189442593    0.006794065698091 
 -51.610175401643772    8.534852453650410   -0.265675218713500   -0.017172433596367 
 -55.985326312364975    1.238162078730227   -0.083804948950361    0.025178349549152 
 -42.930769012273132    1.008155401497330    0.058870126380158   -0.001094965385432 
   8.799432830813657   -1.137615758865231   -0.053039262202380    0.007624838115435 
-155.056458085382360    3.209663805297442    0.138261693441451   -0.018313660225083 
 305.731142179864946   -4.538458942857140   -0.197314240869848    0.021482874344026 
 290.398568788472573   -1.202783820645275    0.055528998206138   -0.000004445143841 
 237.309133255136089   -0.684444021534087   -0.084318020431484    0.006423594351726 
-308.561503838984208   -4.775760465334010    0.111376977956451   -0.015778712153418 
-306.204754392220821   11.206727766532431   -0.082842053630901    0.018304854721322 
-834.249017627696730    7.589852550323551    0.119991176343746    0.000732012253674 
 118.400827887994751    6.500759834419025   -0.025616227495923    0.005746851059147 
 733.663674166439705  -14.118330963027148   -0.079313672003819   -0.015458304133744 
-361.552753770873892    1.935514510678772    0.049797440111303    0.018295496984145 
1706.273695685570829  -26.180621473979031   -0.130860813794407    0.001683448035562 
-1052.971438092231892   11.293635820078091    0.214490009183533    0.006875681797752 
-583.269452391636378   15.580439461020376   -0.059584911562242   -0.017296621972099 
 574.595730190538688  -12.700172941917366   -0.095454001704945    0.018431588693892 
 -69.860863932321706    8.432249605785595   -0.250873234018051    0.000129059717232 
  93.878925041839381  -10.066574285438911    0.222787256143931    0.008516866445240 
 -55.540637617140142    3.748439465096541    0.071114713020798   -0.017167474498859 
  36.178222056773663   -1.044125039193731   -0.188391341379696    0.017383099102105 
  65.811496969509960   -3.724568613621094    0.022195352289644    0.000313915880893 
-493.348390641427841    6.269739955858753    0.002552243502119    0.005891488594779 
 748.676488148425733   -5.916448675359504   -0.054640454148333   -0.011269983510935 
-711.311994399520017    5.251417905588558    0.055652279486099    0.010003042751766 
 148.192497013011319   -2.359285162103557   -0.019875234481831    0.000311056769551 
  95.879997418122883   -3.964951923093817    0.018490132297079    0.006045812507333 
-290.732946939508963    9.615117492826528   -0.029063710662966   -0.011683179478294 
 303.819788106113492   -9.505008243926483    0.026238186377322    0.010403790020863 
 -17.903622593189453    1.437098647669410   -0.027750068506394    0.000061574649350 
  26.767211243362453   -1.508705640616522   -0.028251111634424    0.005974285021087 
 -38.304917629151888    2.167143573932190    0.071548637145785   -0.011411266134181 
  28.137229946646020   -1.721776650538638   -0.069630779704474    0.010123926768339 
  40.659799961709822   -0.761774509487087   -0.000102924060259    0.000105658197187 
 -36.700511804906498    1.778768834932173   -0.017194974705977    0.004125719251110 
  27.597127408656320   -2.537359926598085    0.056392322718725   -0.007478243257665 
  -2.842220080135377    1.733959713673783   -0.069132016388831    0.006318209813455 
 -27.619653003236298    1.332747481193208    0.009701317036588    0.000085138449727 
  -0.926759814580265   -0.111797009390440    0.011428785943195    0.004169117956829 
  22.649168563467043   -1.115739793408284   -0.006335463324713   -0.007118337373326 
 -26.633026671060918    1.587547471955849   -0.012098043037139    0.005627999442407 
  30.189979666928856   -1.606255546076553   -0.000000000000000    0.000873459465770 
   3.954772725882874   -0.210413378694001    0.000000000000000    0.004392485675274 
 -24.327725222211527    1.294354749248460   -0.000000000000000   -0.007736060244301 
  23.427696664879146   -1.246468799082480    0.000000000000000    0.006007695091396 
-315.733453218230807   18.307126258989900    0.000000000000000    0.020829624396466 
  99.582006042169468   -5.774048771694192    0.000000000000000   -0.006064783620947 
 -59.874348863754030    3.471685540923422    0.000000000000000   -0.001061622550814 
 293.509129601054894  -17.018496579957844    0.000000000000000    0.008474231473014 
 499.997939940521576  -36.614252517979800    0.000000000000000    0.029947959701520 
-130.193116505053695   11.548097543388387    0.000000000000000   -0.008940697187239 
  39.870318873890085   -6.943371081846844    0.000000000000000    0.000667539764888 
-496.818869201532152   34.036993159915703    0.000000000000000   -0.000002268661886 
-277.638699282788707   21.368361122895191   -0.589333515038808    0.004117680580816 
  -4.470827070758531   -3.549839007934119    0.309174563476697    0.000794868416967 
 134.425308024485815   -2.319781442101007   -0.358069337883310   -0.007404536336861 
 353.641959891521026  -23.576957301231477    0.404335144484751    0.022160621620856 
 -24.363711373899633    1.101139387873706   -0.042586549404057   -0.001570532279310 
  30.205618373791168   -3.876202889540219    0.128477806458234    0.006151738956653 
 -43.811887365111915    7.493070770392086   -0.232188469225896   -0.015554208014524 
 -61.944061830222950    2.238392051881355   -0.114892944074218    0.023134607174360 
 178.398483779664332   -1.412732309526235   -0.053303370756812   -0.002723915159304 
  -7.299605548791988   -0.759557483303684   -0.030962964809820    0.007214226095898 
-154.868979675129140    2.972517150026318    0.127761415064926   -0.016458777198666 
 286.402726898946412   -4.153057159908679   -0.180745286945993    0.019310666307176 
-261.699378421892902    7.774808795234135    0.055912503701447   -0.003152774826777 
 346.208596550812558   -1.135487954276194   -0.063494646104183    0.006421927422786 
-235.621787613239576   -5.003251962310280    0.092900394639492   -0.014173021931603 
-340.499802460317369   10.596714083379510   -0.070128945380965    0.016432875681969 
-1027.165506570452635   -0.148878578887696    0.132878024643297   -0.002065561710264 
-194.442553722381490    9.346954540790215    0.019380463632979    0.006021355654275 
 724.158458437140439  -12.137366666125956   -0.080093142486687   -0.013987278294566 
-269.624174176873680    0.287121443475527    0.039717335322498    0.016454433226660 
3086.584118601502723  -41.728629139382051   -0.432190380880631   -0.002823183466723 
-413.118802210155877    1.475902767336223    0.165417204010629    0.007506974811088 
-766.530732429433442   17.176631784447117   -0.012096509912972   -0.015498789895994 
 488.566935733279081  -10.627288975917473   -0.099806296783674    0.016380231459914 
-178.319770581552973   20.884736139672338   -0.573134353902786   -0.006699273602843 
  67.681101067218748   -6.904480683269314    0.128709793387162    0.008565263839201 
 -35.345634353507890    1.627057594008013    0.115051844212185   -0.015032208213304 
  30.566053558542073   -0.716391091755346   -0.176510938160039    0.015370492897714 
 696.975847505284378  -10.145527642726876    0.049792409232910   -0.004476896382791 
-468.669079277863943    4.873026725750842    0.010875500610735    0.006009207050114 
 628.424304408513763   -4.523602840158306   -0.052961986134226   -0.009782396555323 
-625.307463904720407    4.602551959905433    0.048905451819718    0.008686962439148 
-185.890701317561053    4.313489922961313    0.009463161031231   -0.004387252380146 
 151.452183798007070   -4.849683858882695    0.011036919366392    0.006162458795915 
-259.816424287492623    8.513288020079465   -0.025372829205032   -0.010157145565388 
 269.265733169061605   -8.369678909953745    0.022855312044245    0.009038465939257 
  -0.669235805651976   -0.448643539216398    0.042466271926966   -0.004107656075475 
  20.053352770915350   -0.969793647740422   -0.038657387324322    0.005997375514593 
 -32.452347127367091    1.857331162887569    0.063185074775942   -0.009914808567221 
  23.732384905802260   -1.471650396135516   -0.061182823033091    0.008790986968007 
  -4.210237298085460   -0.530837220478193    0.002367237234717   -0.003166975373977 
 -21.453086819264485    1.493103393874455   -0.017233571228574    0.004165341075055 
  20.327927580634878   -2.128375897997251    0.052088754476906   -0.006441860716894 
   0.113389020795211    1.443095145055995   -0.062351848552327    0.005448100133212 
  19.243104289884727   -0.747720594600223   -0.019587022767871   -0.003304158905024 
 -11.284129690793307    0.387983296056996    0.015066779831915    0.004201044875476 
  21.122807375295309   -1.081216507574964   -0.003023517602825   -0.006072067019288 
 -23.870305857502274    1.448936191932294   -0.012692453287529    0.004803516024852 
 -24.432610693266728    1.299935172668544   -0.000000000000000   -0.004080899429658 
  15.276015100980391   -0.812759208472665    0.000000000000000    0.004720032974937 
 -21.923876743853565    1.166458175852623   -0.000000000000000   -0.006596995413025 
  20.507489139981512   -1.091099382331944    0.000000000000000    0.005111026125054 
  69.267709925669408   -4.016339410204433    0.000000000000000   -0.005774849169182 
 -18.818038914667039    1.091123575427017    0.000000000000000    0.001746325527728 
 -49.778852972816232    2.886319891390025    0.000000000000000   -0.001601429812466 
 286.964137936677673  -16.638999293425552    0.000000000000000    0.008287449270235 
-114.156838322486848    8.032678820408865    0.000000000000000   -0.007775290359299 
  57.306110972641733   -2.182247150854034    0.000000000000000    0.002289787700831 
  30.759443182338600   -5.772639782780050    0.000000000000000   -0.000163823920913 
-492.892788311241020   33.277998586851105    0.000000000000000   -0.000000032476034 
  72.653174170492960   -5.205599424705464    0.109281418474543   -0.002366308340742 
-108.585339301803629    4.463296413151570    0.088174495337144    0.002338998634773 
 120.293287227915528   -2.205599266448826   -0.308400705531580   -0.007012802955394 
 369.833003637064337  -23.880661135674917    0.363256287782101    0.021255516742648 
  19.665234231174288    0.097976749906726   -0.015001593411505   -0.001742623528904 
  21.069226608578219   -3.463275619087539    0.112507850431714    0.005562789351912 
 -37.402531742315674    6.575635956813612   -0.202065262114653   -0.014089891975953 
 -66.996170337548591    3.116610890898240   -0.141992213855850    0.021283384647884 
-137.477360992265091    2.127054955514158    0.061525393032047   -0.001342602489088 
  59.599825868580695   -1.289332099376040   -0.050951728843623    0.006192757911160 
-148.331452135155473    2.716405952191355    0.117522078358246   -0.014782904197784 
 267.278482641487699   -3.796119844624050   -0.165363014534040    0.017360721293295 
 157.139108962964372   -4.953043923859786    0.013012481079383   -0.000355071979650 
 248.071329642609271    1.780065343936522   -0.042527457216141    0.005239636862745 
-161.336796839063936   -4.922679788602728    0.079647631724452   -0.012715326395912 
-365.054148189346506    9.968750762233348   -0.059399295787615    0.014755432793166 
 322.017977903853819   -0.195213847307978   -0.038946864214849   -0.000566717427296 
-579.629618686308049    9.291125073707427    0.069209722874215    0.005246770012926 
 627.399436886055582   -9.807606714313792   -0.069019369173288   -0.012578762586166 
-184.148714404163400   -1.084294003564764    0.030268039647809    0.014796072821721 
-933.468944408670723   12.840102381273581    0.131675204557370   -0.000336667353611 
 744.350242265417592  -14.172333159932217    0.003345811180391    0.006448281011067 
-725.126802422526680   15.589577985372657    0.008998866985906   -0.013754382918224 
 392.324097501709389   -8.538650250909814   -0.099577838547787    0.014554665174130 
  50.250014546107806   -6.095921957306699    0.177278565875017    0.000852189507629 
   0.811187099136120    0.927295369107841   -0.086215589326385    0.006053036238135 
 -26.784098332713519    0.879909429737825    0.120363619719782   -0.013204920703637 
  26.857085666611809   -0.580100902907630   -0.161237770146807    0.013612214599783 
-200.603713539318392    2.648319925407056   -0.022699260695920    0.000431934310186 
-207.303136463372653    1.068453859728248    0.029547654073075    0.004330370906567 
 543.927777440859245   -3.780917766973420   -0.047909091798750   -0.008489949310738 
-552.716099265214098    4.093427163798301    0.042552384049266    0.007549312791643 
  99.996160740312689   -1.513277105808994   -0.014850301928736    0.000335271587298 
  81.743170803912179   -3.232125137772016    0.014585604753104    0.004517239153360 
-230.667004962252662    7.503061895497613   -0.022170013690095   -0.008822183321729 
 238.792052728957742   -7.372869432733062    0.019874642995105    0.007856542309964 
 -13.297788145768617    1.048416727048464   -0.018819887549472    0.000160378519667 
  19.802389343796449   -1.138034974946621   -0.022732535351709    0.004457004486290 
 -27.470379363028108    1.593852585051688    0.055511334441438   -0.008608011067111 
  19.987868050744019   -1.255513283433046   -0.053805768425683    0.007637322123748 
  26.667658988096505   -0.584780646895704    0.000160943956009    0.000234647159485 
 -23.031925806046615    1.294039436195157   -0.016345857265555    0.002977725309813 
  14.767301002470916   -1.779983044238550    0.047891325915139   -0.005548977418785 
   2.310952367100754    1.199341106889380   -0.056105405282936    0.004701765499121 
 -15.800229652157837    0.788959466020049    0.003666921416874    0.000200004297555 
  -4.067965582087155    0.107588073081934    0.007721646293964    0.002961985286092 
  19.203795466185369   -1.019270086432600   -0.000174964337090   -0.005176688249092 
 -21.368685273942859    1.318385975699986   -0.012873230456851    0.004103695538259 
  16.771766388449379   -0.892340540674754    0.000000000000000    0.000617582481810 
   6.113786091006194   -0.325283518722005    0.000000000000000    0.003189695688815 
 -19.250151594855474    1.024202834953299    0.000000000000000   -0.005608279330056 
  17.957972340192406   -0.955452537098636    0.000000000000000    0.004352181706960 
  30.989339563220899   -1.796850306117128    0.000000000000000    0.003027257201547 
   7.157352307459213   -0.415003703399658    0.000000000000000   -0.000419242910716 
 -51.236438798717217    2.970834875393445    0.000000000000000   -0.001435544485340 
 280.583037952982636  -16.269004914046313    0.000000000000000    0.008103277877764 
 -78.230968327248021    3.593700612234256    0.000000000000000    0.002132289670741 
  14.497296601709195    0.830007406799316    0.000000000000000   -0.000625946183906 
  39.734869129132434   -5.941669750786891    0.000000000000000    0.000044156268703 
-488.375412504349697   32.538009828092626    0.000000000000000    0.000000081352695 
 127.093329325696814   -5.478408788476368   -0.072853837505707    0.002983497328608 
 -81.340398987871453    2.511196628887048    0.129155027265099    0.001451633006994 
  96.552569941706452   -1.333787636194003   -0.281234515206300   -0.006538974000173 
 383.314919344764860  -24.096789223901908    0.326297366350754    0.020410841530914 
 -51.932278689429452    3.799219629824200   -0.113713293939989   -0.000201885641726 
  28.443689445272575   -3.426534337872685    0.106882252902398    0.004909305528573 
 -31.213417235584828    5.714409712193605   -0.174641499197889   -0.012780880115893 
 -71.303871478971303    3.884643064791362   -0.165521736444318    0.019605663172934 
 157.620708995778784   -1.559203952499955   -0.036670953844655   -0.001731583493504 
   8.045815496471988   -0.491686491057987   -0.027879706456604    0.005689281977752 
-139.875746964522932    2.493778628387078    0.107668148945717   -0.013297649211670 
 249.399787933101493   -3.472560510442889   -0.151348708719175    0.015606997840448 
-310.784737068793675    6.558279515850371    0.049146689241017   -0.002023197753377 
 306.998495503722097   -0.077326127511133   -0.037647776811371    0.005106484870376 
 -91.953068695772345   -4.709837386549530    0.069625727471013   -0.011422061179272 
-381.038220946370302    9.371555395743229   -0.050082418338952    0.013247192819697 
 -39.383177160545344   -2.851605643340984    0.086556693983482   -0.001178647633357 
-458.872876972352003    9.217919880966750    0.054604648793644    0.005034250977690 
 497.586624928722074   -7.493976094979480   -0.053542572714805   -0.011293634962339 
-114.151556222286729   -2.165452290622824    0.022645952326888    0.013304601409927 
 217.112808231767730   -4.445840138308341   -0.011910389587370   -0.000626655530292 
 394.299388112155725   -9.357294766954380    0.052724012889403    0.006322030753463 
-582.795598625328807   12.648374494511803    0.016007594994630   -0.012158093947658 
 311.490538202242874   -6.786317383398753   -0.098143523740954    0.012935464146724 
   2.774289220561245   -0.041565689201045   -0.042253704336719   -0.000843343994934 
  19.654942553926176   -1.358675364882140   -0.019736127123254    0.006372607303496 
 -24.225832126080686    0.825986930266036    0.107119655163578   -0.011651715260933 
  23.619892733106976   -0.467529331620957   -0.147193189066085    0.012057842635682 
 135.348128369560527    0.441201454576285   -0.019072869936377   -0.002892682259797 
-282.529529040606803    2.061573831755858    0.021035431312105    0.004492346272887 
 482.698694252859923   -3.389664305537901   -0.041586206125602   -0.007387109663306 
-488.356042720353116    3.642679534339188    0.036981095175767    0.006556574794915 
-139.656002559360218    3.249047626840767    0.006445650052973   -0.002958719658695 
 119.241731081522829   -3.799604052450217    0.009016741529828    0.004642965998597 
-205.543892226571955    6.624095746719806   -0.019219720404728   -0.007677157677734 
 211.431219153933313   -6.488444270420832    0.017302286862156    0.006825006083839 
  -0.479422107439580   -0.328648934999453    0.031383831889118   -0.002753720072124 
  14.815718789132816   -0.744878702303446   -0.029789993182759    0.004517146431165 
 -23.143115846411941    1.358488375395434    0.048946018374629   -0.007486242202429 
  16.837510721390096   -1.072015817865111   -0.047258805078244    0.006631274674754 
  -5.750251237382862   -0.387530225504162    0.002064120686364   -0.002052608396734 
 -13.031553685509166    1.074746693609220   -0.016285503282052    0.003065717994620 
  10.259366066026303   -1.483884778012998    0.043812405846689   -0.004793547005731 
   3.849076423151260    0.995920442849143   -0.050374079219654    0.004055128574972 
  17.177957411772333   -0.683744857154517   -0.016330864211164   -0.002160539987697 
  -9.993051701646507    0.403447872839469    0.009096741825291    0.003036986897675 
  17.446168305718672   -0.955390593192427    0.001927334177817   -0.004426816726121 
 -19.062632626429192    1.194199214994887   -0.012767288319752    0.003503281160611 
 -21.504757119975700    1.144158948501342   -0.000000000000000   -0.002833453667755 
  12.403198486674736   -0.659911221475039   -0.000000000000000    0.003421289119494 
 -16.935528522645335    0.901053492428668    0.000000000000000   -0.004781906229017 
  15.679988654734949   -0.834252590328012   -0.000000000000000    0.003702192001626 
-188.014365613793814   10.901609236245690    0.000000000000000   -0.006019066810274 
  18.778354643666979   -1.088822568193577    0.000000000000000    0.000715978539865 
 -47.994475429826451    2.782856591444292    0.000000000000000   -0.001398452531696 
 274.350842786781413  -15.907644460741881    0.000000000000000    0.007923196758338 
 374.311880817958638  -21.803218472491388    0.000000000000000   -0.000589239814246 
 -14.839316521008495    2.177645136387154    0.000000000000000    0.000173662442622 
  39.692116639220018   -5.565713182888583    0.000000000000000   -0.000012379198957 
-483.334828463820600   31.815288921483770    0.000000000000000   -0.000000014894578 
-416.244872818597173   21.604122704231756   -0.007696093714510   -0.011548058576738 
 -33.680400490736524    0.456793333208440    0.101834838200460    0.002570444505222 
  82.174970006880585   -0.962788890932069   -0.252360782023105   -0.006036214311146 
 394.361276012131896  -24.234975248264789    0.293018806599606    0.019621978689847 
  94.557545258061808   -8.781148352263557    0.304323406407033   -0.004940707992208 
   8.969084936738128   -2.001826976688682    0.064239767674902    0.004833598412926 
 -26.536820437833640    5.035864547873439   -0.153251246625726   -0.011563017123205 
 -74.862546217652309    4.552825030625801   -0.185903984919681    0.018084366749437 
-251.346963480251873    0.975392149792522    0.035854872842843   -0.001014260628692 
  67.153581369885046   -1.076387973245379   -0.041631314148349    0.005039938167688 
-130.475822356227468    2.297769320349145    0.098979271370098   -0.011956496693490 
 232.348888376926084   -3.171566103537014   -0.138397433471073    0.014030304720881 
1571.893010939286114  -11.969003506527198   -0.152869182970897   -0.001382859318136 
 190.454219102931688    2.382028690932643   -0.019217768345990    0.004347785712860 
 -29.771479369941744   -4.421749566121822    0.062517534326343   -0.010240277356367 
-388.342504480683601    8.794426641361564   -0.041871459290329    0.011895272440275 
-1576.719686039923772   35.624494343401231    0.085876402648617   -0.002528909956514 
-473.641568407560897    8.148567764713981    0.087063409037450    0.004592258115181 
 381.022319256233857   -5.323165139269420   -0.035834065485919   -0.010090321325730 
 -59.200037076781200   -2.963738846627308    0.016975384417875    0.011969255165003 
1349.309594899464628  -28.201258011011841    0.186040823759585    0.001242430331625 
 475.716691199071761  -11.024484818820079    0.048257616794139    0.006087034929603 
-474.043588711426935   10.100652046290016    0.028630298705073   -0.010606960737275 
 245.226064766906575   -5.360161583838558   -0.095342024144892    0.011513260197207 
   9.372001011423347   -0.829635760116500   -0.010262693464570    0.001628140187437 
  20.695301011636694   -1.374262498332536   -0.035581266249523    0.006056353305396 
 -19.182051680385303    0.484369697364198    0.100204980991981   -0.010098095184821 
  20.904190728385895   -0.385591450900706   -0.134194135923221    0.010699303060942 
 -99.236294891165528    0.801230310454048   -0.011910348859163    0.000070540697373 
-231.773980902019389    2.227024377221969    0.013883105085963    0.003407590425463 
 418.410755510031663   -2.853589529415672   -0.037221389075844   -0.006399617576013 
-432.168878016783424    3.252045308859106    0.032074246325224    0.005697729227477 
  90.759368648749160   -1.257462736257724   -0.015065251420155   -0.000006321669532 
  66.870730121760829   -2.581211192384879    0.011433860299693    0.003533446126586 
-182.279834576161477    5.826493841115415   -0.016663395176038   -0.006655106162086 
 187.328619043762046   -5.713455319254219    0.015053297558228    0.005932128968516 
 -13.618844693403453    1.067603678495213   -0.016686516255996   -0.000170147937747 
  14.635935498842640   -0.868122052928236   -0.018021056224339    0.003484501404118 
 -19.461659060414981    1.156863280991474    0.042969637198742   -0.006486036223019 
  14.175180475365215   -0.914485393115342   -0.041544724878237    0.005760696452921 
  25.677765897528850   -0.605024968134077    0.002251027509999    0.000001587385653 
 -15.187897899526639    0.929422859045122   -0.015511458024666    0.002295989845845 
   6.731934617896783   -1.233363583931202    0.039837785683349   -0.004123333525673 
   4.916648195620454    0.826470867713474   -0.045147957991884    0.003499828042146 
 -14.598884412466990    0.717722448099229    0.004186168610083   -0.000008147078974 
  -3.551317672232003    0.147043551406545    0.002972667746103    0.002226784402289 
  15.753122133983851   -0.886579165161676    0.003436010374241   -0.003768845313626 
 -17.004452322982701    1.079743824684820   -0.012416131175667    0.002993162185458 
  15.707993696972228   -0.835742596446202   -0.000000000000000    0.000391834712170 
   4.338914566683698   -0.230851615787028    0.000000000000000    0.002358743994086 
 -14.842764390975502    0.789708137770908    0.000000000000000   -0.004059402089820 
  13.714846087008599   -0.729697331163684   -0.000000000000000    0.003152377276296 
 574.939969525182164  -33.336659470677724    0.000000000000000    0.016764023087744 
 -51.727032461505701    2.999280895398558    0.000000000000000   -0.001541171513988 
 -52.113060157056289    3.021663882344913    0.000000000000000   -0.001501601653462 
 268.277729591520995  -15.555508033899834    0.000000000000000    0.007747821366697 
-1162.409880307839558   66.673318941355447    0.000000000000000    0.000159842032579 
 125.527638785726097   -5.998561790797116    0.000000000000000   -0.000047302487720 
  53.528156922309698   -6.043327764689828    0.000000000000000    0.000003415795405 
-477.874100312336282   31.111016067799660    0.000000000000000    0.000000000322206 
1328.326558436614732  -68.126362413817532   -0.056167736929199    0.032644478452307 
-189.772227797710570    8.558339347295362    0.098948803057520   -0.001760077461054 
  54.243391470824690    0.164102694130904   -0.227262826865857   -0.005934918430625 
 403.293912738100346  -24.305990911643214    0.263049846760564    0.018885060294440 
-269.190828194587368   28.839546754817412   -1.012127894597836    0.010078422376825 
  44.428164408510803   -5.294757608787513    0.178361045077540    0.002980832915848 
 -19.862164269677450    4.123791474688916   -0.122926145031671   -0.010586213207109 
 -77.854824114662861    5.133878872223706   -0.203462262724837    0.016704864763941 
  51.226087712529328    1.064172395270035    0.016370487890449   -0.001569423213673 
 -27.101529935206742   -0.710615917073230   -0.028185736832284    0.004659590431928 
-125.469315926893046    2.074393834059322    0.090252139997519   -0.010744055618538 
 216.597773253254900   -2.899258437782766   -0.126605484784857    0.012612510690274 
-1297.488294685605069    3.702321422793169    0.098195469342512   -0.000715638545098 
 779.914098205163441   -2.106347624014971   -0.076543711960076    0.003829213468559 
  91.524560293569721   -4.387289432757115    0.050547349288084   -0.009218152458690 
-386.017988691452274    8.255550183918476   -0.034655617752933    0.010680471025387 
1503.655454866305718  -35.582799087111439   -0.223561680499969   -0.000681339372190 
-1064.911450672540241   21.507753143489516    0.119267060030683    0.003643916881488 
 188.703191871222089   -1.616125025743997   -0.010042756852402   -0.009060799451147 
 -22.052427312916507   -3.432234027197872    0.014024219347268    0.010774779755077 
-832.120658890958225   25.285306726739037   -0.362509481026119   -0.006482425975430 
 981.707789286385264  -21.599956572949768    0.118022925703983    0.006552946303963 
-291.865528650746398    6.022596872318822    0.049415366517338   -0.009026963083079 
 196.039059780501617   -4.324918235399135   -0.090645850560444    0.010284926647565 
 -81.681063853843511    8.405198241312835   -0.134698216432407   -0.008034821147251 
  24.209801390920184   -1.685375908376182   -0.039429776298739    0.006666905875685 
 -13.568913880065661    0.101914896525602    0.090828600673448   -0.008507687787186 
  18.848103036119994   -0.348138472610604   -0.122244514907545    0.009534851644540 
 455.909454779541363   -5.808508680503705    0.015922513525778   -0.003509108315731 
-268.987591486204110    2.527485743642233    0.009416724263777    0.003434043186978 
 355.815558961503257   -2.259275764307645   -0.034308910407126   -0.005544413374457 
-383.682822918083048    2.931708776526345    0.027615233807596    0.004951158405673 
-143.373097495828347    3.649498851056761    0.000992698688242   -0.003526001533610 
 100.905493365038367   -3.052759718481477    0.005784391017136    0.003531075500511 
-161.307806640311071    5.122247477257115   -0.014511113761435   -0.005772040958699 
 165.765759271786351   -5.027930995902555    0.013119602909226    0.005155438446973 
  -3.284148484980491   -0.023421958438573    0.031956883527998   -0.003340680140332 
   9.528868738816993   -0.467770673492571   -0.024278499820337    0.003420695927463 
 -16.441058530707608    0.989876690188879    0.037682192693157   -0.005622886556571 
  11.944560278940967   -0.781356726633851   -0.036487690083962    0.005004054939292 
  -5.759738891327750   -0.426771945858817    0.013526362246202   -0.002296989556187 
  -5.558735687955007    0.702538495994881   -0.014667322708416    0.002296585115465 
   4.138605419461754   -1.029368414551206    0.036065438091714   -0.003549261655509 
   5.570981004696065    0.685640962503767   -0.040406204774995    0.003020289293141 
  15.247102279527418   -0.723475318227184   -0.006224662858174   -0.002219720050657 
  -9.025899326906263    0.416189469443706    0.004542480974885    0.002223729247674 
  14.180970009091482   -0.816175037555390    0.004375403964365   -0.003212531107380 
 -15.119314840981431    0.972620786186781   -0.011932005834788    0.002556834115277 
 -16.896302780502708    0.898966489835070   -0.000000000000000   -0.002670317961174 
  10.229412203047515   -0.544255089454312   -0.000000000000000    0.002505682011150 
 -13.021723544759004    0.692819799615736   -0.000000000000000   -0.003451348839165 
  11.957975753430446   -0.636223180197675    0.000000000000000    0.002682572692148 
-1072.964629899033753   62.213549912986466    0.000000000000000   -0.031029708782601 
 163.875456110437483   -9.501966406105581    0.000000000000000    0.004745337143916 
 -38.094507200939795    2.208828193506535    0.000000000000000   -0.001101080949721 
 262.078291817656748  -15.196046947644778    0.000000000000000    0.007568782587702 
2152.906675126132996 -124.427099825972959    0.000000000000000   -0.000042649393871 
-310.376066329713240   19.003932812211161    0.000000000000000    0.000012638274497 
  30.422103479311239   -4.417656387013070    0.000000000000000   -0.000000917231247 
-471.492043138496797   30.392093895289563    0.000000000000000    0.000000000386731 
-2428.930881311640405  125.236240714088012    0.031277531198220   -0.061613754731512 
 308.350231616018505  -16.989046557886169    0.077885901709071    0.010481601958561 
  69.065641948113381   -0.889735707192952   -0.205158488770034   -0.004844727868437 
 409.703533422060730  -24.284813324164844    0.236078365838915    0.018179453027260 
 493.529329245348890  -52.072185228519274    1.811567454024743   -0.021695901777375 
 -56.518396164458522    5.520072424268953   -0.201186915396648    0.006760241307157 
 -21.373443239171053    4.151955826624104   -0.125779378821560   -0.009368578929233 
 -80.169167915807080    5.622949458678018   -0.218017951818596    0.015447848046068 
 344.649067882643919   -1.149343729265310   -0.018915776903902   -0.000907615893211 
  -7.891747043006717   -0.311551268846935   -0.022046803873366    0.004071056726801 
-129.843475549169739    1.946622935819299    0.083973072409313   -0.009652724723697 
 200.590698309718960   -2.648984120520108   -0.115732395814011    0.011339244558742 
-2198.783174134896854   16.600120340171351    0.246323108923726    0.000172519399632 
 293.355987698055628   -0.717977090467416   -0.039720410956632    0.003560849014147 
 225.683321031473497   -4.740330022067440    0.036014333923496   -0.008294394648352 
-364.925417695858414    7.681458419727495   -0.029341406565239    0.009586635696964 
2381.487046496257790  -49.974246707949582   -0.090508851112992    0.002089024385848 
-501.040655097678780    8.164203485822656    0.035431429843197    0.003388414616917 
  -7.040821350055410    2.092869552920043    0.009294554381833   -0.008181758013846 
 -12.166942685486561   -3.367688667015869    0.014195778646471    0.009697785283996 
-2429.908921994693628   46.428559580766986   -0.138352093956446   -0.002380384152520 
 669.662542202287796  -12.117966550422832   -0.017918129680813    0.004122036563177 
 -85.444237214663190    1.807856481897259    0.061928466020234   -0.007692590224687 
 173.269817244861486   -3.860207583110963   -0.083332847861781    0.009246285059946 
  18.485792724143771   -2.863722463573392    0.156228252788082   -0.001944313521006 
  -6.420597554271319    1.466573432116172   -0.089941607460895    0.003653847945466 
 -11.345263400484534    0.074564586993098    0.074657177703494   -0.007217593559542 
  17.370733620005375   -0.345316706298218   -0.111770112532002    0.008559868065396 
 -53.086689150875884    0.353077460440628    0.010598529179574    0.001090214735097 
 -98.021545943872468    0.349294988453352    0.015387666835945    0.002118127568579 
 309.939416782743365   -1.899678172795699   -0.031208361519661   -0.004850392030013 
-342.518361011000593    2.677446527215690    0.023504854982557    0.004304909931483 
   8.670833553020039   -0.748225222692774    0.007866034476017    0.001162834264652 
  47.140581804096541   -1.684197649335109    0.006156653025227    0.002208824925407 
-142.802047244168421    4.530127806280039   -0.013018483256140   -0.005054553405459 
 146.898906194529843   -4.428221504403220    0.011398033663315    0.004482219660086 
   7.301066630244452   -0.526096486208691   -0.003015790181388    0.001180843531857 
   8.297313056950255   -0.476553907907112   -0.012294668497337    0.002167940874838 
 -14.212785806236813    0.871836117513927    0.033110546653448   -0.004924306956283 
  10.031902184136804   -0.664976803146138   -0.032094351768870    0.004348117727688 
  -5.891107536247150    0.370600221303595   -0.009381663180147    0.000676594970046 
  -7.718637772204072    0.542499016297867   -0.009594936866090    0.001435214031895 
   2.478933736941983   -0.873738725514618    0.033032655644901   -0.003082786762089 
   5.990201946982360    0.567113535728031   -0.036100783254588    0.002608029420905 
  -0.767499408070844    0.067129611616582   -0.001865355001131    0.000594945968136 
  -3.308235972083182    0.144886225108494    0.002208232403070    0.001391334228677 
  12.639203096717765   -0.746040575736363    0.005219243136609   -0.002760648172837 
 -13.457943770188216    0.875688829221503   -0.011326261618654    0.002185678105626 
   0.273280769655412   -0.014539882329763    0.000000000000000    0.000578988911707 
   3.893298660358719   -0.207142655766147    0.000000000000000    0.001504312775710 
 -11.256384686833181    0.598895081463176   -0.000000000000000   -0.002950099490808 
  10.457094284640059   -0.556368897092974   -0.000000000000000    0.002285089903909 
-2309.825735378603895  133.930285000913642    0.000000000000000   -0.066696093789411 
-238.486280101699776   13.828114811264321    0.000000000000000   -0.006890803649560 
 -47.420860199847638    2.749596744151380    0.000000000000000   -0.001369264262926 
 257.781398376493371  -14.946900808878066    0.000000000000000    0.007444688461895 
4637.897460240707005 -267.860570001827398    0.000000000000000    0.000011330896649 
 496.963936842585952  -27.656229622528649    0.000000000000000   -0.000003355248204 
  53.745587293420435   -5.499193488302763    0.000000000000000    0.000000243147039 
-468.334010390129038   29.893801617756125    0.000000000000000   -0.000000000093733 
-5239.744261653444482  269.976479037058709    0.081790961047854   -0.132349635534735 
-602.498848875845738   29.974543709896796    0.089614975908404   -0.012623556065756 
  32.297064790634863    0.733451436808380   -0.184220879067849   -0.005112472131836 
 418.410705407013438  -24.416882107386233    0.211711610884987    0.017617297709598 
1054.462286801616074 -112.517240534692604    3.913222853406430   -0.045999640050851 
 128.555102302546373  -14.006997036425750    0.478150879862631   -0.001375721859358 
 -12.368854971909983    3.091090250104503   -0.091158883263312   -0.008695513998258 
 -82.760023789590832    6.126491581860781   -0.233345702040722    0.014340029642179 
 359.836902302339126   -3.716784886299920   -0.084490826807940   -0.001608027811176 
 121.351653412989265   -0.742555167321493   -0.029140220212330    0.003730700766847 
-115.660987252922496    1.814859631298253    0.077574694398601   -0.008677505036991 
 184.910098029234121   -2.412769054089652   -0.105617187950133    0.010194491542344 
-796.342072227479207   14.814854289487910    0.106026429215390   -0.002333379158624 
-531.187702602545642    5.507068037097000    0.052650754889765    0.003625543789009 
 195.954356668413425   -4.141693653738752    0.037630626915137   -0.007396095547957 
-336.425813646124197    7.110120884969909   -0.024979146423882    0.008605811583718 
 139.234882971331047   -9.296649762380412    0.161719501934850   -0.000572915964431 
 392.016987338431704  -10.576139029658730    0.001490610675824    0.004171798761610 
 -20.668779819962737    1.791377609940564    0.013909809446710   -0.007236731341530 
 -16.224463702456774   -3.076120244036339    0.015734438935670    0.008732089636408 
 258.712243151300754   -3.660409384140568   -0.013114798173455    0.000258640124207 
-241.553303545735588    5.292743292365053   -0.069800164914482    0.003229392505982 
 -31.930582382592519    0.954703574640003    0.050963679195823   -0.006773661591042 
 168.306848951668286   -3.732887969792976   -0.076141979319023    0.008344468915362 
 -13.557204962986962    1.587736644011567   -0.027129969464757    0.000082581357179 
   0.511574717282604    0.392677508276144   -0.031356012665363    0.002924730375089 
 -12.083891255108124    0.306970954542138    0.059494975187712   -0.006395271269473 
  15.888358922073653   -0.318674130983933   -0.103538169629415    0.007710962757255 
 -46.993177089499682   -0.771416492971316    0.020220602927481    0.001205115014187 
-117.929054375441012    0.481699036118583    0.019362115278285    0.002526958094241 
 282.945591742828356   -1.795803919724206   -0.026864638755382   -0.004269756322160 
-305.411205508278613    2.446134094225735    0.019864942339215    0.003733835996645 
  66.200744348680146   -1.746307051140082    0.002810239244552    0.001292515247123 
  50.392144386467514   -1.964782107844698    0.009106415953735    0.002644887774652 
-130.610456470346833    4.074005336632535   -0.011110599633769   -0.004447839317952 
 129.802157101480930   -3.889732494277151    0.009882284308403    0.003887184534536 
  -0.380572185662984   -0.050381554870306   -0.012532236864889    0.001230394601987 
  11.035213043292984   -0.673840090235468   -0.013425589815355    0.002610757199285 
 -11.796220043706517    0.728036867746114    0.029895514364361   -0.004326969697018 
   8.399209370634242   -0.564470975467573   -0.028153527847658    0.003768759769345 
  10.369634129941712   -0.097122372772324   -0.018570910982009    0.000606783904688 
  -9.927803098297822    0.681474099286748   -0.013113060558646    0.001688937145663 
   0.273128628129392   -0.720742086066544    0.030194155966809   -0.002692267864894 
   6.167958879502692    0.467096570725591   -0.032139945748407    0.002246427769443 
  -4.840696287099980    0.437052088020043   -0.012733939620102    0.000311764384576 
  -3.596048250109227    0.170059829464690    0.001508724277645    0.001614438966728 
  11.776167568943649   -0.706672318914712    0.005683862721698   -0.002384926523411 
 -11.931233592443668    0.784828717044467   -0.010642995866767    0.001863498685188 
   1.466887925208649   -0.078045659233093    0.000000000000000    0.000193937186501 
   3.995778948978877   -0.212595111639775    0.000000000000000    0.001721433617600 
 -10.270249985665917    0.546427860537432   -0.000000000000000   -0.002546881191644 
   9.111412741857201   -0.484772014114097    0.000000000000000    0.001940963192397 
-1652.055859680956246   95.790911294973995    0.000000000000000   -0.047714150503909 
-1104.670930868676123   64.051971686606947    0.000000000000000   -0.031901838820589 
-215.315511571144640   12.484607556385289    0.000000000000000   -0.006218344571695 
 243.616064335511965  -14.125554334040721    0.000000000000000    0.007035595813822 
3324.304329950575720 -191.581822589947990    0.000000000000000   -0.000003022279438 
2236.175484432850226 -128.103943373213895    0.000000000000000    0.000000893838039 
 395.388014952850028  -24.969215112770584    0.000000000000000   -0.000000064529231 
-444.792356988253403   28.251108668081450    0.000000000000000    0.000000000004551 
-3817.450383407137906  193.923472914152200    0.090517043627892   -0.094258959529986 
-2567.402946995887760  131.215723348793830    0.120286586301350   -0.062254669391282 
-363.940659693331781   20.882234819144710   -0.157983183791630   -0.014472250313966 
 402.799918481115981  -23.329550621698793    0.190243982970871    0.016522500247687 
 934.708086604619552  -84.744859644742974    2.747143766978976   -0.032235431823950 
 523.978459853153254  -56.200962236935531    1.945609449890042   -0.018625586878428 
  69.197840297552347   -5.684904659065652    0.211811157955772   -0.011195677590482 
 -80.237960533692885    6.074258299010372   -0.229626441565223    0.013141751691370 
-956.782234193292311   11.699239868085661    0.234837474538203    0.000030855523487 
 256.290491776364888   -2.136349499683914   -0.060824280265308    0.003127690337656 
 -68.455719104253149    1.454996547922571    0.066329131838896   -0.007820206148928 
 173.051400657005956   -2.204773370147823   -0.096540688237235    0.009164954932884 
2694.602733210012047  -37.575148112768609   -0.209366544808833    0.002669639635542 
-829.815979687844674   11.062638395654936    0.092410665845537    0.002750526604525 
  25.828896382114181   -2.070480349644759    0.055763304507050   -0.006599086748765 
-321.786682525556898    6.707392378616362   -0.019245567144776    0.007733391380758 
-1664.829466310244698   44.011555624026244   -0.144406409711331   -0.000500686325681 
 444.230068452673549  -14.062382690551244    0.062135423901393    0.003956955274948 
  83.862102153926344   -1.288437605085697    0.021863063768862   -0.006220637086960 
 -12.410852621985839   -3.035607734199338    0.017812314310535    0.007891563597874 
1127.920747029899985  -23.380888429188186    0.133970667910127    0.001473940200179 
-144.536212363990188    3.920089773312177   -0.074718214229527    0.003326382552559 
 -80.191771871309271    2.106307707849677    0.032898881802821   -0.005954189708724 
 161.046553135847432   -3.538000146098170   -0.070887761836516    0.007548725630880 
   7.059923441207782   -0.500282871091329   -0.027511026681711    0.001659512129897 
  -4.572377143837310    0.988078749780472   -0.041529751214648    0.002955698384031 
 -12.591491558427496    0.479565486799217    0.050384254702710   -0.005660217674583 
  14.359386954199351   -0.271066127466515   -0.096644223650458    0.006957414052395 
 -79.599332502708208    0.728247683595714   -0.014287949505904   -0.000241673306117 
-135.551495784002896    0.192417851254364    0.026944841376090    0.002978876224561 
 251.260522972897434   -1.711539308802591   -0.021076269173585   -0.003581527032310 
-271.977431564044252    2.227678478861727    0.016848888911108    0.003241953916860 
  79.386666528980257   -0.923069433049398   -0.015635165533361   -0.000331973595702 
  75.217423517219615   -2.619647252022199    0.010160255670443    0.003129580992323 
-114.909260482385392    3.500951666649168   -0.008702265680747   -0.003726030722080 
 114.392525627532095   -3.414592303592416    0.008641235851983    0.003375055435113 
 -14.724935569562927    1.110651987381252   -0.014033340459858   -0.000483364256467 
  10.892498473669946   -0.692733173311874   -0.018125178639688    0.003072155175030 
  -9.055256104086221    0.557215209802701    0.025951668307481   -0.003616605650229 
   7.096363763922260   -0.484093519883594   -0.024650840418104    0.003271084752914 
  26.700441547412339   -0.697823665869368    0.002867468486516   -0.000206754620406 
  -6.039190299570656    0.645053209497157   -0.020077152176899    0.001916481109920 
  -1.722745546604074   -0.554926172468560    0.026045379374865   -0.002241590582946 
   6.067231226267992    0.387462150634308   -0.028606839134296    0.001937469054046 
 -13.403503424938295    0.677605186082545    0.002520294696749   -0.000228087878624 
  -5.411309357771472    0.333954362472187   -0.003266503079893    0.001731350610944 
  10.650247867958534   -0.643670544922601    0.005464140371417   -0.001966702826202 
 -10.524855385169424    0.700005479374927   -0.009933810185537    0.001591217393431 
  14.071245818572658   -0.748659551468591   -0.000000000000000    0.000115677531044 
   4.545861920931993   -0.241862233852177   -0.000000000000000    0.001794160062538 
  -9.202544876927016    0.489620692350937   -0.000000000000000   -0.002107431981627 
   7.892930555205727   -0.419942763094480   -0.000000000000000    0.001649879227283 
6628.096235133801201 -384.315926603635830    0.000000000000000    0.191419246580696 
-1724.191878249030879   99.973563422221957    0.000000000000000   -0.049794645259554 
-568.923362710858555   32.987799444988937    0.000000000000000   -0.016430405081712 
 196.214470493356430  -11.377074708266329    0.000000000000000    0.005666644810585 
-13357.317326407135624  768.631853207271888    0.000000000000000    0.000000810269668 
3482.789608164309357 -199.947126844443972    0.000000000000000   -0.000000239516751 
1110.258651527496113  -65.975598889977874    0.000000000000000    0.000000017260930 
-353.935831280449122   22.754149416532666    0.000000000000000    0.000000000001727 
15261.700229698069961 -780.358868450025511   -0.453310530347454    0.376996741195132 
-3998.946840773558506  203.937025691600468    0.154230477661811   -0.097601779215026 
-1184.734383164513474   62.776328449194047   -0.123668550796235   -0.034454306389754 
 309.735707192546556  -18.290268808945349    0.172552354008712    0.013556640218871 
-3266.359339941848702  333.723078367011396  -11.321231820130116    0.123803652312261 
 874.493992329884918  -87.980284603714040    2.975788362507152   -0.030713873812409 
 244.006896820432274  -23.707560514146863    0.826985884505422   -0.017363110176836 
 -61.575465329643663    4.319987877681409   -0.167384383996338    0.011388307369803 
-200.351418376477056   -3.303090273875212    0.043121275548122   -0.003698050696002 
-102.502846046121704    2.250865450848258    0.027239772686517    0.003139261158963 
 -49.232263387972466    1.469311041818108    0.062131068391547   -0.007036837211851 
 166.630259401821263   -2.033429184722707   -0.088741259194061    0.008236359590488 
1108.706674222393531  -13.621209871821822   -0.247413150461796   -0.004944775414096 
 180.660045265911776   -3.028042146633345    0.013898211542224    0.003751641467854 
 -55.315595420627687   -1.066155818517055    0.069051914180520   -0.005786315739718 
-326.261049197114176    6.548047098685124   -0.011240156460388    0.006956696655271 
-433.302824476391038   19.948014209322025   -0.183559197184191   -0.007689490397565 
-180.080981413667189    2.441950668458608    0.007983020259643    0.003769197902818 
 116.880738033801777   -2.740991607847278    0.030627869288992   -0.005254867939740 
   1.761384915440544   -3.330427094796740    0.021234019511134    0.007174833485195 
-236.114258052908013    2.407877548151658    0.118096961402105   -0.007598885343737 
 278.434067772218725   -4.847743387633330   -0.024479213763229    0.003879110127626 
 -63.454539945280260    1.990351006059527    0.020499203303727   -0.005053503123701 
 150.967173542789340   -3.259126077622215   -0.067681212247738    0.006859305434127 
  10.958615132679551   -2.381853662465095    0.118272931881429   -0.006763232321102 
  -1.924905853384365    0.800472673121214   -0.051846386220289    0.003578015432742 
 -13.403651933080200    0.703134414661928    0.038712237523343   -0.004843503447486 
  12.727796029494565   -0.196658826133894   -0.091048826649336    0.006299310864951 
 341.080969448848009   -0.474893390208992   -0.047432408053622   -0.005778033296968 
-165.401245472514745    0.465510732602750    0.021586860311376    0.002888248734767 
 213.641430315832508   -1.629298235820451   -0.015009806462652   -0.002848136412394 
-242.843325760351377    2.018164952944276    0.014607462259533    0.002840335960654 
-249.320777312856336    6.600955430428193   -0.005069946013715   -0.006015956590931 
 104.987423465584115   -2.965798289415650    0.004297068595432    0.003005090893935 
 -92.383654609534545    2.802770973969430   -0.006895100147513   -0.002959196736298 
 101.359192392754991   -3.019708203560539    0.007681669204058    0.002957552911929 
  -5.611519736647582    0.213875237377429    0.053123987181454   -0.005733158410239 
   5.370647635083965   -0.276238678043915   -0.023387681312134    0.002890893578855 
  -7.022362840491994    0.436093728383229    0.020762560813503   -0.002871224555993 
   6.105892399778268   -0.423096332328400   -0.021717496664000    0.002866067400432 
 -19.000535774299635   -0.475316017383604    0.042420843905108   -0.003584885006645 
   3.973475280708854    0.383369334796147   -0.019001851494455    0.001838948127268 
  -1.980959923961755   -0.426373354431897    0.021160503915946   -0.001772161928298 
   5.809674984408986    0.326812398626730   -0.025659271690814    0.001686811430902 
  24.868592964268913   -1.454097025933965    0.009290675596855   -0.003092814391388 
 -10.437623142123293    0.588056307253139   -0.002321392568612    0.001645817656460 
   8.669131305471673   -0.528419211206934    0.004765653415354   -0.001544556792776 
  -9.304304828016615    0.626088145802298   -0.009296909299153    0.001371986409314 
 -22.407064171812124    1.192166125792153    0.000000000000000   -0.003482929389874 
   9.822579102896706   -0.522609565652898    0.000000000000000    0.001837539136679 
  -7.406489748948436    0.394061717412802   -0.000000000000000   -0.001653469581725 
   6.841124440093800   -0.363981499641015   -0.000000000000000    0.001414709913235 
 986.301515294491423  -57.188575318463329    0.000000000000000    0.028484023876930 
 761.344209926144686  -44.144909054141515    0.000000000000000    0.021987572208206 
-689.279321251219244   39.966381240998977    0.000000000000000   -0.019906289213131 
 111.104052516103764   -6.442129893318225    0.000000000000000    0.003208668559169 
-1877.132138283457380  114.377150636926686    0.000000000000000   -0.000000217614331 
-1526.204389238367867   88.289818108283029    0.000000000000000    0.000000064334375 
1354.831803893238430  -79.932762481997983    0.000000000000000   -0.000000004636867 
-186.823422615083729   12.884259786636450    0.000000000000000   -0.000000000000548 
2028.189642079192936 -103.305801296648696    0.427965610789557    0.062482635790717 
1724.190745363220231  -88.697549977159142   -0.015760971218485    0.043771998733148 
-1469.078895090805872   77.181262913499225   -0.106359862490819   -0.041183028949989 
 128.968373171024552   -8.780850141306290    0.158618264243063    0.008461145880063 
-715.084823538285832   44.749096319856143   -0.996885856126077    0.040950667043663 
-350.390760148309255   37.165869783915291   -1.269673570041642    0.015712495804689 
 309.519800843129303  -30.059362366621716    1.040250233563611   -0.019238282427801 
 -23.790242682759065    0.633653753915588   -0.039626236167678    0.008979818327802 
1802.300396450066955  -29.034058945186935   -0.456388186272092    0.030505602852302 
-177.634627937298092    1.012206598145002    0.043410251017063    0.001752492147963 
 -84.249447635900111    1.877195047942272    0.070962321354495   -0.006425368048485 
 158.483308144837565   -1.821046880017103   -0.080465032955586    0.007398583139350 
-3204.801601123084765   63.784605343250078    0.140164106252648    0.023232464000749 
 596.425048099302785   -8.135995848566454   -0.078881719880950    0.001897350687568 
  41.820041250024360   -2.461660567917031    0.060928975638179   -0.005080191720290 
-328.187242694321753    6.340860537298443   -0.002874736441972    0.006282368821261 
 195.635427394119574  -33.249809245409281    0.448339820146006    0.027849566262957 
-342.569540592309409    9.922455996954239   -0.060851678684428    0.000885639003731 
  51.549422783054553   -1.195440774670672    0.024019286985894   -0.004673013326421 
  12.711417256022230   -3.595934601330402    0.024828723806815    0.006561850174026 
1392.261480734743373  -25.330469840211610   -0.342105139490819    0.028325984344770 
 189.891221002377478   -3.944789307076402    0.019807146762559    0.001029528123725 
  -4.913878848455965    0.891284419220809    0.019915194928643   -0.004439923342282 
 146.924727698310505   -3.081375306460309   -0.065270641422084    0.006273387066471 
  21.919608901273563    2.912459335714851   -0.493693111459404    0.025284973651757 
   2.184574821370047   -0.092722450303158   -0.007494036764754    0.001041803312329 
 -13.371193312081937    0.791603192514180    0.031294684650213   -0.004266026104352 
  11.043666429081421   -0.100911696718136   -0.086788894923529    0.005736569987025 
-884.846348610815085    6.726793797874023    0.065430845884384    0.010725385867358 
 -37.495881929193303    0.287425711274345    0.003799707291267    0.000721486248404 
 188.279289390618430   -1.535181180335810   -0.011836485512322   -0.002396919539498 
-218.056367662925595    1.820848752510886    0.012975889722087    0.002518162574302 
 388.137083010286347  -11.629665673846553    0.031526892191323    0.011206920750933 
  11.492131973261351   -0.490440003005041    0.002395838840289    0.000749107172336 
 -77.823710179678613    2.370741187416837   -0.006058486718048   -0.002489921978014 
  90.964709415023776   -2.702809939011425    0.006877021144115    0.002622857949893 
  23.701579096209496   -1.686400207556559   -0.082183086251086    0.010869792910569 
   3.266327733841186   -0.196035464027382   -0.003466186119089    0.000740959175015 
  -5.942740919376374    0.377059460624318    0.017405827384600   -0.002417242961759 
   5.301053414529314   -0.372483120551929   -0.019383851295350    0.002541136968082 
  21.262808792201469    1.224561849736909   -0.101090320670061    0.006305138699144 
  -3.151725634653678    0.205125828277301   -0.003094035030040    0.000494616249776 
  -1.878241218204842   -0.352811459047717    0.018398518100384   -0.001480466381167 
   5.587030123740661    0.278577523582480   -0.023228259420170    0.001487023025825 
 -32.944397664366790    2.319880091362209   -0.040228309565621    0.005038014419429 
  -1.111900780522394    0.042769922527897    0.001162610780209    0.000486012259690 
   7.225440815140949   -0.449565932484304    0.004620805691804   -0.001278078053257 
  -8.335179805794986    0.566384090948484   -0.008719328530344    0.001198592057990 
  22.286061654748025   -1.185728196178828    0.000000000000000    0.005059644097633 
   1.419930038467142   -0.075547268480839   -0.000000000000000    0.000531440615476 
  -6.001176106277923    0.319292113146084   -0.000000000000000   -0.001357347112705 
   6.025027222747410   -0.320561109963303    0.000000000000000    0.001229935168065 
 910.138060407482271  -52.772400945031926    0.000000000000000    0.026284710612797 
1131.207278161583645  -65.590624798565543    0.000000000000000    0.032669081162055 
-452.710385240253743   26.249439509410639    0.000000000000000   -0.013074207541848 
  38.766510786856898   -2.247792878333185    0.000000000000000    0.001119571082415 
-2280.231714854375241  105.544801890063852    0.000000000000000    0.000000058403484 
-2230.128941094674246  131.181249597131085    0.000000000000000   -0.000000017270999 
 885.290137601609445  -52.498879018821277    0.000000000000000    0.000000001246055 
 -44.982664417863290    4.495585756666371    0.000000000000000    0.000000000000040 
3347.016653067406878 -158.883876655689562   -2.061834471067968    0.026002464135023 
2484.761861142929774 -127.437225463402996    0.144726132827598    0.067202987154668 
-942.959819277538259   50.164415983429016   -0.090239217289680   -0.027311155714012 
 -23.764700424339921   -0.720860638669516    0.145912886589995    0.004119241139549 
-280.293075962852754   85.443476965260786   -3.848848635735363   -0.070019946510737 
-618.547568975169838   53.946780903861637   -1.643505766088929    0.031068995946063 
 188.402509702694829  -18.670281030649630    0.676102816547290   -0.013390595958957 
   8.028226749341528   -2.455649247788731    0.068619350808127    0.006900522542845 
-3682.240579232684468   56.522561763686383    1.033883189966796   -0.112726556551844 
 498.228020731477045   -9.875565506300138   -0.127735318834970    0.013192093217576 
 -44.175273536627770    0.769275184422885    0.060421687877256   -0.004557294877793 
 148.696704090646335   -1.627288917305622   -0.071807840790445    0.006682376078672 
6552.895300261376178 -133.113224160931026   -0.280925927440678   -0.096949518877036 
-605.375552321851956   15.783231155152293   -0.026320180036207    0.010609524687848 
  40.701228222205771   -1.505756154593803    0.047778738148535   -0.003516832298363 
-319.899974288711064    6.030607338486002    0.003782616659685    0.005722366866969 
 830.527435777338724   65.294177750878646   -0.965396947846888   -0.106607163090454 
-269.206255319517595   -2.546222470074191    0.107275753870324    0.011329226352340 
 -24.922551705923723   -0.273411583810663    0.029822296384131   -0.003146155156912 
  14.184546476278314   -3.655267356894264    0.027755990911830    0.006045955301764 
-5348.660206829948947   98.914001812698373    1.250323596561176   -0.105705052035343 
 711.989276277912381  -13.443715497155836   -0.108482280546499    0.011651772253014 
 107.821183311579517   -1.282278681308213    0.008830803205651   -0.002854760795190 
 151.996803874975427   -3.081075660887441   -0.063139929488407    0.005789807213793 
 -94.798411534924128   -9.587047378057125    1.854342042451428   -0.094381525142808 
  10.404428159347319    0.999449800589947   -0.192628953562032    0.010523668431738 
 -11.797567939492236    0.904944111300025    0.006279310859365   -0.002820342136344 
   9.449212982790391    0.002278311200218   -0.083958398025021    0.005268979614900 
3226.267691317543722  -26.083365797981152   -0.214716866851116   -0.037577874180584 
-369.313262658246231    2.809973385477084    0.028336274497911    0.004743505948663 
 137.428146317188350   -1.148006293241880   -0.007819487788674   -0.001713795514865 
-196.835545168872329    1.646580400844044    0.011683494080340    0.002250768873768 
-1361.233974649453103   40.846731403154720   -0.112626403038568   -0.039243104019615 
 157.043538102117168   -4.851564630697467    0.014218423412035    0.004951702453936 
 -56.756751420256236    1.702990608204023   -0.003981703936507   -0.001777320774730 
  82.174390444900610   -2.436844606400505    0.006218721247549    0.002345211019300 
 -81.920278589602120    5.974745797713691    0.287196578506452   -0.038073940311353 
  12.154419894919915   -0.828435541861102   -0.034284843463246    0.004817131516478 
  -4.015147465781242    0.249000584888258    0.012686948686808   -0.001722481625323 
   4.655539317120822   -0.331707492504702   -0.017422795870720    0.002271789149250 
 -85.337763067358480   -4.086475090956103    0.364500631525563   -0.021923553032217 
   4.821827662421484    0.664336521928652   -0.041002905281313    0.002859043261955 
  -1.669478464733832   -0.244128665271974    0.012886400561465   -0.001061258942201 
   5.344533181845861    0.240072904631116   -0.021174230987525    0.001322007831103 
 120.039431753273163   -8.482508065746245    0.148677208496797   -0.017301609571971 
 -13.466049904659791    0.912724956788716   -0.013923005306899    0.002375267666976 
   5.403196979493185   -0.330129072569727    0.003025756375968   -0.000920418062424 
  -7.513717680286252    0.515387645230886   -0.008202132942548    0.001056266114804 
 -80.647976774383508    4.290869401134794   -0.000000000000000   -0.017343224206164 
   9.777203158997532   -0.520195342047893    0.000000000000000    0.002428807152089 
  -4.601534456594880    0.244824286829994    0.000000000000000   -0.000987316141760 
   5.340594080483159   -0.284145897273217    0.000000000000000    0.001078452655972 
-4582.397157011453601  265.700458621535518    0.000000000000000   -0.132338965985627 
1472.509050814390321  -85.380275152952549    0.000000000000000    0.042525847641854 
-127.245844118257139    7.378077015470887    0.000000000000000   -0.003674841441360 
   1.630439752333280   -0.094537547730207    0.000000000000000    0.000047086858257 
11128.999454689439517 -531.400917243071035    0.000000000000000   -0.000000015669598 
-3085.215834165065644  170.760550305905099    0.000000000000000    0.000000004630307 
 220.872040694142129  -14.756154030941770    0.000000000000000   -0.000000000334032 
  26.379260509658661    0.189075095460414    0.000000000000000    0.000000000000007 
-16742.092008222913137  759.181351290931730    8.804906212159597   -0.151226009967686 
3739.893106043207808 -187.018679209286631   -0.628461793822890    0.076953911205301 
-164.877948379271231   10.857427899342820   -0.150706174914092   -0.009291543419016 
 -96.273131853151654    3.248164639800295    0.132867309802912    0.001806179412353 
3282.310273606536612 -462.967044863219485   16.012644236390923    0.271317986081899 
-723.657472461239081   85.988084765834429   -3.086824004489691    0.004811516004537 
  20.626879523143650   -1.178422821937620    0.084811595224963   -0.008905531965132 
  21.366287282951390   -3.779634134049322    0.119935142789728    0.005575393401604 
11436.278874615753011 -124.295043201600834   -4.185449005452318    0.407937722860063 
-882.612196480782586   11.320395155082291    0.259970877402579   -0.029080365489365 
 -92.223295505290650    0.949878890520648    0.076951132698208   -0.006543328911766 
 143.767731591183349   -1.575039601844001   -0.064231691057181    0.006098671619707 
-23762.524590428001829  464.674549027699072    1.657744715965386    0.357313750418744 
1851.960185276171160  -34.134227905196937   -0.131667402826461   -0.025746544891040 
 196.524307341494819   -3.799630748349371    0.028030290290701   -0.005408959823762 
-311.472690132641219    5.829014040021711    0.008795022663154    0.005259182123865 
-2853.812454170756610 -254.802956841234618    3.775896333574284    0.396947970789512 
  42.241533096974877   21.939094186505457   -0.254748101572259   -0.028648459806580 
 -53.293141983740497    2.150697380743225    0.011388252921389   -0.005311059338692 
   8.485003671673041   -3.601700840045815    0.031274420700307    0.005621487953495 
20002.379346585610620 -370.325537410593370   -4.659189246753794    0.394494223796602 
-1293.758301283309265   23.649035182605857    0.360389068163941   -0.027987622260240 
  35.100055185904033   -0.006613720626939    0.040319151657831   -0.004896742046093 
 166.152682264300552   -3.258227140903602   -0.061289076446706    0.005408565876091 
 357.274037238422807   35.435730176513488   -6.923675058346296    0.352241126919476 
 -25.144976166249357   -2.595692966181453    0.502749312357253   -0.024869403496815 
 -13.640136440354981    0.705413715601084    0.045044355708767   -0.004613559019479 
   7.951933032814511    0.112288026336671   -0.082561549765344    0.004896530250808 
-12020.224416659428243   97.606669394050400    0.793436621520074    0.139586110854977 
 840.537121585834939   -6.971288788765848   -0.052182550571258   -0.009348196869056 
 196.331128683136740   -1.668170718652975   -0.010800272297843   -0.002289381879914 
-179.126242523654469    1.496041374512706    0.010729443515217    0.002037267429349 
5056.798815587661920 -151.757259938773984    0.418978719962929    0.145765495327527 
-353.419202391430247   10.465959645485597   -0.028016477727428   -0.009764461553420 
 -81.303709456420052    2.404789985052535   -0.005706460725932   -0.002378915662165 
  74.874941693476870   -2.219997705457865    0.005723197677864    0.002123769585764 
 303.979535262177023  -22.212582983296528   -1.066603227774742    0.141425968334843 
 -18.565684576180516    1.412094132281506    0.073413873476674   -0.009460596100279 
  -4.816555550938866    0.321957908690812    0.017578077438487   -0.002302914698298 
   4.183558150635971   -0.301857299349090   -0.015811697146587    0.002057383461359 
 320.088243477256583   15.121338514086400   -1.356912205432186    0.081389073429724 
 -27.179833487838380   -0.868091637179868    0.095684831540773   -0.005362289125126 
  -4.464229192910896   -0.269598054678378    0.019721641343898   -0.001374164675097 
   5.044514112488539    0.211955682965230   -0.019492186016414    0.001191203574780 
-447.213329348724528   31.610152171622886   -0.554480524421578    0.064168423868456 
  31.548737002817603   -2.268215567866127    0.041830947879400   -0.004112835922513 
   7.663532866762917   -0.499565398954403    0.006514249197530   -0.001137614094366 
  -6.814273072466804    0.471815440043583   -0.007751075180627    0.000944535208102 
 300.305845442781163  -15.977749408360090    0.000000000000001    0.064313252727023 
 -20.465788131396199    1.088880683377649    0.000000000000000   -0.004074901925223 
  -5.937607578144725    0.315909954496214    0.000000000000000   -0.001193077988402 
   4.760655493130681   -0.253290309339875   -0.000000000000000    0.000959114765226 
 643.723065552267144  -37.324899584663093    0.000000000000000    0.018590630938184 
-245.889883064904751   14.257396830123257    0.000000000000000   -0.007101264602756 
  26.081551850428561   -1.512282774882777    0.000000000000000    0.000753231438528 
  -0.217331290762007    0.012601488183956    0.000000000000000   -0.000006276495450 
-8558.895494621814578   74.649799169326187    0.000000000000000    0.000000004270424 
1088.158961343473493  -28.514793660246514    0.000000000000000   -0.000000001245792 
 -28.760068408556954    3.024565549765553    0.000000000000000    0.000000000089032 
  27.518095247537577   -0.025202976367913    0.000000000000000   -0.000000000000003 
25596.571885560922965 -917.888551521312820  -32.595592154142942   -0.382815500890486 
-2538.391397040383708   97.674327524812753    2.673378035736959    0.020244157467419 
 -14.690234753918233   -0.310616061216414    0.104908355325167    0.002858215165074 
 -91.146444072195806    3.165952341313145    0.121406404855792    0.001551778046841 
-4971.846308370777479  950.624013193903920  -31.799045104529451   -1.350655166909782 
 507.208880141212717  -87.624557057872863    2.917917584156903    0.106555760785249 
  -6.429194516859795   -1.382981858442421    0.063698292683365    0.005015377633591 
  19.048261469275275   -3.487605671823836    0.113579662896898    0.005067299785099 
-42137.814345869905083  437.624022074935283   15.947887362309281   -1.522104846912890 
3405.992381500122065  -35.290246045518018   -1.309572499642041    0.123896280583158 
 223.199227622127012   -2.046352470783821   -0.054249070081725    0.005308660474958 
 140.785486259993661   -1.522187322483886   -0.058725459599264    0.005623128159926 
88724.860696372546954 -1732.477949450727920   -6.280484819595372   -1.332539524031839 
-7058.986536134329072  140.118727980190158    0.489986865660559    0.108246111515989 
-454.353986515775091    9.448431761024780    0.072820223144964    0.004903486004356 
-304.381454660694089    5.728280364029063    0.013479288428698    0.004878650800758 
10584.722380905455793  953.917649614063521  -14.138188386450253   -1.481184720067596 
-1027.938137217061922  -73.612014628957468    1.161213023518099    0.120207029239487 
-176.505217498750142   -4.308417674563280    0.124696368164619    0.006133761840421 
  -3.090467571206943   -3.487727345869303    0.036092310754926    0.005285262357128 
-74660.857179512415314 1382.388147829671880   17.386433390454034   -1.472271843151064 
6207.133953686305176 -115.223041346366642   -1.386806899368731    0.119947711663486 
 649.272011736276909  -11.453364491097020   -0.087983077242768    0.006598269129313 
 189.392362866286845   -3.612829746508822   -0.059718082296982    0.005129663053366 
-1334.297737418766019 -132.155873327997085   25.840358190933770   -1.314582982535096 
 108.832787798159046   10.692705850011119   -2.093628834522609    0.107221019097988 
  -3.179159986366247    1.717540326079790   -0.153815584561902    0.005680392930668 
   6.551826579153786    0.229117448691224   -0.082598350144498    0.004619221894750 
44854.629975320276571 -364.343311778220652   -2.959029619229192   -0.520766569239326 
-3667.047034661457474   29.631212234003048    0.245356182498771    0.042996594701560 
-156.982610451315736    1.164319712001676    0.013346431693096    0.001916667849149 
-164.928459727271616    1.369231673516873    0.010113738026718    0.001877658241044 
-18865.961287701240508  566.182308351942993   -1.563288476813149   -0.543818877290493 
1542.880353453944963  -46.443012831554739    0.129100542258670    0.044897599194403 
  67.378934426393812   -2.092341663206099    0.006929047340474    0.002012726542958 
  69.066363160752985   -2.052269236183502    0.005390450435059    0.001958533649282 
-1133.997862459103544   82.875586135472304    3.979216332592529   -0.527629933028018 
  95.426641147135570   -6.917624486454677   -0.326562336938855    0.043574142025287 
   4.791064020430538   -0.366233385580837   -0.014065480494286    0.001961278542328 
   3.885109915074731   -0.282932541085091   -0.014550555122951    0.001897919904409 
-1195.015210841660519  -56.398878965389684    5.063148190203175   -0.303632740686679 
  92.853257816132555    4.802410305602535   -0.413157245496296    0.025158613411020 
   3.744948848125897    0.222191778874455   -0.019962410400543    0.001100375860640 
   4.686972915668715    0.194225858584823   -0.018182124506837    0.001094610256856 
1668.813885641624438 -117.958100620745114    2.069244889189514   -0.239372085901854 
-136.156261502953953    9.585591496492448   -0.166099248778692    0.019950323028158 
  -5.412407695754155    0.415106592123888   -0.009019288414881    0.000842071793839 
  -6.236845982336636    0.435667475386576   -0.007366155244581    0.000863399337885 
-1120.575404996745419   59.620128232305689    0.000000000000005   -0.239909786701927 
  92.148903909646563   -4.902775344757377    0.000000000000000    0.020042567847411 
   3.022781894136632   -0.160826878176254   -0.000000000000000    0.000802880251872 
   4.285211460689937   -0.227994346163276    0.000000000000000    0.000871921495827 
 135.249783226372926   -7.842168236492889    0.000000000000000    0.003905992259589 
  -4.493733482804537    0.260559485874596    0.000000000000000   -0.000129778000937 
  -5.216400218035096    0.302461764616955    0.000000000000000   -0.000150648886934 
   0.458104880059198   -0.026562227707010    0.000000000000000    0.000013230000999 
14683.205688917616499   15.684336472985782    0.000000000000000   -0.000000001422182 
-2121.426849139708338   -0.521118971749192    0.000000000000000    0.000000000355617 
-157.918554383086189   -0.604923529233910    0.000000000000000   -0.000000000022239 
  24.208977704526497    0.053124455414020    0.000000000000000    0.000000000000001 
-49400.149080168470391 1718.432636938553060   67.032699167631051    0.871533566164071 
7060.323060044969679 -246.533879295679668   -9.549969022066648   -0.123311655366513 
 550.551223121654289  -18.918060032574761   -0.754665517966044   -0.010025222072312 
 -82.651784531205408    2.860535624046229    0.112628215153767    0.001477683377727 
9642.467019965763029 -1887.706484650964740   62.913784172002927    2.808375996170082 
-1357.233485497833044  268.859447889841533   -9.006724330041640   -0.399939926805920 
-112.682270186436426   21.271379495553610   -0.697402550552228   -0.031657643118993 
  16.459113585837599   -3.172924582389058    0.105026901764986    0.004721157378697 
85321.274112336366670 -892.787255695891417  -32.717575262335956    3.131502791052556 
-12395.687998201083246  128.818762232582401    4.670885261223944   -0.446893037009176 
-900.512724465494102    9.644712052599278    0.365915025116012   -0.035065934078295 
 139.603602029421836   -1.474657057677972   -0.054820446161876    0.005249729074281 
-181185.840658015047666 3501.267538994962706   12.061429797980963    2.738385681165377 
26212.836225005412416 -509.560503063833039   -1.865194941687708   -0.391456209995951 
1939.877224593106803  -36.731790124430574   -0.099080786358429   -0.030497776305639 
-298.181624054662052    5.714943463826677    0.017971289184493    0.004580315785866 
-17024.049039094345062 -1984.645215742633809   27.368103720979192    3.030492262385947 
2941.332755622484910  284.107103976317376   -4.140607621400752   -0.435237240785862 
  62.669109801927902   22.003468493856644   -0.247727956570712   -0.033245014602876 
 -20.541867252360959   -3.313346874364701    0.042209661075688    0.005037278512666 
143922.006448842497775 -2673.780226651032990  -35.489720930249902    2.996610196950675 
-21790.687488630821463  403.172514089759829    5.133105622051530   -0.432154229518163 
-1298.672180131789673   24.540319601827171    0.380304263092582   -0.032427545602522 
 221.715845680934592   -4.144883477703099   -0.058426947039234    0.004953098745617 
2909.832222118418031  245.771230627503314  -51.907634533906233    2.678876361372501 
-391.528863733879462  -38.865746647987677    7.596505487077552   -0.385747599352673 
 -38.516169478331122   -1.804089773667297    0.534043997007466   -0.029135429601168 
   5.248893621808217    0.352766578263877   -0.084068799162484    0.004437054546726 
-92099.759199943975545  752.124850982593898    5.975232368247966    1.062780450119483 
13153.439206083665340 -106.997529682829736   -0.864279924712176   -0.152290868763187 
1028.816410976458201   -8.506469969101655   -0.064019036083579   -0.011745116408554 
-154.242196779723827    1.266151297856543    0.009836377614841    0.001771941308854 
38703.076158498690347 -1158.518166037516494    3.164973303083514    1.109610740881413 
-5531.855129434035916  165.875352800424082   -0.457132636546260   -0.159034479789532 
-431.242912571116335   12.836700832902544   -0.034074964445475   -0.012254383531433 
  64.748654846728556   -1.933659198577419    0.005220479519135    0.001849503209857 
2281.900049372005924 -167.025784991841647   -8.154253819885040    1.076258341911323 
-329.822557275027407   24.160720314347316    1.165643787783344   -0.154287082860220 
 -24.508425495556050    1.789153592905754    0.090819700861275   -0.011877839062038 
   3.760194610437110   -0.274933217712705   -0.013639369799811    0.001793398478400 
2514.718640392880843  113.230835687086682  -10.356569196770783    0.619064993982173 
-355.277446249489685  -16.347169306418571    1.485523325829894   -0.088703664346484 
 -29.058074706043783   -1.220903096227550    0.114083349641157   -0.006842755506293 
   4.271909591386400    0.186883431489893   -0.017244046458794    0.001032227877329 
-3438.643503383933421  242.772385267672803   -4.243597861078364    0.487348613803308 
 489.648945612653506  -34.648696236286931    0.609867584667376   -0.069814209185037 
  38.774177817958389   -2.717781500350426    0.046451753571204   -0.005390913975771 
  -5.781436409895772    0.406943751259863   -0.007047373134410    0.000812858504153 
2314.318559545737116 -123.133140951744167    0.000000000000005    0.488813857693463 
-328.066872964129516   17.454772742357115   -0.000000000000001   -0.069923602165812 
 -26.466964237673874    1.408172796523720   -0.000000000000000   -0.005432249037928 
   3.914261983161003   -0.208258007743420    0.000000000000000    0.000816872847774  # piecewise polynomial coefficient matrix (ikcoef,izcoef,icurv,idist)
# 03-Feb-2025