16 # curvature grid size
  -0.203776367887818   -0.165121132863068   -0.126465897838318   -0.102133048722571 
  -0.067739387608840   -0.050572685085913   -0.040480077527444   -0.026986714710215 
  -0.020224831360300    0.037780073127110    0.044695194417391    0.053234501706432 
   0.094173575083179    0.111344687522269    0.146814636244717    0.182284584967164  # curvature grid
100 # distance grid size
  -0.875000000000000   -0.750000000000000   -0.625000000000000   -0.500000000000000 
  -0.375000000000000   -0.250000000000000   -0.125000000000000    0.000000000000000 
   0.125000000000000    0.250000000000000    0.375000000000000    0.500000000000000 
   0.625000000000000    0.750000000000000    0.875000000000000    1.000000000000000 
   1.125000000000000    1.250000000000000    1.375000000000000    1.500000000000000 
   1.625000000000000    1.750000000000000    1.875000000000000    2.000000000000000 
   2.125000000000000    2.250000000000000    2.375000000000000    2.500000000000000 
   2.625000000000000    2.750000000000000    2.875000000000000    3.000000000000000 
   3.125000000000000    3.250000000000000    3.375000000000000    3.500000000000000 
   3.625000000000000    3.750000000000000    3.875000000000000    4.000000000000000 
   4.125000000000000    4.250000000000000    4.375000000000000    4.500000000000000 
   4.625000000000000    4.750000000000000    4.875000000000000    5.000000000000000 
   5.125000000000000    5.250000000000000    5.375000000000000    5.500000000000000 
   5.625000000000000    5.750000000000000    5.875000000000000    6.000000000000000 
   6.125000000000000    6.250000000000000    6.375000000000000    6.500000000000000 
   6.625000000000000    6.750000000000000    6.875000000000000    7.000000000000000 
   7.125000000000000    7.250000000000000    7.375000000000000    7.500000000000000 
   7.625000000000000    7.750000000000000    7.875000000000000    8.000000000000000 
   8.125000000000000    8.250000000000000    8.375000000000000    8.500000000000000 
   8.625000000000000    8.750000000000000    8.875000000000000    9.000000000000000 
   9.125000000000000    9.250000000000000    9.375000000000000    9.500000000000000 
   9.625000000000000    9.750000000000000    9.875000000000000   10.000000000000000 
  10.125000000000000   10.250000000000000   10.375000000000000   10.500000000000000 
  10.625000000000000   10.750000000000000   10.875000000000000   11.000000000000000 
  11.125000000000000   11.250000000000000   11.375000000000000   11.500000000000000  # distance grid
3 # curvature polynomial degree
3 # distance polynomial degree
   0.000000000000000    0.000000000000000    0.000000000000000    0.000000000000000 
  -0.000000000007843    0.000000000000455    0.000000000000000   -5.000000000000000 
-10281.398541074595414  596.144815482539343    0.000000000000000   16.250063152828172 
23204.985594981444592 -1345.491257879916702    0.000000000000000   -9.727722919076889 
   0.000000000000000    0.000000000000000    0.000000000000000    0.000000000000000 
   0.000000000029104   -0.000000000000909    0.000000000000000   -5.000000000000000 
-12345.464301152933331 -1192.289630965078686    0.000000000000000   16.546988417942892 
-22534.270362974257296 2690.982515759833404    0.000000000000000  -10.397879461715199 
   0.000000000000000    0.000000000000000    0.000000000000000    0.000000000000000 
  -0.000000000036380    0.000000000001819   -0.000000000000028   -5.000000000000000 
62052.121066305626300 -2623.940103117260151 -147.517257279391259   14.052366470932995 
-13026.327238940804818   77.779964783748255  107.027164413121497   -7.678512978297992 
   0.000000000000000    0.000000000000000    0.000000000000000    0.000000000000000 
  -0.000000000014552    0.000000000000909    0.000000000000014   -5.000000000000001 
-10083.705206401617033 1905.774594538273959 -164.992270239777667    9.803244937450675 
2744.204641587741207 -873.123000928746023   87.674202319344687   -5.215857188042837 
   0.000000000000000    0.000000000000000    0.000000000000000    0.000000000000000 
  -0.000000000116415    0.000000000007276   -0.000000000000114   -5.000000000000000 
7637.767063072358724  865.327975619050449  -69.683907530398272    5.972686672271352 
-5316.415346137480810 -589.973267520255831   37.352965085545620   -3.121610274168000 
   0.000000000000000    0.000000000000000    0.000000000000000    0.000000000000000 
  -0.000000001396984    0.000000000030923   -0.000000000000171   -5.000000000000000 
15635.067944018286653 1258.673800952552483  -33.221800873823611    5.070091277943829 
-34809.436341308406554 -863.769229726642152   12.397000090370142   -2.681141100145108 
   0.000000000000000    0.000000000000000    0.000000000000000    0.000000000000000 
   0.000000000407454   -0.000000000014552    0.000000000000142   -5.000000000000000 
-145866.184218381618848 1732.069615679458366   -3.037401261683868    4.879079588841617 
138135.641817002499010 -1917.723170699589900  -15.675511133994007   -2.679792710314969 
   0.000000000000000    0.000000000000000    0.000000000000000    0.000000000000000 
  -0.000000000029104   -0.000000000003638    0.000000000000057   -5.000000000000000 
333195.742546736379154 -4172.606423590759732  -35.968449879633596    4.795097759301123 
-218181.693790923280176 3674.019828383289678    8.022836882819227   -2.901105089672140 
   0.000000000000000    0.000000000000000    0.000000000000000    0.000000000000000 
   0.000000000007276   -0.000000000000909    0.000000000000064   -5.000000000000000 
-28750.467221404513111 2586.485807777655282  -46.693612462657853    4.464114410597700 
7335.991053556545921 -751.937659120257877   27.781615650243602   -2.746324265912016 
   0.000000000000000    0.000000000000000    0.000000000000000    0.000000000000000 
  -0.000000002095476    0.000000000030468   -0.000000000000171   -5.000000000000000 
651900.890658962889574 -2416.518507660273826  -36.834675453364213    4.847081387546442 
-184560.400273351522628  524.632722025869725   14.596814484566053   -2.233097379762701 
   0.000000000000000    0.000000000000000    0.000000000000000    0.000000000000000 
  -0.000000000698492    0.000000000021828   -0.000000000000156   -5.000000000000001 
-605392.126480700680986 11107.402676788255121   23.263842695946721    4.692376232284849 
165670.240060509910109 -3304.139937793715944   -4.623815039682434   -2.168100511641594 
   0.000000000000000    0.000000000000000    0.000000000000000    0.000000000000000 
  -0.000000000003638   -0.000000000000909   -0.000000000000007   -5.000000000000001 
53345.014034177365829 -4401.485518364900599   80.527729966573119    5.324014389486436 
-9605.073181795702112  939.987327783695036  -24.812040654745175   -2.345361550139121 
   0.000000000000000    0.000000000000000    0.000000000000000    0.000000000000000 
  -0.000000000101863    0.000000000003638   -0.000000000000014   -5.000000000000000 
-40192.436599050386576 2150.200813121429746  -11.637779773337158    4.904046930892880 
2578.114718754812202 -239.681059551976205    3.857849046588889   -2.444761921576044 
   0.000000000000000    0.000000000000000    0.000000000000000    0.000000000000000 
   0.000000000029104   -0.000000000001819    0.000000000000043   -5.000000000000001 
-8560.619454992382089   79.754268991542631   26.653029675745117    5.134705397114232 
2563.220762121978623 -106.873766402140063   -2.092882836178553   -2.436135012544680 
  -0.000000000000000    0.000000000000000    0.000000000000000    0.000000000000000 
  -0.000000000030230    0.000000000001278    0.000000000000023   -5.000000000000001 
15622.237231773166059 -831.179930311358476   -0.000000000000021    5.798406535234002 
-3117.722025973707787  165.878160588198796    0.000000000000035   -2.530444553934028 
141774.407173963612877 -8220.484544706232555    0.000000000000000  -57.950190457018451 
-137939.454610312241130 7998.123055721167475    0.000000000000000   30.432962433821412 
-10281.398541074595414  596.144815482539343    0.000000000000000   15.000063152828172 
21919.810777347069234 -1270.973155944596328    0.000000000000000   -7.774590024973368 
-79468.032606309090625 16440.969089412472385    0.000000000000000  -62.044614310780617 
155686.459916877443902 -15996.246111442338588    0.000000000000000   34.416633426276292 
-12345.464301152951521 -1192.289630965078686    0.000000000000000   15.296988417942892 
-24077.453400618396699 2541.946311889192657    0.000000000000000   -8.407630909472337 
-233293.173608798708301 7225.402657358385113  914.829162054527501  -42.068121181018675 
27599.037510046960961 2058.043983332304379 -538.784479084562804   19.507011219132778 
62052.121066305604472 -2623.940103117256058 -147.517257279391288   12.802366470932995 
-5269.812105652628816 -250.212548105908127   88.587507253197543   -6.000092169431367 
6776.305344421947666 -9804.660122111963574  852.068479334013091  -18.890746312104806 
 591.249986018137861 4072.733629747785471 -389.605192463282265    8.013016211790303 
-10083.705206401609757 1905.774594538273959 -164.992270239777753    8.553244937450675 
1483.741490787531802 -634.901176611462688   67.050168539372493   -4.068576570861502 
128395.101437031684327 -9105.474273254330910  201.679725324682863   -0.907464265071435 
-52649.203007546238950 4133.739384705602788 -107.354540665196936   -0.545143640253572 
7637.767063072387828  865.327975619052268  -69.683907530398301    4.722686672271352 
-4361.694463253414142 -481.807270567873502   28.642476644245818   -2.453149440134081 
54723.667678786550823 -2493.112737942504737    2.570232417177522    0.520912475804474 
-86074.617169839766575 1422.299766406332310  -11.975669352320587   -1.436221827284637 
15635.067944018170238 1258.673800952557940  -33.221800873823639    3.820091277943829 
-32855.052848306193482 -706.435004607573319    8.244274981142169   -2.125504690402130 
76050.455429771769559 -836.199231816403426  -31.031206733310533    0.349160684409673 
109821.753889821033226 -1183.852229115464070   -9.569111935160564   -1.500699248886021 
-145866.184218381269602 1732.069615679454728   -3.037401261683840    3.629079588841617 
119902.368789704807568 -1701.214468739657605  -16.055186291704473   -2.148032761709767 
-73616.126224201696459 2242.329930771876661  -12.057775043860289   -0.034965346355549 
-295147.762866649311036 3261.742082263946031   18.468609747610977   -1.575559354297741 
333195.742546736262739 -4172.606423590765189  -35.968449879633567    3.545097759301121 
-176532.225972581130918 3152.444025434447212    3.526780647865017   -2.379842869759500 
-16234.948089168556180  748.978956169777575    8.169106713204446   -0.036732609536955 
36294.358276013561408 -2725.522148214374738   22.094466391553521   -1.392791946349157 
-28750.467221404524025 2586.485807777654827  -46.693612462657832    3.214114410597700 
3742.182650880979963 -428.626933148051194   21.944914092411388   -2.266434964587304 
1066890.476695061195642 -2076.140883641045093  -68.812794129092438   -0.211329844734667 
-1291799.076349793002009 3590.230207481603884   72.251774778841110   -2.198150298718039 
651900.890658962540329 -2416.518507660267915  -36.834675453364284    3.597081387546442 
-103072.788940981263295  222.567908568335838    9.992480052895523   -1.705337206319395 
-1097139.521133191417903 20056.890265737987647   55.526268738268854   -0.433665021646815 
1302749.851127426372841 -23208.611679417175765  -63.411712618612256   -1.954003379990219 
-605392.126480700913817 11107.402676788262397   23.263842695946664    3.442376232284849 
89996.224250422324985 -1915.714603195184282   -1.715834702689094   -1.659678482605988 
96365.310614487854764 -8049.544263983263590  158.060685973084446    0.819863083402650 
-127174.600365265316213 10165.132219169458040 -174.793991847955795   -3.376660183373279 
53345.014034177351277 -4401.485518364902418   80.527729966573133    4.074014389486436 
-2936.946427523531383  389.801637988082348  -14.746074408923539   -1.757984751453316 
-77645.348891993431607 3785.775302675299827  -16.494064395398013    0.411651726257275 
109821.018693324338528 -5454.098668866703520   18.071356348204873   -2.221707972542162 
-40192.436599050415680 2150.200813121430201  -11.637779773337172    3.654046930892880 
-2445.939856126489758   29.094042088202627    2.403126574921735   -1.909881055214433 
-7857.383038253872655 -213.995745915104180   44.837363981374807    0.851548202287386 
15282.614840347523568  203.148511608770605  -72.093299214129061   -2.963520223223344 
-8560.619454992382089   79.754268991542631   26.653029675745145    3.884705397114231 
1493.143330247934500  -96.904482778197917    1.238745873289588   -1.872421837905401 
19736.870301309820206 -1050.098666293587030    0.000000000000000    1.822056955796711 
-34383.457390361974831 1829.369205804900275    0.000000000000071   -4.583089091034700 
15622.237231773158783 -831.179930311358476    0.000000000000007    4.548406535234002 
-1164.942372002047478   61.980669299278674   -0.000000000000002   -1.883768737029778 
394667.930156106012873 -22883.972395373799372    0.000000000000000  -91.190263115176478 
-84774.051920076119131 4915.441351456342090    0.000000000000000    8.701641012439488 
-38120.586857373149542 2210.340366379728948    0.000000000000000   19.891888583610783 
18756.235120438293961 -1087.540015140016749    0.000000000000000   -5.537251058577750 
-387680.979307049768977 45767.944790747613297    0.000000000000000 -102.588214408058775 
125885.947689512235229 -9830.882702912687819    0.000000000000000   11.149903059733560 
22851.086649645782018 -4420.680732759457896    0.000000000000000   20.992805478694123 
-23343.246503245478380 2175.080030280033498    0.000000000000000   -6.078928347269652 
-364738.360135177033953  810.246681529951275 1800.490938388691575  -56.592845027845016 
-59885.902593253587838 4767.569979841729037 -195.723543314114380    3.731465776250771 
58016.262930904878885 -1770.738357720505064 -239.330760079225968   15.707176095355937 
2462.287259025360981 -531.936009190844970   63.516118314715115   -4.177163609447470 
180691.013732173742028 -25815.123770153357327 1192.051037033406374  -17.556883805190346 
3132.364490177347761  395.986083955751496  -70.079512713027171    0.928986344751017 
-9618.253396877251362 2464.364558751219192 -222.452858386816416    9.670995257018339 
 245.751592394692125 -352.192616130369061   42.002749875860722   -2.911113564261774 
163562.138560479186708 -7171.247292350850330   57.528969337865483    0.256217242169245 
-4501.039968662662432  719.186532235282812  -31.724643668440400   -0.885442739655354 
 493.986691046564374 1471.943715236656317  -87.068805572103031    4.543863374782735 
-3978.845694868068676 -326.835725169417174   18.648479218577094   -1.873103866621841 
94850.189594071402098 1252.220437693878011  -44.081203901249282   -0.042082448881167 
-65553.241790287895128  487.382489677774629  -11.011832195879670   -1.240879648857946 
-3318.414425998576917 1497.384082963084438  -36.095238567348588    3.485453593426004 
-32138.703085147601087 -531.746706454699051    3.909450023474022   -1.669416839531168 
-193522.054337286157534 4124.077658951733611   10.179662905535467   -0.261914834220216 
138340.674675982503686 -1497.426941046523098  -21.205814460152922   -1.369763992232392 
-114845.880647655751090 1396.909719409199170   -6.884267061097916    3.270271683701814 
103533.596712696846225 -1504.836659484295524  -16.644986649052839   -1.717164284406672 
207800.593247546785278 -3709.712217973889437   15.770846139570690    0.150882433397635 
-322753.810200723295566 4102.615806303372665   13.946944106163343   -1.588671359181072 
255958.045913314563222 -3252.061687519849784  -31.916505647911762    3.149568920116269 
-139638.223445562180132 2686.212493167014145   -0.704253901665290   -1.961392056449862 
-3501.816626887743496  505.657896775498386   -5.894595427165198    0.152150186387393 
30206.252742575372395 -2444.655039650704111   25.157881409005014   -1.406566674925517 
-20437.890844080910028 1940.213659294520085  -40.787068987587993    2.864194582938366 
 683.764713281469085 -146.439641217924873   16.469393858496399   -1.886504780802299 
136696.486654866748722 -103.709720149643431   17.420370166906171    0.828135811139639 
-891715.147589147789404 2811.677376116217602   46.446976980431842   -2.277398990493535 
378961.612666595494375 -1616.280059710541536  -21.997331483455213    3.037637726394995 
-39685.767714281333610  -27.454520560659148    6.382679613611003   -1.290460884896557 
-226273.818116499431198 2732.108635371761011   35.596067464912494    0.988842405885151 
891322.530702481861226 -15687.277829765485876  -42.589361841761360   -2.116627763107769 
-331133.078751962806564 6245.416488140434012   10.013708388399962    2.933547339397600 
32534.824236987478798 -850.750212287276099    0.309787368267848   -1.260759758378133 
40781.855679585118196 -3064.556357711993314   32.757194206307616    1.351135737382983 
-91037.608884832487092 7146.553120175741242 -115.521234608049468   -3.069211527097281 
26068.487877915158606 -2237.524850946751940   44.238326659572500    3.268280425677616 
1932.290693335290598  -17.275627023599327   -7.102552008435030   -1.299891973047948 
-50700.182418255906668 1944.157788607313250  -13.110885025471079    0.354179313731970 
80704.012858827511081 -4034.432930363474043   11.886082199930314   -2.067338575195688 
-16376.807655031516333  964.134363217659029   -7.893099954820229    3.117916112425649 
-5905.692085979288095  220.042944415376951    1.198554076673027   -1.487035368645949 
10213.273764179268255 -667.577810351444668    8.809413318651670    0.445592565495813 
12336.096201001753798  122.900106890633651  -55.279287721113498   -2.644189647365583 
-5108.280574823671486  120.510346303965434   10.731456308839824    3.183741663290617 
 646.510304007719242  -84.178964101608472    3.531489759063081   -1.431475486671394 
-7879.253562693076674  419.215079759828996   -0.000000000000002    0.373941802227307 
-26982.131027370109223 1435.582205944771886   -0.000000000000142   -3.899817732610933 
7951.538679556597344 -423.061003842646755   -0.000000000000002    3.488043182278298 
 289.144335052462054  -15.383902106545065   -0.000000000000035   -1.383269982181156 
-490459.400281376088969 28438.235081961738615    0.000000000000000   25.149991188375942 
63226.421888461300114 -3666.048296808697160    0.000000000000000  -25.494707655751647 
-40814.040611324686324 2366.514498210665806    0.000000000000000   17.792755253196763 
13437.403003101593640 -779.138956810759055    0.000000000000000   -3.092907827453865 
691064.334145513945259 -56876.470163923491782    0.000000000000000   39.314385932413643 
-19494.419550626997079 7332.096593617396138    0.000000000000000  -27.320677343288367 
36150.027667005968397 -4733.028996421333431    0.000000000000000   18.971458693249762 
-19277.082152100199892 1558.277913621518110    0.000000000000000   -3.480978033390289 
95319.792707168264315 23263.292596928029525 -1299.325278780861481   -5.756311563952754 
-196662.787643949297490 5071.412485415697120  479.460558581643170  -17.490851109191155 
25947.676651255016623 -540.865549563354307 -203.863633170784709   13.987252928738396 
8066.223287729870208 -677.202509921018304   34.058176804569229   -2.265995345219070 
-428010.465624954144005 30221.498997991599026    2.112085085518302  -22.225402579390895 
70891.494639743526932 -9284.685329851838105  376.939626174502166   -5.654845082195377 
-365.271005637307098 1353.277153014220403 -184.095344204132289    9.080262914837794 
-554.674750860287531  -88.379927338238531   15.429374873073488   -1.722014534179760 
40477.508628397525172 -13941.041725512584890  562.056615291732669   -3.816668033173239 
56834.761991515420959 -1970.031202396263097  -10.151280166740893   -0.789361273841890 
7035.701943903462961 1315.588131466530285  -92.303296051500709    4.334512873095580 
-3667.968806121643865 -145.611813566531509    7.381542232982859   -1.318455563280002 
-45592.637109455332393 -11856.445677033818356  119.198823213252268    1.928399787518632 
-29984.420692502870224  956.965153812917833  -27.542283658848831   -1.256660567188389 
-15260.622236348339356 1677.927538399428158  -40.914503049189619    3.173261066420213 
-33392.520014819718199 -334.512601640726643   -0.860610776874807   -1.253206077149294 
749981.729847481008619 -13236.891458737994981 -134.058380830433947    1.876849480984464 
65769.904299491128768   49.102181060565272  -17.388440870576517   -1.467982055064983 
-89332.058275720541133 1215.869124410934091  -11.708548977439165    2.915553427789644 
90961.461911174585111 -1345.565401334357375  -17.816978728517604   -1.330294438733162 
-777157.924903629813343 17122.435302637644781  -81.629328002444723   -0.499584795738628 
-244828.587732884916477 2711.473724562988536   19.861011408503138   -1.532090446656949 
185010.246171612699982 -2400.300496161533829  -27.690511208578542    2.759473694386515 
-112280.635457097552717 2336.562622524791550   -4.445093672129122   -1.592224239169803 
-48067.776744873553980 1357.281604655680439   43.328362064132108   -0.508939599347946 
28893.071507492593810 -2255.033328359899315   22.947408123817603   -1.349510355030235 
-13050.475312822421984 1352.752613293195736  -34.773907795985110    2.519684954193896 
-1405.838428725294307   58.876944278987708   11.752589250369924   -1.550160893897926 
3392375.451795557513833 -7007.218792369860239 -284.395704869091446   -2.809993984420231 
-840453.965093573322520 2772.786231060117643   52.979615793021686   -1.966848061316186 
162440.473581255238969 -918.222108813500881   -9.569007386773535    2.507106844918781 
-5981.629986539541278 -185.759627069827957    4.392771353980592   -0.944723075567512 
-3274303.778674920555204 63368.844341653471929  105.351771921654517   -3.989933590476556 
806469.848908795160241 -14662.737091501070609  -29.240836542419018   -1.745811860900851 
-118909.031300553106121 2451.664622982114452    1.034933590377392    2.450742386396525 
4628.162884209603362 -309.850717681347760    0.965565707307732   -0.925207316927997 
235323.947951746842591 -20512.014029661495442  471.319415390019969   -0.508318551548062 
-75744.413004988455214 5997.344486033764042 -103.237286780683746   -2.562535625578674 
5220.735141687575378 -594.537650170565030   16.893511485980795    2.564312031593123 
3848.041101123367298 -191.286802525353892   -3.313801571805042   -0.936674412962065 
-145008.265076339186635 8389.819087845466129  -24.952012820216069    0.555332757570439 
61691.444451982082683 -3305.373759635758688    6.969500315378660   -1.934521332546192 
1422.624508819615585   46.658526967757780   -5.536152140406607    2.617683623957913 
-6790.816635724699154  281.318908461528622    0.372029419379039   -1.128906263358042 
-53034.025044339839951  919.959415175849244  134.907240638187147    1.866437294266255 
16166.073862569101038 -127.441571991156252  -51.975757726619555   -2.477092435304650 
-1545.509316877309175  119.942663166400052   -2.675424372126763    2.543581402956837 
 220.674535616082721  -68.498719554289437    4.026388812413650   -1.073952944020670 
88777.179961321409792 -4723.383031427357309   -0.000000000000057    5.442344839720306 
-29936.851113380329480 1592.787860854722567    0.000000000000014   -3.759589556775698 
 836.665911962768291  -44.514745492709437    0.000000000000041    2.530617271104971 
 846.101705579727422  -45.016776166332271   -0.000000000000021   -1.007468881385939 
360758.930301208980381 -20917.831857105920790    0.000000000000000    6.111835467226488 
-120695.853217054143897 6998.289858926922534    0.000000000000000  -16.063460960110667 
-47997.719527398869104 2783.044693475448184    0.000000000000000   12.597984176213975 
8365.632252518656969 -485.063221277605408    0.000000000000000   -1.218047151385592 
-589489.774592064786702 41835.663714211841580    0.000000000000000   -4.306828938617400 
239654.705753939575516 -13996.579717853845068    0.000000000000000  -12.577782618633265 
63670.063442420156207 -5566.089386950898188    0.000000000000000   13.984151198009561 
-13713.193971575054093  970.126442555210588    0.000000000000000   -1.459645370198704 
-44427.783095402497565 -26524.933630417566746  591.839869789577847   24.156402960981541 
-160917.865378759976011 13795.147209263639525   -7.786420961179857  -19.649467945673418 
-18749.904976583740790 1817.454412271568344 -144.904365968226870    9.344713046880322 
8422.998282331223891 -620.133765178442559   13.529049200940451   -0.802126073731227 
760023.529892547288910 -29768.097258240341034 -777.929957092248969   22.212391418506307 
-89612.429969614357105 2048.376794395033357  377.731658081570401  -13.989371049466961 
-2705.387921871162689  448.738586082118218  -89.761433672123104    6.624735898380002 
-328.611963492699942   -5.267126259943666   -1.688736327283795   -0.718747613647212 
-1205130.861428832402453 48651.877918516460340 -128.447604516691456   -8.835240732242365 
72013.827727164200041 -7197.921849463470608  200.619950567658975   -2.220611786281866 
23141.775658738421043  169.593999984061611  -68.494712251385934    3.958266240580112 
-1821.405272976444394  -39.173631790798822   -3.217216699318396   -0.796429653799126 
342895.052447014779318 -13412.491079527484544  476.496466438593927   -2.799464903043540 
-47081.659608549292898 -3489.201975074765414   17.157275046121054   -0.533510646868908 
-24893.882273979426827 1361.397935741698348  -42.212629125780637    2.949489664663052 
-35857.652487037994433 -132.976199275427916   -6.172461638604631   -0.872417359374089 
-460353.646537716442253 -3030.375485263008159  310.545067063902025    0.995930787609689 
347013.052992298384197 -4914.732115966208767  -67.660333681989243   -0.764163499695814 
-37734.188614247250371  607.665382547736954  -22.339645796509913    2.636535233444544 
82287.417447497413377 -1218.667842834267503  -19.814074514359696   -0.985121758227299 
1197997.842446061549708 -21665.531816166654608  -22.685770254947442    3.503512181835263 
-536262.809571749065071 9132.386963052156716  -10.749986592413297   -1.719434745058939 
87373.821508533874294 -919.817910209650563  -26.551633106567337    2.353033045422030 
-94497.687941049662186 2112.334093901361030   -7.755511551198349   -1.272204692154681 
-2757.718610839294342 2636.633176045129403 -151.356963136812965    2.729888933867040 
10867.655228165031076 -1746.052726614029552   39.195543897867751   -1.540362704785715 
-8080.384470865227740  852.616856421455850  -27.006038793274506    2.158450821716902 
-2679.575976978358995  195.387065819106738    7.849029734962951   -1.257280396576013 
-1289690.592086578486487 2156.749562170470199  126.682744764980413    2.283376344597550 
431686.829329761152621  145.079183921412096  -53.668773532888068   -3.020595805473770 
111344.581610778754111 -553.488931940808925   -9.655152104256800    1.883676361570037 
7817.069310818449594 -270.898580015048651    3.468991566327418   -0.667554990411550 
1199750.994471235899255 -24598.351051472003746  -28.503651481710016    2.836069771464871 
-421394.068094298942015 9100.579536618981365   10.266077928200936   -3.242036957329562 
-70774.558698741297121 1756.394928621853978   -1.336911236399828    1.827261284117723 
-4029.499206884058367 -108.730632758494721    0.843809514664091   -0.653935667998907 
-60070.434254940853862 6136.776184893490608 -186.152712307051047    1.546028382570714 
12502.067476916176020 -1694.660775089268782   73.507493990573494   -2.753155082409203 
-2684.558049321422004  -56.702186302507471   13.177287387217060    1.899850693094639 
3776.743626474621124 -211.958028604079686   -1.894649508821989   -0.657167837833584 
5987.962440863233496 -1240.907562314723009   14.279612475613693    0.088708156834162 
7313.345048355768085 -159.191601693732650   -2.387504492202403   -1.726271548457273 
10048.223196361774171 -386.412143198425838   -4.963402662509587    2.160084513832480 
-5932.279020287254752  251.891124744137926   -0.259825555783479   -0.830838071892207 
23629.767033863841789 -932.447633255389178  -23.039313957601422   -0.001656838753940 
-3721.685529058690008  217.543208699807565   -1.385542487299482   -1.777178449954803 
  10.039224811516760  131.205367754979761   -9.345586898866635    2.011797542299405 
 176.498694944333693  -53.700365488085936    3.143330255790836   -0.791064452612337 
-29733.944719745759357 1581.992241788209867    0.000000000000014   -0.937501849757438 
3354.591372115502963 -178.480775930553307    0.000000000000021   -1.718710241880575 
-2486.116555695346960  132.273640122812623    0.000000000000025    1.845829796272936 
 656.314575540465285  -34.919166510322626   -0.000000000000019   -0.739255729557359 
165635.579274468618678 -9604.023367972775304    0.000000000000000    3.421200724431629 
14588.745645899489318 -845.897087487812996    0.000000000000000  -13.771522659900771 
-61261.107973793259589 3552.093789905341055    0.000000000000000    8.868611223712549 
1184.651890821876123  -68.689495893351037    0.000000000000000    0.117646471786352 
-382911.097769166459329 19208.046735945550608    0.000000000000000   -1.362330240934625 
18596.040281915011292 1691.794174975626447    0.000000000000000  -14.192843470614832 
95951.406696901991381 -7104.187579810682109    0.000000000000000   10.637822936853555 
-3161.178479867357055  137.378991786702073    0.000000000000000    0.083433900865609 
800752.478641102556139 -25196.508697610843228 -231.485404564946691    5.222024117045436 
-177578.284039536316413 3848.297097857055633  214.153530209913129  -10.590816835305349 
-61061.923653870748240 4022.884950661655694 -119.108477312135378    5.564677449257978 
3478.145499856923834 -229.209299496661316   -3.549722126923577    0.106120595010833 
-738989.054170719231479 33257.259027893502207  -35.344383018466971   -3.792631678763845 
195396.393740090978099 -9114.659677445117268   86.007924171977891   -5.659724267527080 
10517.607549438380374 -434.546774299138860  -31.793985890429667    4.168598983755746 
-582.558715180436593   24.690269455242856   -8.526252826220446   -0.065855972008362 
1750525.927341106114909 -42992.358259818654915 -370.170086909840279    4.266720784679853 
-379910.245308649376966 11046.532369980195654  152.452098873899473   -5.533827060872730 
-15345.276538947029621  650.670315048651446  -24.360706071191103    2.988961384685785 
-157.238471125390788  -35.418711631055317   -8.895243230693627   -0.353599762442427 
-1030420.343452339060605 47159.915300190470589 -298.626874950446336   -5.901712654165157 
81503.985059087601257 -8518.886129897655337  195.843449960592011   -1.583309985510227 
-20591.091592663200572 -139.613077379843162  -15.587538499941289    2.684887085615658 
-39035.321803358456236  -43.516509807960801  -10.250300695718696   -0.517534960037291 
-1007628.063410624978133 15961.030860010427205  338.428063363673857   -5.171206923167797 
174380.435540653590579 -6051.122922939724958   48.794066466972509   -0.390689454342191 
27439.997452372030239 -763.066497315521701  -24.697929198386831    2.492178614189795 
82093.594607827180880 -1225.421061447426837  -23.057189618595327   -0.665549731409928 
1242682.649920320836827 -24827.842273254267639  218.784959932826325   -0.174124111786232 
-87013.618654480815167 1007.812531989725585  -19.257150438017728   -0.405617676870729 
9464.267980255506700  347.707026670581854  -30.302525235371320    2.087401492680823 
-89615.227116014066269 2097.734909594394594  -11.286742375054917   -0.998098932138326 
16439.913148730724060  380.783085920629446   53.476797459598728    0.554274401594914 
9833.510749100598332 -757.315285597140019  -17.563317278436045   -0.516654354585582 
-5492.738723707057943  539.695854895063576  -24.302010465845658    1.901323689295491 
-3525.203092058227867  279.831773190407830    4.790086190581226   -1.006210396799718 
-2529113.957152131479234 3241.569861840896010  263.591034214194110    8.145799990501565 
-51947.142702709825244  953.860269735356496   -6.162744246020239   -2.164329676249690 
158812.042439160635695 -416.121500233715324  -17.134091826620349    1.235560676354605 
25961.321782774219173 -333.605432770263576    1.670950202713048   -0.474832535252781 
2243493.787119662389159 -49225.819450114504434  -54.395629131311864    9.287261285560961 
28512.554832417969010 -123.802107683089162   -0.422791377440497   -2.178510793030234 
-119884.747856476824381 2878.492107238847893   -0.106500417554756    1.149692815322748 
-17117.337697123497492  204.971634181501713    0.781431883442037   -0.470645636170074 
-47942.431466241905582 8247.829097689644186 -404.319280838005341    6.630213302689405 
-10024.345368686801521  606.630294245812138    3.700226875428774   -2.173394438945189 
-2374.842785792722680 -192.705996407941484   22.828252495467389    1.284032002925340 
3519.193607732080181 -233.538985516542709    0.537486491958141   -0.459684962674689 
-75114.075692332873587 2359.672938721239007   29.942023374611519    0.611650167695830 
9558.830963678898115 -624.531937561751192    2.967350186153148   -1.693005989644463 
12157.245197866166563 -484.377585605361560   -4.890921950765780    1.732674821569763 
-4550.284865219162384  198.678590485224049   -0.889665778171407   -0.587627242488976 
16575.373854403784208 -1509.703779692883927   44.536939374046284    1.441239241798245 
5139.477108640770894 -132.124653770991699  -10.025285221400043   -1.777799764487527 
 187.263172259219573  141.882687121084246  -10.771940362454071    1.567425265494113 
 165.754150392251177  -35.721768666481012    1.908484131995010   -0.567361409118647 
-4775.482936435161719  254.079202320418062   -0.000000000000007    1.861259750265873 
-7795.637897789641102  414.766314740052280   -0.000000000000046   -2.070273435539625 
-3041.247371404538171  161.809332473996420   -0.000000000000011    1.372206836595411 
 339.891385487089053  -18.083895021642967   -0.000000000000008   -0.537212910852934 
95489.801000548904995 -5536.771050214229945    0.000000000000000    6.881898628385494 
76702.087873825861607 -4447.405850477641252    0.000000000000000  -12.488572388238941 
-49849.753783827640291 2890.430922659661519    0.000000000000000    5.586099342695089 
-5921.530464414655398  343.347227712247616    0.000000000000000    1.017724865854377 
-200811.656076332292287 11073.542100428459889    0.000000000000000    4.124167336813912 
-124995.621381523582386 8894.811700955282504    0.000000000000000  -14.703717310965366 
82651.459059451066423 -5780.861845319324857    0.000000000000000    7.025752839156035 
8375.437248819909655 -686.694455424495459    0.000000000000000    1.188737787492121 
239144.542690117523307 -12213.723183591186171  -44.073967740428913    9.071733392797229 
122703.895450878379052 -5600.393663747070605  127.346503498058610   -8.632557791413316 
-67921.222227453123196 3803.872879925409507  -76.420973098638967    3.161755620918147 
-5365.285960148770755  284.569030440040876  -15.544252812201520    0.646423028970039 
-7248.025490386986348 5243.481038808018639 -213.679818149662026    4.213092533987809 
-81724.501573929097503 3356.812458014974254   72.753780540052617   -7.081961147063531 
24726.594070208655467 -1154.277676727909920  -11.948772801425825    2.575888306931921 
2341.872884261096260 -107.089050753374977  -11.225659245419942    0.359378225533410 
-702693.661383426166140 4495.622641427858980  121.283613379857968    2.771613921568751 
276536.977444266085513 -5075.601977451811763   13.638316282709667   -3.933806766617785 
-28266.935021995072020 1397.036614114701251   -3.599404176614996    1.805507156249471 
-4592.499669603323127  134.547696304758489  -10.281255895683618   -0.058112198150262 
2607427.361572018358856 -31693.176507719974325 -345.608703194071836    2.623599980797042 
-304903.643735543591902 9166.082107673795690   83.858371854175161   -3.796452230822154 
-48516.048927219409961  -58.713580157832439   19.375189226904510    2.012416808574110 
-42348.248219198467268 -101.966530689407932   -9.721944717714695   -0.218190075386597 
-1752452.317349215503782 47254.046784957186901 -188.558946217681324   -1.412242511376980 
-203480.088238326570718  -65.736350435907752  175.704590228350071   -2.329892050530105 
23802.540865162278351 -1527.673906487460044    3.364402888528488    2.152105926080757 
86280.265033347561257 -1384.179280884342461  -24.721031168590059   -0.370231940882113 
1172763.357015328947455 -23685.378028703828022  129.461652429538617    0.341713654200985 
378992.375065635424107 -8302.628320480545881   62.787209536791813   -0.470914218790565 
45961.612531650491292 -564.144946890783558  -24.861267848024504    1.977835005723161 
-87364.666859332748572 2108.453479300606432  -14.948136630201558   -0.743851607910161 
-11129.714068123954348  104.889022874697901  -29.986863561840472    0.496738119995765 
15998.478179874637135 -614.521628376908438    2.490481768913650   -0.308801453987487 
-2263.740107585155783  368.216240648307689  -26.186114904535973    1.798141713223857 
-4026.037621698298608  336.204420679524105    1.582354919913238   -0.775535092737566 
1381603.302123025525361 -1831.844981606414649 -130.158779002036994   -3.061832382931266 
-1000364.876634758664295 2169.448967925691250   92.683893584302425    0.890345320188398 
27273.040021977067227  -25.707845526084384   -6.318948159335065    1.076312631846943 
40061.477285376691725 -364.385362448454998   -0.052277915758966   -0.338295336293408 
-1291970.230219187214971 26830.018246097693918   42.706621157401727   -3.592633329225473 
869822.725002290913835 -18583.484401476016501  -20.821152301682528    1.304212189055126 
-7592.837877138212207  540.081293593959799   -2.761993377445126    1.040405489825859 
-27275.598706958495313  466.704561040304952    0.655271752828091   -0.342834083197466 
54541.647474273842818 -6267.574166304488244  218.295649768467825   -2.075999233206097 
-28002.757168527477916 3699.566205879426889 -147.919503438823256    0.312935549563338 
-7128.230602944513521  345.568566107713423    4.800842925043083    1.051474641752609 
2972.070301664753060 -232.039595513519430    2.659148003433413   -0.320190615060725 
-903.932933989478443  431.079357809381975  -20.645039459515477    0.098651339333961 
-18608.947420945994963  260.345414458715595   14.195608951632483   -1.463637176758528 
11025.980640707784914 -529.900900993241180   -2.745552058542568    1.338094425769389 
-3027.979660764996879  132.981816968591374   -1.396185660954949   -0.396301479147169 
-5467.708699353949669  384.514755668591931   -6.640381232325154   -0.133320934320537 
11355.242304042207252 -698.263571155824138    6.676067043867359   -1.237335048813186 
2249.103098844596389   38.084159005232550  -11.190592634645657    1.190533413831524 
 301.840153806548187  -22.999520686229914    0.492332714818811   -0.396396451857863 
3708.365212881141815 -197.303285917503729   -0.000000000000007   -0.129088704944650 
-9586.443998952856418  510.046015610209906   -0.000000000000004   -1.372301029189922 
-5214.007608497375259  277.410873767780004    0.000000000000018    0.941885028504218 
-171.398493201666128    9.119243647451960   -0.000000000000010   -0.394399805759076 
-182637.543733953178162 10589.845766068507146    0.000000000000000    9.009432863124527 
112510.763249031631858 -6523.694994307973502    0.000000000000000   -9.907860402594386 
-26198.147393470448151 1519.043317061459675    0.000000000000000    2.786545243840923 
-10767.776046785378639  624.346370673542197    0.000000000000000    1.534294548383595 
321708.618851219362114 -21179.691532137014292    0.000000000000000   14.283978040656109 
-200299.992410148028284 13047.389988615947004    0.000000000000000  -13.157154559660153 
41989.507335492089624 -3038.086634122920259    0.000000000000000    3.543143855327845 
16361.602781390904056 -1248.692741347084848    0.000000000000000    1.845266323732506 
-262178.232507198292296 16127.475281407743751 -195.294606567800884    1.218501380278140 
212383.098959672322962 -10180.539857593759734  110.818765595397821   -5.230657769114362 
-26035.347926134258159 1831.256189757804577  -46.650314461956910    1.428853675852187 
-11471.111187218799387  648.692061341717590  -23.193167300617247    0.924476995376781 
25880.814917966294161 -3011.154837685329767  123.862839743091115    2.238056268625163 
-84442.511132824191009 5323.117847567980789   -7.376151266070515   -5.502051446818108 
3955.717481864483489  -69.286388530040313   -3.776569142178078    1.002886732696716 
4141.595506158624630 -188.682391783957883  -11.999821419483409    0.578937317332477 
-79003.680698954834952 -340.746904778183307    8.578667126278148    3.989148848815619 
13026.854425481491489 -3389.743486916360780   59.119671300156682   -2.894451546029501 
7928.543961723364191  338.868431068678888    5.495344271243262    0.951974867168560 
-5177.424832175555821  238.651505142950384  -10.281200668460620    0.111523774093083 
-471103.053938322642352 -4409.444959104093869  -72.966463527818320    3.636323728944351 
672881.616853960324079 -2718.859082721182858  -45.744891843601209   -2.812602238023255 
-2518.802287416998297  747.189297961243028   24.139374228226188    1.186284999968433 
-48084.242202898407413  -27.986430643374433   -6.664776002556067   -0.020833321708935 
1285154.361038109054789 -18673.419688090463751 -305.932757737196937    1.966439630142584 
-860649.707244278863072 17654.531193922950479  104.994985396719443   -2.859482992296460 
-109213.683570163833792  670.925448948430130   38.451849841662195    1.503434045727434 
82653.447830446297303 -1483.872589543966569  -21.923375777037435   -0.140381549566584 
-1701984.903495596721768 33349.742520804145897 -107.899808932606646   -2.404206995177223 
818778.633946381043643 -17184.645081244427274  111.335329197868333   -0.342771598465191 
195682.988658152840799 -3750.054122106410887   -3.095950506191940    1.876124278566191 
-73407.156000805320218 1861.946289469438170  -16.821890172290811   -0.503312857382507 
-28729.519664098152134 -1176.127621458578233  109.654421961868181   -2.135169975139884 
11824.835404328196091 -575.188244798898495   -8.754592066776608   -0.122524658989072 
1214.174090440193140  219.502506501332277  -26.969128691768844    1.744225949101786 
-4080.766636375206872  372.834411689975525   -1.710563758408703   -0.554622209662522 
3339687.250204132404178 -6175.486753714065344 -316.775267698288019   -5.338734332410013 
-482263.638338624848984 1482.507099823291583   43.874351458538698   -0.257841823410826 
-158055.524349695770070  430.786662942537987   10.750832471020061    1.155375568944139 
30538.350040164761594 -337.279025245076696    0.351823036340523   -0.195824753057510 
-3061576.449438521172851 63107.540466594691679   76.916789031123912   -6.720232622108584 
385333.888670095999260 -8522.227559189394015   -4.806169367656782   -0.043025309404425 
149301.738831910188310 -2848.132701489214924   -5.965408586112552    1.198053849782197 
-17157.102719336813607  296.250158353396614    0.068103445381711   -0.199421943486391 
145914.285158832615707 -15323.685805340774095  484.957807438421980   -3.368024886811417 
-7549.639365674753208 1349.225893515240386  -66.058634775647846   -0.465564162888946 
-11572.280169719793776  976.667578532047173  -21.946424351765806    1.032396065086908 
1750.025050761637885 -143.279158576752650    1.374369818786222   -0.187921352882077 
7856.811473751251469 2597.101075158267122  -36.056778665905796    0.814874971009120 
-18947.922271192041080  422.000173637235207    6.453719154314076   -1.426642924508295 
6331.371929190529045 -444.607702481247145   -0.164386045299235    0.976809413111036 
-1942.262378140500005   71.654053316075164   -1.557895621097877   -0.251716328415711 
-72338.978961395958322 3001.831654843814249   60.083124779861805    1.001265576542190 
9304.851541784464644 -554.070537780100494    4.185924081745362   -1.287330399183391 
4831.614829572932649 -118.457604611758370   -9.832843743944059    0.874950232831953 
 749.724583609356159  -28.398363727720266   -0.815147311545854   -0.267173527716473 
88257.771953853240120 -4695.747968340973785    0.000000000000114    3.680914554458568 
-8195.807044122442676  436.057283391146598    0.000000000000007   -1.420709293544170 
-7436.788988881782643  395.673786142949439    0.000000000000011    0.592758738162457 
-965.694730941071157   51.379713882026437   -0.000000000000000   -0.298358507153986 
-55017.623764652351383 3190.078765688856038    0.000000000000000   -0.710315967623872 
44021.684348799237341 -2552.502832032284914    0.000000000000000   -6.529323078922694 
-6631.591443741583134  384.518588768927430    0.000000000000000    0.731897308651288 
-12641.277747808449931  732.977343532015766    0.000000000000000    1.745398933633963 
166469.437494690297171 -6380.157531377712075    0.000000000000000    0.878584847478066 
-79659.260340940818423 5105.005664064571647    0.000000000000000   -7.800662794414117 
6994.600741605971052 -769.037177537854859    0.000000000000000    0.923416686068562 
19108.940963112636382 -1465.954687064031532    0.000000000000000    2.110477160264454 
-429883.154389124130830 12924.588161007810413  252.976504091523481    0.960405291073342 
114066.261769472970627 -4132.736627065855828   37.583288132472617   -4.773719751510060 
14770.822165008908996   42.096629175352462  -28.100057745973118    0.178306485774135 
-11919.110617106322024  750.027124945540209  -27.674348174386509    1.023734562724249 
266286.654988877533469 -18456.257638448645594  118.375225338769866    8.575129422226377 
-74737.205538586786133 4193.934783435978716   39.072413637588710   -4.662780346083669 
-15941.747102061895930 1120.345190345455194    0.185463654261690   -0.267717241416006 
3367.194421577960838 -120.050635774317357  -12.345225316914794    0.622699808712692 
193980.647388695564587 9019.461273940447427 -206.190750821410177    1.648033168120355 
-16599.525836626533419 -3517.523576208177928   62.336671472511014   -1.398520727723643 
7481.960035330244864 -524.539951821888508   20.677387117826726    0.415353332949417 
-4137.116300427134775  227.379795745072215   -8.653782561259252    0.193086133427785 
-2648472.990993957500905 19009.485480720253690  274.973840146821146    1.747753095984818 
496217.971627088729292 -4372.400942385213057  -73.107315666532969   -1.448980839669122 
143618.646272714133374 -139.218205177055552    9.282848289459416    0.653587115256886 
-38805.440377705686842   14.317861248512344   -4.504630783161832    0.090607588101100 
2888681.154350173193961 -61180.510101194755407 -150.641761686136590    3.736539079151592 
-378716.821854987239931 10651.998810889013839   -9.729798754729408   -2.122068130992988 
-264134.499707572103944 4209.241699549926125   50.359998171910945    0.880740155316253 
58064.152819886519865 -1160.626381348668474  -16.073872817461385    0.006708986797335 
-2883182.387507207226008 55753.558535623051284 -223.869588151925512   -2.338550367957534 
180534.295135530963307 -4678.491635942851644   70.872900848140873   -1.244349221656647 
320597.104793391888961 -6482.946211754820979   19.680078249559209    1.677734176050961 
-39477.555527763826831 1189.815660672638842  -15.680011281169605   -0.278848845575207 
28761.612446963037655 -2733.670406939879285  134.644710599794394   -2.194511899131980 
1051.265530291451796 -1016.236102845872665   32.365816168924042   -0.923213399666526 
2823.686707267642305   20.574463045736366  -24.017725679000414    1.613508691769836 
-3800.344164971495957  388.987784416997897   -5.004326553028921   -0.342678667679198 
-1238568.692147857975215 2271.273341730050561  107.823412997040151    2.031078558403874 
770119.080487925210036 -833.300432819479511  -74.916373928319445   -2.259867198064585 
-122073.594081033210387  511.937496318013928    6.870579662297477    0.840661941259713 
9768.866807966714987 -272.328016508368194    1.762512142034480   -0.065858800923275 
1166942.538152779685333 -23423.284855914702348  -38.445312156985445    2.475738478201105 
-762757.279869349789806 15143.100115783625370   24.037626519014648   -2.563112542695150 
102123.814932003442664 -2020.523631914937368   -3.561476442192820    0.872286618269751 
1546.815142312596436  -69.669319971271875   -0.602440920675581   -0.063462937063116 
-65013.280775656639889 6471.357909903715154 -183.203025490339343    1.166058438209469 
47168.217568887375819 -4397.156283487543988  115.800543013760517   -1.728573495443233 
-6619.957894318201397  595.676279785508314  -15.728685822001726    0.758128857795386 
 470.515752658841393  -30.043130512627300   -1.453916175900833   -0.072724458398407 
13063.544226376558072 -1513.392506509243503   19.771483958599315    0.051107738057792 
-16001.617968535059845 1395.913076821576851   -7.067572845400626   -1.121064810379875 
1962.679399224602093 -217.368546173894629   -0.241117756685050    0.658345946250015 
-1431.556837569391064   27.744306256419563   -1.548027910805972   -0.150314894794521 
21266.611305534079293 -840.445746216827388  -20.646537342391493    0.010525517646322 
-17822.265568739094306  571.616332786334510   26.717095874193447   -0.911855807980071 
3766.938076203610763 -116.264380235979843   -5.969966249451693    0.600051956936520 
1357.777674362378093  -45.999964006137361   -1.861497862675922   -0.175963689270536 
-26736.832023394115822 1422.531091305726477   -0.000000000000025   -0.830155330041962 
24900.857438572609681 -1324.848204736721982   -0.000000000000014   -0.040366335622209 
-5348.657689575509721  284.574920974752501    0.000000000000000    0.410124284516660 
-1850.974378768334418   98.480949452215725   -0.000000000000004   -0.239272961356130 
54668.817860046867281 -3169.854004358036946    0.000000000000000   -0.676074778990108 
23390.075437054649228 -1356.223294898966742    0.000000000000000   -6.795691566781642 
1794.878529490145183 -104.072177097478658    0.000000000000000   -0.933729522061755 
-12889.844156741497500  747.389932966863284    0.000000000000000    1.733478088232941 
-70289.078347980539547 6339.708008716075710    0.000000000000000   -2.254902131295637 
-17233.221280432004278 2712.446589797934394    0.000000000000000   -7.471193476609840 
-5116.959461065617688  208.144354194957373    0.000000000000000   -0.985565347809433 
19063.725733093000599 -1494.779865933726569    0.000000000000000    2.105734875890534 
-66641.137487273721490 -1811.414520926677596  175.042249031543804    3.158185665173799 
-47139.921126448505674  713.983933312068984  132.449477166793912   -4.413567767357553 
23136.614745386952563 -385.247457543870155   -6.845962083564803   -0.970104454084317 
-9130.088042248455167  715.958530046523606  -30.105521781009511    0.973309293912798 
119611.196463407162810 -6676.120751065527656  -31.483666106427542    5.384835663009215 
25120.290082242303470 -2727.161830982260653   83.463123139627328   -1.447106812748777 
-22143.861534104951716 1303.691809402169611   15.502405751413706   -1.031453136270062 
 726.798320304957770   49.475365809956713  -11.480334285054974    0.533127510280920 
-274338.779858311347198 5665.480118645316907  -66.243297525654540    1.271045805393140 
56143.216934133764880 -135.225598480506846  -14.984860085517738   -0.780508289678509 
12424.921422518702457 -981.133598657974289   26.596363541200873    0.142974705774148 
-3082.370435277091929  124.467131189748329   -5.497814989970992    0.226372228457265 
893267.591807928867638 -8462.996554346162156 -114.267429980330988    0.415592320927598 
-496959.399995643936563 2756.156112884857976   30.007874388524669   -0.793573428674814 
143525.967726644652430 -341.248808864597549    3.895418129708411    0.373267831713894 
-18272.502597478222015  -34.275277793856787   -3.949518272732222    0.153079232153976 
-875535.445296637248248 18583.201192100521439  -12.128176160084415   -0.681395866341356 
704538.611026328173466 -12290.692477059003068  -66.220459387031042   -0.720865976311145 
-223406.776061154552735 4004.404991278675880   40.866215904190945    0.525373391903237 
24771.845394546020543 -587.526871276183101  -10.225123342308397    0.090942119554069 
982947.498380172066391 -16858.551076094972814   11.143153587954885    0.387443435301277 
-900659.100179673521779 16229.092814915820782  -13.078194708831033   -2.121305609640729 
230581.504162874334725 -5039.121064383203702   26.904416516972923    1.257027322138789 
-2213.284667697192617  415.239621406567835  -12.549857713581732   -0.093142511344639 
-11920.005800504912258 3081.177893318666520  -82.017836742231140   -0.004130660078019 
11836.870197902628206 -2041.362505448334105   82.857582643847223   -1.746155361841022 
4434.703673291897758 -361.625362991038628   -9.614800827404043    1.279837596581394 
-3374.782278341761867  370.341703177193835   -7.237848434874310   -0.159701446630750 
-1577153.139111258788034 1006.921499475694418  155.111978071843026    3.278941790770072 
305655.820932479517069   18.427070329289336  -34.482594054429498   -1.498212738663134 
12398.268596517234982  410.078326006740213   -6.804291335546131    0.370901949168749 
4123.698703610105440 -216.920067985854359    1.661358860701517    0.007880467073813 
1635558.266990567091852 -31711.694251433866157  -57.215249698489643    3.878187048614561 
-325153.828062058484647 6359.368294815632908    9.620634460145151   -1.634710613369738 
-33865.073559422467952  667.284919409967415    0.645806180202154    0.347558723761640 
4673.394155684085490 -131.372437885728317   -0.747126061896692    0.010359683456227 
-114881.565544175042305 10187.909641455211386 -241.013460506218365    2.095635509841276 
22788.237278016185883 -1970.397067273657285   47.099408454883445   -1.291301581114683 
2124.598961544734266 -200.267889059641163    4.633808111578750    0.380644473225646 
 253.045351367976650  -11.649791551150948   -1.968436828221859   -0.002689854153157 
56561.132803465618053 -3921.524882890396839   15.526524931594798    1.421275961659312 
-11102.788883643845111  828.390886880611561    0.346733639074102   -1.101899408608203 
-1425.371457297761481   60.669449288878695   -1.081222657475866    0.380475418876505 
-1410.732458607535136   19.428535070744005   -1.649982276494349   -0.085438469374561 
37255.418256112941890 -1007.872169738544358  -69.116706116016246    0.817994104974738 
-9847.286329163856863  256.449177955026244   18.974644370796675   -0.907908738862700 
 308.244088965749143  -12.756191393309962   -0.258498718827936    0.372581388581174 
1591.708384582402687  -53.243001933928127   -2.230614289069970   -0.115184384001506 
-55567.623904747058987 2956.471155794446986    0.000000000000000   -1.239057034562798 
14874.545429799856720 -791.399045497077168   -0.000000000000004   -0.351674584387942 
-376.732331028961596   20.044014695528119    0.000000000000001    0.361119169515391 
-2182.701067533267178  116.130442412755002   -0.000000000000005   -0.190259546914633 
53444.903539899634779 -3098.887960814865437    0.000000000000000    8.566998404164918 
43890.882134572129871 -2544.918546533225708    0.000000000000000   -7.049219608902935 
10204.998225943507350 -591.714907276503482    0.000000000000000   -2.664343419022326 
-12193.239376968340366  706.998800744619871    0.000000000000000    1.509258758691544 
-134931.319086113129742 6197.775921629730874    0.000000000000000    7.023517515916353 
-43591.625660924495605 5089.837093066451416    0.000000000000000   -8.316781775845705 
-12720.065328735214280 1183.429814553007418    0.000000000000000   -2.959062254366376 
18017.553361804646556 -1413.997601489240196    0.000000000000000    1.861397703617139 
212281.603906757780351 -9449.629632789965399 -125.701169471003908    8.490809876150955 
-72130.347684176405892   34.703487964576198  198.090320553622831   -3.229248142917385 
8227.831144058876816 -291.661529884291099   34.471512631487286   -1.925456442868684 
-7104.730938330671961  675.420677825355938  -28.549864568084214    0.789252572164590 
-62755.277283604722470 6046.619080946078611 -208.506111768317965    2.895512889841953 
69974.488756020044093 -5230.707112631839664   71.656748349717176    0.572206560879677 
-10257.014179322168275  308.958191450408094   34.892389687581748   -1.140815667753700 
-1415.064220830534168  156.785640034205215   -8.299913802435700    0.392102081452277 
76830.249225364590529 -428.532139025421998  -15.279533380423562    0.323710951633922 
-46733.825512733063078 1989.329446011487789  -39.826096657638175   -0.303866112656081 
13601.095350193796548 -749.370617716601942   19.744993948306387    0.007427905482324 
-1187.835422277181351   10.777922237972746   -2.536789426636893    0.234531135991465 
-358224.305089934379794 3528.233960617193588   37.932125700618549    0.323805798738899 
-161984.053067671455210 -417.467594994956698  -12.842411854099485   -0.637726308326965 
61158.036093730326684  -48.912744128359918    6.041100946511557    0.194355364588671 
-6352.083991329720448  -50.395729783312959   -3.216896543378308    0.188149830046980 
256135.865488139243098 -7318.018026916082817   -0.316677611872732    0.697759295961142 
376212.819040091184434 -5321.992030021336177  -70.768525447063055   -0.976389426189155 
-88312.847302852373105 1802.819427893637112   23.742592799929220    0.313216466590700 
6144.384017593087265 -242.723002492074102   -6.175228876269554    0.144019411360664 
-88834.697780225673341 3050.384463693330417  -57.901405651421875   -0.009650189393241 
-532053.788287111790851 9907.136161380260091   -8.899512113347996   -1.976014321402757 
51492.393104526519892 -1772.092442346198141   24.157203164200549    0.744862330758355 
14456.424245128477196    6.002206021229199   -9.369388469434128    0.031597229231646 
-14871.791204322313206 1248.314872248706934  -28.834102185423031   -0.289165191261571 
7366.868022713308164 -885.920795453838537   52.100893865510841   -1.747704359370285 
6835.170950868888212 -727.535775603809839    7.255008736265683    0.843105131429981 
-2658.774483667157710  299.260169228571783   -7.305239896876873   -0.027013492282307 
576541.733693348127417 -1339.595612841528009  -34.128832825049713   -0.664044165439208 
-285776.606234242382925  396.022632632673947   23.684397722511616   -0.268609567124357 
14883.170433796869474  461.884538876985914   -8.154065877035860    0.150049160945312 
7368.977255418074492 -163.405710707453181    0.574984993829358    0.037237819863393 
-567190.904478553216904 10620.972439355184179   30.053013671103688   -0.773460096850259 
288180.522059404058382 -5532.517049472064173  -11.835084176788481   -0.180390470139277 
-38486.736809754271235  770.641325077913166    0.368999965621741    0.120671088323013 
-1445.818862497436385  -10.533596187819910   -0.627826410499017    0.035836754671855 
44333.507044463622151 -3909.279835318396181   87.366219246554323   -0.095530201246308 
-20292.349801049436792 1850.069048272046530  -43.280639234948460   -0.505438264924205 
2436.584896165576083 -215.308891434842536    5.111154264070622    0.156051992470785 
 650.308371326604401  -47.572470841289785   -1.124011972218170    0.028807155900291 
-32028.301835450278304 1535.638258507064165   -9.808467436621919   -0.028913089893970 
10107.635917655643425 -642.180944203284980    6.169180488422212   -0.568920922985961 
-1549.765578046269184   83.945692123544305   -0.266733391538835    0.171622877427235 
-1651.914004569920507   32.296595552468098   -1.749392151561278   -0.052320290661885 
-1720.501790437963791 -114.246457641836344   14.598410996035710    0.093288527797782 
4123.495516878563649 -121.502885696932026   -6.944120422709387   -0.601160949497172 
-407.229762569920240    4.112095138952270    1.245316774682972    0.183947677536189 
1549.139535591407821  -52.799007784065168   -2.101441377262608   -0.081200139737310 
5588.294677644727017 -297.324788492977859   -0.000000000000005    0.390579973928794 
-5963.313534480342241  317.277637925843464   -0.000000000000016   -0.816320972348991 
 737.171655885984592  -39.221161250876463   -0.000000000000002    0.215119724923274 
-2105.908352010227645  112.044691889965350   -0.000000000000000   -0.153034599376901 
-68920.286323507622001 3996.194798712369447    0.000000000000000   14.494218154964651 
63932.720962034392869 -3707.001531838794108    0.000000000000000   -3.836595207341086 
23682.948613019343611 -1373.204917073007437    0.000000000000000   -4.025070271052829 
-10127.434988146342221  587.217569497008526    0.000000000000000    1.082804193682779 
48644.892646820291702 -7992.389597424737076    0.000000000000000   16.484625802974278 
-94190.870318216781016 7414.003063677588216    0.000000000000000   -5.682962707377065 
-29942.877326127912966 2746.409834146014873    0.000000000000000   -4.709030314769223 
15482.888312170733116 -1174.435138994017507    0.000000000000000    1.375283014222027 
179609.877487748657586 -2351.250323375033531 -399.835832149900796    7.351894485931395 
7475.253780857678066 -3508.907624331652187  150.952382001996227   -0.045194439360778 
 145.944406144064601 -725.937046930177758   78.101850450939679   -2.334761765653453 
-6788.676220258184912  621.048920712723202  -21.391274327121010    0.514697127612277 
-134642.180341536382912 10760.009822446820181 -195.226756008378430   -1.181725241090043 
46441.259774668265891 -2963.224957277059275   -6.533043563401995    1.658023894570407 
4294.954387013867745 -715.283317288204103   43.032852785871128   -0.862036860822439 
-1726.408507377532715  125.485418223106507   -3.225966898071148    0.264096149109782 
35365.177833616398857 -3132.502744395002537   67.111137576717525   -0.645943574449450 
-17922.482053221381648 1828.629893876953929  -45.555921675296972   -0.182474505793361 
5519.056904449495050 -272.125700230546670    9.072241656689489   -0.053364671823856 
 -67.855446621120791  -52.647109216707037   -0.720790782007830    0.231343964118914 
1107656.824174574576318 -1311.192281774646744   -9.172453040148893   -0.238090879627710 
-296318.167476396425627  905.620140236488169    1.382135283632454   -0.516299133799877 
3870.258525721819751   12.106324026831771    4.608566375203179    0.050102184322816 
-1937.987154674578051  -56.141672016823691   -2.588335427275647    0.203112210253618 
-2010253.891487734857947 32226.244625785573589  302.841037917461790    0.674492057387195 
472263.768598143011332 -8066.248790114857911  -70.887279551515277   -0.714729690203726 
17746.726151926930470  129.289325376612055    6.035617175106920    0.101826577041589 
1483.868764519489559 -114.819703433273389   -4.313781497349453    0.169278196025220 
2649618.996715614572167 -49149.010711986964452   74.496015245245147    5.689608456093907 
-565366.799954696558416 11051.030335265257236  -30.612539232631047   -1.979633142425220 
-85685.180425699451007  847.678369734490843   19.218196745953151    0.250406397779857 
12406.127672106165846  -54.752564594828016   -6.601881633593055    0.093810948778364 
-32991.619759856359451 4600.233020545600084 -226.737622885594789    4.765291753132177 
1789.946321092490280 -417.802718360578979   41.288105545977295   -1.856141306093371 
7979.772743844607248 -890.501214830611161   18.928633662701685    0.392624423247023 
-1718.317269149593130  196.913799833990083   -5.640603944025959    0.050501992767097 
419495.259569954709150 -1140.794238620603437  -26.073206759994907    0.652504744020471 
-69573.456099237038870 -106.325722182895618   10.886085413117961   -0.517626129164060 
-29535.587357888034603  498.096652683207765   -3.832755485082161    0.051769698909260 
5890.172160852467641 -102.098687394275530   -0.140862402997306    0.050499979234616 
-389088.024831098795403 7561.787563252953987   18.328740883928127    0.556369798535086 
75483.932879946616595 -1549.652384713871697   -0.565204050124596   -0.470438006458124 
6971.320057664564047 -114.629854195328761   -1.181036062742393    0.039317528748338 
-2861.635041848206129   20.095077344533806   -0.707927312732245    0.046591375364645 
23667.068663950391056 -2405.839056302784229   62.356969551245271    1.022009341212600 
-3667.284659375573938  384.089110027648189  -10.518307017490597   -0.541262090391570 
-558.369411387550031   63.960878352619318   -1.613714017484259    0.025214448056314 
 724.402398652121974  -53.214065569750609   -0.990740530289485    0.040229599645389 
15763.069483213916101  500.884525635128853  -15.630103759124250    1.166538103337210 
-1902.977270638222762  -66.316597263135691    2.491005199688997   -0.579763331696199 
-524.183247169091942   -4.616500559758300    0.815789819475067    0.028037345591965 
-1750.258167634698566   35.755023288381423   -1.705497543334187   -0.039813291283835 
-28786.652907479809073 1312.892841079498794   15.514471344209433    1.125642284916469 
3478.307345464345417 -164.345307312621117   -1.469716299195998   -0.566177751573003 
 542.995595222943280  -31.618928987241844    0.193587184444799    0.038030339902417 
1559.305077661946143  -54.406616093292385   -2.025766140555438   -0.067417615725325 
32897.152463232887385 -1750.290466478117651    0.000000000000064    2.043098335942507 
-3867.703030363607922  205.780842240978245    0.000000000000018   -0.669853482125693 
-491.705414719509918   26.161148769976265    0.000000000000000    0.029347918113939 
-2096.024030958461481  111.518797348671782    0.000000000000002   -0.138136797442865 
-89375.920701447394094 5182.270830401791500    0.000000000000000    8.781616821628253 
38087.613590718385240 -2208.428482321617594    0.000000000000000    1.598736600770695 
36435.490432113503630 -2112.633668843062878    0.000000000000000   -4.304802596874132 
-6302.727580712744384  365.450123894137050    0.000000000000000    0.548032629520386 
123572.817902284528827 -10364.541660803586637    0.000000000000000   11.362780156862186 
-75949.035575658141170 4416.856964643237006    0.000000000000000    0.498771968738346 
-51210.365562862381921 4225.267337686125757    0.000000000000000   -5.357054157099070 
10363.305853633426523 -730.900247788274100    0.000000000000000    0.730054467344542 
4780.887922827085276 3965.667295246718822 -247.349992494448344    3.013329455313302 
74828.957838762813481 -4390.626495597244684    1.013944945782331    2.711765992863503 
10433.970858596694598 -1713.378811921294073   97.097641319412119   -2.001440321465614 
-6302.831787196014375  470.887822428427114  -10.050841411640128    0.236504912708418 
-53528.635738756100181 4314.665168643071411  -45.865912022392259   -0.588499275234518 
-4049.557853407869516 1071.778726140497838  -79.743077066543876    1.214876929161640 
9593.917127171416723 -951.714096180274396   32.248337707127895   -0.502924257855933 
-726.867533501170556   10.790257789093431    1.669758636655723    0.179940107748136 
-15625.339132228284143 -1208.472103794254053   60.967439603838365    0.760107672325886 
-4660.540365615262999  653.941364728827807  -20.389245084027877   -0.424703346211904 
2696.179102094922200   38.195707095175933    0.829095811773878   -0.129261903324514 
 411.060497309763377  -64.208649076344415   -0.167495410518633    0.220560607444064 
-269801.273793856205884 -2013.178749902720028    5.662317765687568    1.371538212405103 
119053.141589069098700  413.923034570993877   -2.057534606423388   -0.605583213660268 
-18287.869710194125219  177.049220877767425    4.524141459854315   -0.090133109109702 
-3920.783971062079218  -43.038989247615689   -2.008583713912534    0.200842788079074 
612958.668509477865882 -10182.173875431541092 -117.420590318948342    0.946255316764813 
-281581.440709757560398 4018.592944554733549   42.678109667532858   -0.461795168683528 
41582.017137975126388 -376.667655318403718    2.509470939609121   -0.045239030319317 
7155.053786044352819 -161.751791072004039   -4.075456691270971    0.172156234045570 
-749663.173657374922186 14630.447243060727487  -57.398423859309887   -0.986135338157005 
428240.323813659080770 -7379.848681729856253   -2.676533515664158    0.153970028609995 
-102825.989943329157541 1306.576076426415966   15.057062652416256    0.022198508552954 
-1963.339027438210451  127.885419063653458   -4.532427936082903    0.105292497166260 
3673.376230999991549 -576.957552934890373   37.629634084559733   -0.937084266730805 
-10581.911088853667025 1307.284664344023213  -43.738503036120797   -0.069156898668805 
6880.777147874460752 -779.315971582680845   18.622333976433758    0.151962147651752 
-757.314522245416697   88.057810624032754   -3.072245006730781    0.079885048220602 
-113341.189897196658421   62.263959341533763    7.774881347895526    0.021307215593976 
87737.266239496035269 -534.123561665623242    1.108632878119872   -0.272936850156383 
-27265.111090355672786  418.040492202143071   -2.333415698677433   -0.047050673505795 
1930.465168413451465  -43.726058965288189   -0.500785986005723    0.050157706658250 
122117.013973875378724 -2289.040266630428050   -7.623546903333169    0.040569928186068 
-70424.076431715468061 1286.017951505986275    6.308073781348451   -0.261799332007466 
7603.802113693462161 -147.584158346314496   -0.463177346339411   -0.052212138559861 
-1570.721131889210255   -3.677856606558080   -0.828589811819318    0.045242132370043 
-8177.656970572157661  839.343855998501908  -20.002950029538241   -0.115405819710753 
5207.866089605830894 -518.100536085896579   12.865556564226376   -0.158008587436845 
-365.796732608769048   47.209450095338354   -1.320307824142286   -0.062194386672238 
 643.529642910213056  -43.916467838332565   -1.235012373468532    0.036920297484616 
-7665.056724973841483 -165.013240305855078    7.603520526489920   -0.088664687500212 
4008.173785566978040  121.515099850038226   -3.370283709982596   -0.142311542944746 
-261.033682802995713    2.283312263604437    0.705880005688367   -0.062222013738153 
-1814.727848300155756   35.120053975306249   -1.595129406059203   -0.043089030409512 
11806.077471356438764 -559.865892935444322   -4.843460575146629   -0.045564510868446 
-7316.687494840586623  327.989508092190476    4.348210454882540   -0.144061894729328 
  63.198076550911992  -11.163403889795639    0.553398953905616   -0.050749615885374 
1625.304147877772721  -58.362633813223923   -1.994230357830617   -0.069311830518124 
-13089.333735829721263  696.416994631325338    0.000000000000007   -0.394888357866875 
8468.729143348758953 -450.578082688316954   -0.000000000000008    0.096308393852746 
  83.422849403636036   -4.438506285941141   -0.000000000000001   -0.042345217920180 
-2153.667816743079584  114.585730537594017    0.000000000000001   -0.140944341899449 
-108822.426827448201948 6309.834727467994526    0.000000000000000    2.151247723650402 
4571.643327675888031 -265.076920920961925    0.000000000000000    4.891842908881269 
41767.897546912725375 -2421.821844248381694    0.000000000000000   -3.493480158167634 
-1327.734659463595563   76.985842968107391    0.000000000000000    0.052064159652905 
198751.346690956124803 -12619.669454935989052    0.000000000000000    5.294023271848346 
-29609.228862301886693  530.153841841924077    0.000000000000000    4.759814527561637 
-64405.148617607308552 4843.643688496763389    0.000000000000000   -4.699730845061567 
3016.659637371371446 -153.971685936214840    0.000000000000000    0.090408939712566 
-179406.470541348040570 10428.670598537408296  -84.693575733045634   -2.082811182896652 
76621.790809823214659 -2903.501259879744794  -91.742302239635279    3.841764538605986 
29365.314439669902640 -2625.144781355914802   85.756596657680433   -1.182249005031927 
-3820.045291916487258  195.857375880587085    1.619101188973513    0.034581625256118 
19930.238080890227138 -2667.741135676860722  104.151949884699448   -0.553701960713053 
-24122.796255441389803 2689.778164381648367  -96.942794074940934    0.994189700948696 
6072.372863565256921 -481.519484865005950   10.162603814442290   -0.226790929092141 
 304.549649258500722  -83.000381229989614    4.365233411463227    0.134907614887353 
11912.966812995768123 -611.319572266537989   -8.626952875655455    0.683593515655654 
-10520.042540200913209  200.764325805982907    2.473544767411514   -0.139662969089697 
 798.606238867903812  145.033918412027134   -1.410366727803169   -0.199807692737215 
 644.743701366254754  -51.576648943282635   -0.263363358008587    0.199251465041451 
47487.466705001112132    2.199500066073483  -19.083535955864811    0.415611086811224 
17877.663916373145184 -341.018996642527668    0.065834555709438   -0.091256384008355 
-1171.519022013857466  186.162225618825914    4.275178953515071   -0.177238058818280 
-4873.517960385761398  -18.372278968626745   -1.464155795270002    0.182792697298023 
-42886.356375081479200 1440.016596264304098   -4.527814881096070    0.272051521985646 
-51721.940018703433452  200.277741267908027   -1.354611702072776   -0.106949424896724 
 -80.905453082486929  150.691180409426210    7.674908185291632   -0.116332104516849 
9150.280816633865470 -165.931791578588957   -3.324264450731325    0.161133960660532 
22423.477874833588430 -296.026903169585921   10.908453107001602    0.367780138349834 
147116.633692143484950 -1893.430965582083900  -24.200942462905349   -0.215830723198882 
-30906.370255103840464  147.416120512423447   11.697378155095066    0.014465921729343 
-9589.518596815494675  204.472385236529448   -2.804222237313338    0.108547046850073 
-3454.006780579217775  158.847921897514652    9.980864837579622    0.434939325308868 
-9204.395002228677185 1090.925581993439209  -29.627390254410876   -0.420563498692857 
4407.488886489170000 -479.539690790498128    9.451597315117295    0.090747097981544 
 -55.385176573275700    9.942766835997048   -1.354371990544543    0.095969497426913 
-47962.057342039035575 -442.200078321577962   -6.454949932099289    0.874244076594954 
45234.320028047659434 -510.774576912549378    4.024213383580630   -0.264946644308643 
-10643.662806912758242  287.428224879871607   -1.691809915964863   -0.114286110313923 
-328.148444406843282    0.304931204543273   -0.759955244487171    0.040053349841789 
111931.153378999908455 -1437.190409876549438  -19.451163109791359    0.792602010608171 
-24630.196191512459336  427.627851519582521    3.449243692598484   -0.246585608937692 
-4277.981964209990110   66.621567031880886    0.756487337903959   -0.115760256178005 
-1482.112269005355984   -6.502627678328928   -0.802813067323748    0.034704238628432 
-18196.480111911288986 1430.253131883468768  -19.510402658323770    0.591400732560329 
2141.244725641273362 -203.346590086458633    5.364450303149559   -0.201285769828378 
 552.842119297118870  -42.971440676205987    0.958443034279702   -0.107106181330391 
 663.205972713559277  -44.471263984010335   -1.238094791946723    0.026451712980263 
3388.643881986521137 -804.587971616685763    6.103749247112184    0.941241242430218 
1133.777513701800672   59.635134735342390   -0.518963512548875   -0.175560800757326 
 381.710229605599238   24.927091586777060    0.219724102871933   -0.101956056700912 
-1799.700157167010275   36.981849958441281   -1.544704462288335   -0.053263573203067 
16751.032858486032637 -630.027616275809237  -18.530196319461243    0.825975179987122 
-2889.408443081931182  118.039798241399239    2.531912739202560   -0.161148586304995 
-1212.563915689401028   44.590259401903005    1.413414353166253   -0.088900926014664 
1541.939410400995712  -55.726711307647463   -1.866574584170708   -0.077995492794231 
-21660.537156071561185 1152.447213339793507    0.000000000000011    0.123582231205555 
3560.228992412622574 -189.421709701570421   -0.000000000000006   -0.051774740347332 
1587.042616373805913  -84.438480334676939   -0.000000000000001   -0.036778511232003 
-2036.481172655592445  108.350824152485700    0.000000000000001   -0.145503941809481 
-76525.235478391638026 4437.151444112339959    0.000000000000000   -2.637151888855524 
-36236.766732617303205 2101.111101879541820    0.000000000000000    5.698560805250179 
37809.757121295071556 -2192.317571628560472    0.000000000000000   -2.169679693901204 
3752.140658498070479 -217.559818500244319    0.000000000000000   -0.303984158956525 
159975.281114145298488 -8874.302888224683556    0.000000000000000   -0.427114437081684 
44922.526146806827455 -4202.222203759085460    0.000000000000000    6.745073254504778 
-62490.986457044222334 4384.635143257120944    0.000000000000000   -3.261619872303267 
-5108.441916797234626  435.119637000488751    0.000000000000000   -0.412345424724150 
-201065.206380276387790 9677.343380628502928   31.041718968260312   -4.447214359865919 
9344.364356817566659 1007.250214571792640 -123.502393139527584    3.060710345019743 
40111.083835500008718 -2862.176162019409730   58.851009735285082   -0.319439644578711 
 697.431231669667113 -157.284431711754792   10.739785158585658   -0.057239920048750 
50159.821319861097436 -5000.124607205195389  144.851777663311282   -0.858828402256101 
-16648.956975107543258 1689.375238502824686  -57.885812868178647    0.786551465681301 
 975.903709746640970   65.874690495553153   -9.190972053447656   -0.004198283263391 
 725.603811964625493 -106.372964925270992    4.324249507966115    0.121011513686141 
16165.212963954007137  175.415080796555969  -21.087646760175307    0.249144099115991 
-6052.679985327455142  -28.480513793968484   -0.761562560959287    0.116684599281172 
-1272.984076823145188  166.569394913528981   -1.196368951996639   -0.202679988963280 
 603.461329840739381  -31.504450090643843   -0.417859579328443    0.173428413142537 
-74557.120959300315008 1007.925287312458863   -0.773594677476463    0.020611858565170 
35685.463930748330313 -340.194184117747511   -7.090491427739821    0.064597773545854 
5523.871958876363351  101.010578023791140    3.397096844511267   -0.180570385126093 
-4647.870381035952960   -0.426126690246463   -0.966002292311456    0.160023799349535 
192644.775564274867065 -1249.502000281970822   -3.211733636742508    0.038824545466184 
-67804.323659358837176  740.283964867017858   -3.052542282483770   -0.004930104152106 
-15021.688412840292585  268.261393676292528    7.124013937222061   -0.130317045647953 
8248.249907411227468 -141.153521905521018   -2.394910123854398    0.145452713460792 
-504492.495183744060341 6548.775554315368026   68.293287095577583    0.241269227924985 
155525.437895205977838 -2004.441054270677341  -20.110272547779751   -0.077913171317694 
6923.888693314861484 -339.817881969172049    6.158476278759427   -0.022252065085229 
-11110.321622039446083  192.736363918109078   -1.698884121434737    0.107701252598973 
32783.934321515756892 -3685.182655705332763   87.656568237624754    0.846514584884482 
-10499.647544945884874 1150.493552705006778  -25.884565940318510   -0.257461251702031 
1944.483568092349742 -199.362298953192322    2.512602790776120    0.005994004182183 
 344.986155334728664  -32.643732446711645   -0.616356422244154    0.101591070877274 
-77602.578545769210905 2019.704281417747552   -8.949345788772701   -0.069863858318277 
27248.548524783262110 -676.599606283141497    1.603607159043366    0.062894884414465 
-1583.304237808915786  139.006451980410247   -0.988332348136860   -0.139542580300696 
-1045.495938078862991   27.388934522296804   -0.921160473950462    0.023335302697325 
-39194.864084109081887  409.810552169885057    7.851043962024778   -0.060830744956134 
17343.986325612280780 -111.318552184118658   -3.844942473573276    0.050640145040372 
-5188.758197447494240  106.160229448813425    0.707024990282111   -0.140253439165170 
-2183.091296080627217    5.699740861359516   -0.692348270337713    0.017929357268499 
7903.285673359211614 -594.280413529270163    6.275799130310284    0.011688995680343 
-4682.435316325457279  332.998334369841359   -1.951950693721819    0.020489504881745 
 235.193295461596051  -26.764972640783085    1.385005485458167   -0.129705714448720 
 730.228186245267239  -50.226521390427095   -1.072576131867087    0.011073429716177 
-5547.991345756497140  376.379162767864727   -2.644876163495817   -0.185126518779473 
2404.518969446757637 -242.085354620915041    1.769942455118185    0.177404665154006 
 823.997289999167265    2.120814101080512    0.376096470693098   -0.101725573651327 
-1727.652659732715165   39.458074504964294   -1.513426369064653   -0.066912856000893 
-3126.202076115297587   90.583613140613295    5.373394166498308   -0.147656342454449 
3392.228878850326510 -118.220557862028826   -4.416910880595412    0.148592106190176 
-1149.711361218351158   44.567664449324276    1.177789585492147   -0.090470486029017 
1377.938775068395444  -49.539079722926431   -1.686528443161335   -0.090012822433667 
4549.862208919084878 -242.075068866843083   -0.000000000000003    0.017394603706457 
-4562.472441114211506  242.745995300852030    0.000000000000004   -0.005431403645248 
1461.762185286107297  -77.772944634766731   -0.000000000000001   -0.043929279231075 
-1824.778004235369053   97.087173360118243   -0.000000000000004   -0.150668864486085 
1492.636378333670109  -86.547315016469355    0.000000000000000   -3.922544887066140 
-64933.730037014080153 3765.042893421665212    0.000000000000000    4.709628846929351 
25163.445025091132266 -1459.048322215908001    0.000000000000000   -0.868655987378763 
7762.697467919077098 -450.103342572664815    0.000000000000000   -0.491304795395062 
12069.305307780028670  173.094630032938767    0.000000000000000   -3.965652004311522 
104913.256564611132490 -7530.085786843330425    0.000000000000000    6.584905340599139 
-43761.513618116950965 2918.096644431816912    0.000000000000000   -1.595372547915276 
-11905.449031957841726  900.206685145329402    0.000000000000000   -0.715490347045347 
-45370.771770462517452 1572.720129806038130   67.484879851252941   -3.009889806065027 
-66055.088035785884131 4636.253982307470324 -111.861748526429821    1.393004960070024 
33022.243375628946524 -2156.738137409500723   29.430492027040390    0.237274768557510 
5464.616922970965788 -480.417106071206717   16.227064840051060   -0.058032242026768 
18972.184570354434982 -1739.280301461004456   63.431996325679648   -1.090267140706369 
2160.976019840302797 -185.671489199120600   -3.566396244436969    0.464490814835264 
-835.093909661757607  253.837659158515862  -16.872498192524603    0.152182001801179 
 685.420223962253885  -81.508008885167825    2.553825803468522    0.131099195706331 
-2156.778374252193316  218.288358638755113   11.119514887536406   -0.194159901694901 
   9.274876155503932   37.300141504736743   -8.669430096025089    0.210113636449669 
-2028.409715469662842  167.671848377375397   -2.375243034119679   -0.161830209496925 
 381.337877037326507  -10.785676174802717   -0.620491923421479    0.150403220954481 
-57438.022229813148442  107.214040362743845   16.707317741694361    0.050143097465119 
7726.543571010362939   37.777798624431959   -7.380589431793487    0.072327220507792 
10950.372896596241844   63.208529837125980    1.588211737069603   -0.163454760869387 
-3545.420389132110358    8.853265512669793   -0.653665042410427    0.138502098956688 
33907.250861109918333 -1631.884211537519150    1.319420047924517    0.170635794639402 
4437.467177244319828  271.720714761275474   -4.256942396262164    0.009629100397713 
-22942.545473104615667  394.761978629829457    6.210328352378815   -0.129729671117252 
5687.355625902687279  -98.494344339237955   -1.558377272124712    0.129161879067785 
64415.595567686854338 -259.315697526231588  -24.199226484983487   -0.025377753826321 
-33659.247798698073893  451.349778597585839    5.499710113061846    0.012562789154175 
22157.162455378347659 -533.954291428308466    4.332155974419690   -0.030420862855668 
-8800.087472918250569  131.730314453505542   -1.109912268790318    0.104173580122271 
-8722.029743995619356 1047.396531905845677  -18.870315812604542   -0.180951179315171 
1794.327825622529872 -231.449943184493350    6.986647148790772    0.059981717629650 
 856.318603176930083  -84.481847763128087    0.150362941835153   -0.018690937576865 
 488.020730178203451  -46.785180429269431   -0.535523181375504    0.099970838140805 
-35785.710189565652399 -470.364974804587803   14.600344543275266    0.546311387993672 
-1852.418429880187432   80.789499248514261   -1.752397511746383    0.036695937545111 
1591.212024053969799   64.530188601081775   -1.006931142224739   -0.127093727555749 
-969.217933327444371   38.137607096318035   -1.037124846601214    0.006738759880436 
34400.650402925763046 -1212.752554063760499    2.961382685351159    0.612948818126671 
2645.912294071291853   42.360404879588998   -0.900800987813961    0.027828615681822 
-2690.020869987043170   97.540461035747057    0.113807057608704   -0.130444844074896 
-2637.238753338147944   18.030828399291146   -0.648713302463702    0.001070119590366 
7477.385822953672687 -331.479379863444478  -10.225288324002554    0.571224084231815 
-1718.703188815734620  110.143179296363684    0.401473980144556    0.024872878261874 
-564.949017681055011   28.627716567492683    1.191195896261006   -0.124035416555768 
 701.900401191161336  -49.529747928670574   -0.917692255597832   -0.004796806006447 
-7208.205392823128932  586.872360752996883    0.230263660540944    0.110103124321094 
 324.022214788041424 -100.943168582964944    0.778113893807248    0.107982220611704 
1165.064938028520601  -40.757751299404575    0.694603514308778   -0.066052212930613 
-1597.918310182394180   36.675708153928539   -1.443924733123622   -0.077218180046268 
-7762.965919276635759  215.553644900331506   14.008810827664220    0.250600540092956 
2219.903100307102250  -84.251702934299473   -2.401888068158550    0.093220977769757 
-448.194863823673700   19.258631849783306    0.325439716897902   -0.060243850534025 
1281.122567718225582  -45.638396763939795   -1.597824067002678   -0.099288272821929 
11474.546507888542692 -610.502364372219972   -0.000000000000004    0.672258995111615 
-2856.274112769566727  151.967844475786535    0.000000000000000    0.001091572744672 
 534.418866050635756  -28.433714662686953   -0.000000000000000   -0.044471758093647 
-1704.459913340222784   90.685658588467760    0.000000000000000   -0.156210916236562 
14282.261955726582528 -828.126288875483397    0.000000000000000   -1.085102717383577 
-64373.991395138938969 3732.587650290488455    0.000000000000000    3.238674514279547 
8999.979846072013970 -521.844504251889703    0.000000000000000    0.124881932772350 
9896.453869653556467 -573.824625364581152    0.000000000000000   -0.533960063566688 
-32352.241662486085261 1656.252577750967248    0.000000000000000   -1.497572324577575 
109439.246055028619594 -7465.175300580976909    0.000000000000000    5.097785838982317 
-16967.450790661983774 1043.689008503779405    0.000000000000000   -0.135036150467594 
-15712.795738471153527 1147.649250729162759    0.000000000000000   -0.819768183658816 
62565.294863296156109 -2095.497937371751959  -16.979132609672249   -0.891410564037337 
-83069.127449709339999 5226.024030984734054  -86.554918582209936    0.264296282795638 
14381.716439942054421 -923.953385747975290    4.628408638460417    0.444437423915718 
8471.671805751246211 -674.496185770312763   18.289842928665120   -0.012485884483456 
-32785.364034823360271 2471.677702000763929   -7.825607156557098   -1.643890195227005 
9275.545233723205456 -837.901602246997300   20.220602377692924    0.055640637070375 
 594.471247033681493  125.891022727751192  -14.790722425867612    0.217198433289384 
 651.853783553511903  -56.076450347880623    0.512929205907212    0.155250186904087 
-17454.633527177480573 -911.148398311257779   45.846708872585793   -0.323110096844823 
-799.517014189020301  119.158275994268791   -4.499612013198950    0.137303673314082 
-2127.189982723856701  187.229150564751137   -4.021373297772683   -0.118403045776456 
 123.719124781337996   11.182464033847012   -1.031139345422111    0.133078251778894 
85606.874483871186385 -1810.063902534570389   -0.867533197765294    0.107113052713930 
-13812.714765169608654   77.983063760462102   -1.115345278658114    0.091130882057212 
10189.601497326335448   77.678637635237521    0.526219898263156   -0.143022498048761 
-2168.080170928140433   17.554012268400697   -0.537828805184254    0.119298302405685 
-8022.006307364459644  781.925862883750142  -11.244126947894031    0.001990275892174 
17152.686250160546479 -340.235864565294150   -3.762159878290470    0.073617523387488 
-20243.776294679017155  386.197584904327186    5.207940568059736   -0.119323843144102 
2955.097965747154376  -48.090734693023478   -0.846023960737855    0.113429397908248 
-37271.435918853872863  457.194338001641711    5.475771496810457   -0.027072956996618 
-9503.399460815506245  354.106392025248908   -3.574999818806961    0.003046131469305 
16761.831547939149459 -433.272270100454136    4.572744761201550   -0.028469747777733 
-6430.556202757477877   71.531892343823358   -0.529723915699748    0.100517699920404 
2336.652180718848740 -298.880967899768507    6.546268038171308    0.019334537725817 
-1476.433328375827841  161.323756280198864   -0.089721280935929   -0.007874974613540 
 896.055415332767780  -93.247621126164901    1.012478675317009   -0.012177594699851 
 606.061713506930232  -58.916120410539534   -0.444417537517747    0.098218265009560 
20036.502654140349478  107.730891788913823   -4.541373869399910   -0.150530887492699 
-15272.059750967215223  -95.597366303206286    3.722731691981834    0.241562708042738 
-549.347748551968834   62.679205219245311   -0.760639369695306   -0.092311396857268 
-869.154433501571930   46.547535005796085   -1.161856152564259   -0.007507567610215 
-19157.396939613598079  523.395430048221669   -0.177058804406652   -0.170157924947536 
15546.156195168370687 -412.421802894319512    0.209717519192727    0.257684422479323 
-416.012308832066310   51.282786283905523    0.027421624031048   -0.094755714304753 
-2864.960212173449690   28.516610022847345   -0.642778485139881   -0.013603498138564 
-1653.111897103805859   32.622732071766919    4.570951140223475   -0.145433021229537 
1085.316494791897412  -14.161588152428365   -3.433009141356389    0.239081909848804 
-644.122354434035401   40.625415460484689    0.812254001109526   -0.091041068041933 
 619.031305841240169  -44.877716845024096   -0.782491003883265   -0.018796922313561 
3818.888497939236004 -170.407875694750771   -1.069844964783467   -0.017053521949906 
-2379.054807520644317  119.133966699409044    0.864462766510105    0.149270892232114 
 908.185863936946589  -38.483901534849082    0.899925596848447   -0.033895573825136 
-1461.300871980623924   31.149987311989854   -1.344491530532292   -0.083572439300847 
 444.374228544121252   26.315815676637186   -3.544065928934620   -0.066333748382140 
-691.209119421626383   -3.419086096675642    2.851415992215530    0.187196180304616 
-257.108116212990240    8.299783220911463    0.381630707405025   -0.025191705774728 
1244.622152871476374  -44.126497428369390   -1.567312644807635   -0.104872722181161 
-1383.360875477651007   73.601608976748736    0.000000000000000   -0.139102845568928 
1446.680827688625186  -76.970542163795358   -0.000000000000001    0.253188695911528 
 358.219705415519172  -19.059051873688112   -0.000000000000001   -0.012686724511622 
-1659.875614447692897   88.313554395151385   -0.000000000000007   -0.160439824324305 
14504.741684294576771 -841.026298169541178    0.000000000000000   -0.105796935902080 
-59018.143161741441872 3422.040291962180618    0.000000000000000    2.831760995260705 
-6424.036973538036364  372.483988529694045    0.000000000000000    0.883686371464882 
10043.502777745790809 -582.350940518238531    0.000000000000000   -0.469864873929416 
-31735.070287156133418 1682.052596339082356    0.000000000000000   -0.524691724662944 
97307.155431596329436 -6844.080583924361235    0.000000000000000    4.536196217265724 
8875.849395166143950 -744.967977059388318    0.000000000000000    1.069211606563411 
-16186.926839691121131 1164.701881036477062    0.000000000000000   -0.759919744679607 
51983.214041615581664 -1998.127205091854648  -12.217938286694281    0.155668760862097 
-59607.141875973276910 4440.212304470326671  -92.922093310837013   -0.069982678718364 
-3452.817225768272692  284.326156183907528  -17.806217848170458    0.468726624425377 
9093.629085872171345 -712.426502913602349   17.482811037247377    0.045457386666805 
-25625.726306641176052 1796.571906386864157  -17.122352958562239   -0.575763359923415 
-3018.966279335561921   88.977536003289032   17.285999693984035   -0.560818186139752 
1376.543616332137617   32.275514447287634  -10.102397166907993    0.154051239655712 
 807.059169579133027  -48.604789530300849   -1.035248574152438    0.180058652981932 
39994.400722376958583 -847.515732764622726   15.519163454895034   -0.082040716895776 
-7345.004586880540955 -222.522373372453757   12.692903814020713    0.016137386997273 
-3145.255182857556974  174.308638392478144   -2.997211822669962   -0.099222913237537 
-188.763157513616534   34.668369201399685   -1.514573092083161    0.119792166544470 
-129381.566768154982128 1212.200206586767763   21.779593331730116    0.136942717535185 
18289.863166282040766 -600.790899690000515   -1.440670227820102    0.131298276824936 
10749.245047465396055   12.327658144045188    0.206717959953377   -0.115218853188493 
-943.002725241813096   24.947046284424829   -0.491172988657278    0.103053615362816 
93017.183814625677769 -2705.191929485523360    6.711413784471372    0.347221729788898 
14144.433884898886390  -47.013665983888302   -7.978707483750727    0.074363876847054 
-16331.636277796582362  337.791393585679543    3.740332147804585   -0.100826168114784 
 676.968670501967608   -3.605023012870504   -0.275776323273782    0.099668078575767 
-45085.343938854435692 1060.151898857400738  -15.485708197659687    0.173764475104863 
-23480.187930385713116  525.554268775864784   -1.521585507503040   -0.007106227404427 
12638.883124038997266 -323.314687500314960    3.935671595412800   -0.028977259769624 
-4556.613649119331967   23.798728648070579   -0.003295326513706    0.096953700383262 
-1199.399164289032797  145.566389341353869   -7.332781780000031    0.103586100382240 
-600.188760606262804   49.243393317785802    2.365129233378314   -0.000624522966358 
 636.477654210006676  -66.926727426416832    1.296904669372306   -0.013240031897338 
 699.563143458120408  -68.635141249861292   -0.306473918355692    0.096610781962738 
48241.433074731772649  -63.146712559238175   -2.552036300370267   -0.066059593767324 
-7758.371255664478667  -55.198281882364014    2.019716490956856    0.185113625232975 
-3428.151624380938301   43.829749196049036   -0.042833346827970   -0.038976855197804 
-1137.315041433063016   53.099138707739371   -1.207638261927628   -0.015566080543840 
-43294.751654385057918  937.639370227121844    3.495186494864095   -0.070774676784951 
8362.132342813187279 -216.148516626234482    0.143320467540229    0.193875200623997 
2572.523758415632528  -27.288503656163883    0.071551372372668   -0.038310761416838 
-2711.469851125635159   29.505124337424704   -0.636419763875970   -0.021753983022581 
 -37.146844903931395 -171.482194911346141   10.037638046588789    0.000485278221938 
 465.399533377974308   -1.928063625516188   -1.718902463772574    0.184544526887728 
-450.282850912801791   38.614208988241643    0.168265050468405   -0.038087763449866 
 552.245347594078112  -39.957098453767529   -0.725672382632519   -0.026725449847004 
6539.134872207527224 -176.044467139056167   -4.189781471468540    0.121462593520575 
-946.971620793437069   55.231013313877583    0.463270904716304    0.142875821500900 
 492.432560397687098  -16.688279033188255    1.065892305751749    0.002622765391491 
-1377.491603758478050   27.868139967595667   -1.220583141146359   -0.085510335997921 
-1843.047996131444052  160.808193296095965   -4.451405242778779    0.030719860704544 
-524.568783717573751    6.449344782062980    1.522391268865043    0.162321024661313 
-409.080354105391280    8.678565556584921    0.928356615040097    0.018497944846013 
1202.551414269016732  -43.091049668522544   -1.481977435271090   -0.105226303188051 
 663.665285179541570  -35.310260451280357    0.000000000000001   -0.007102361792640 
 927.920499384498044  -49.369938797514145   -0.000000000000001    0.201025128823180 
 655.044871299660826  -34.851611993851868   -0.000000000000001    0.044090003580216 
-1595.195640048042378   84.872261332164015    0.000000000000002   -0.158341276759892 
74328.767490621408797 -4309.793964674944618    0.000000000000000   -5.536432731378373 
-53578.865030131026288 3106.655430148606229    0.000000000000000    2.792087144297428 
-20498.662997522089427 1188.570953793542003    0.000000000000000    1.586667388909648 
8346.669242753465369 -483.963691878730231    0.000000000000000   -0.315364446585791 
-114889.983933669180260 8619.587929349889237    0.000000000000000   -7.683036513405909 
85406.504073912859894 -6213.310860297210638    0.000000000000000    4.339436820517125 
31715.056833354770788 -2377.141907587084006    0.000000000000000    2.178665736286267 
-13619.003920831262803  967.927383757460234    0.000000000000000   -0.556415016489136 
54414.618608586395567 -4703.710063487291336  151.369179233134957   -1.439425216430727 
-40113.436610367461981 3690.914602560884305  -97.503820168347474   -0.011606893395076 
-15917.889536560853230 1300.717019562808446  -41.609457033068495    0.458527927911197 
7832.195055764084827 -611.410008330710070   13.781262937528041    0.103258775913561 
4926.527218505082601 -731.521950606251494   19.114498725116313    0.242771071070090 
-12628.613644326011126  762.692000898363744   10.865117334523179   -0.776729446111032 
-579.403874125557991  138.734206559994163   -6.583507538344591   -0.013142214375636 
 881.905526813373854  -39.671146719676642   -2.061396570419629    0.189427735968112 
14408.592388228473283 -223.198027743750401  -13.721816668761896    0.235290022322704 
7652.895684010818513 -540.340773159187393   18.512590109606350   -0.014627881838642 
-3106.768795716271597   78.950745076022997    0.903474917783422   -0.099034225092708 
-618.571688129927679   51.324732750958958   -1.660587081699991    0.107481213286423 
17657.897045740741305  518.846030164751596   -8.646515359702850    0.006848575572003 
-30228.224371776035696 -146.215822219962774    6.726677271578684    0.182651795900630 
9256.949896778638504  -81.048182094700337    0.867468840423202   -0.075975094097797 
 433.733645070466082   19.468224273264013   -0.445305447746759    0.090970260534830 
-61288.549773549246311 1053.488705736250495    7.222442080294007   -0.009414246098946 
49025.877815383450070 -1061.460639540958027   -5.461927314573956    0.204572025517890 
-8435.347315261285985  199.232105395073546    2.060252798013998   -0.065959180319166 
-961.804897633119253   32.600734667064842    0.080206120815981    0.088904910578148 
77162.764210596040357 -1427.477210172675996    2.176079500460400    0.129279842820415 
-40387.191907456035551  923.111230847388242   -7.328726081625417    0.058055450759897 
4655.460644308770497 -142.231500047408105    2.829382646771743   -0.022608606850190 
-3431.688507407309771   -6.333212662390025    0.434643325534605    0.093559891849304 
-939.257421698163739  137.819621474555873   -6.544434675649460    0.102582326919537 
-1049.963447214650387  103.830789320793642   -0.384663934121704    0.038220264676982 
 430.208628232392698  -47.792454596594418    1.544462831779383   -0.008540564183510 
 767.402324357146313  -75.947244803390660   -0.121727529826680    0.095148336406530 
-14216.824615906518375  -25.624989629521533   -0.036595771478173    0.003369749442674 
10332.166147359919705  -78.878299092078308    1.062702878318008    0.160341277570229 
-3106.427262919004534   27.070176574243749    0.342469074331388    0.004205007652597 
-1592.836996376352545   57.592050779866298   -1.186418806009084   -0.017674809693377 
17755.819555126145133 -320.558189374497999   -2.430494442946331   -0.002809800938963 
-7873.399527581196708  135.466247208935783    1.454015403114267    0.167334696829641 
2633.615360319628508  -37.373787333326177    0.271218356204480    0.006840475764867 
-2343.806125292196157   24.548067703094176   -0.618409923901289   -0.023651759980532 
-1074.998318984354910  134.309008675432551   -4.020933429267685   -0.035883298632065 
 451.469466538999427  -66.233886717270906    2.045211803698222    0.184726506220955 
-335.674225923179847   30.093965195393238    0.209053717959111    0.008071115688719 
 503.159306507555641  -35.495374486322227   -0.711892340510671   -0.028601964236589 
-864.249136963077945    2.280703493092457    1.570922819708294   -0.049153804037123 
1505.203956284380183  -10.785661863268544   -1.107897147084400    0.188424294071115 
 562.211602334054987  -11.132610101862106    0.985314025455737    0.044035279837993 
-1317.962217486383906   26.301252821595519   -1.088291161977660   -0.082712823985063 
 559.485082203582465  -42.239653825446396    0.884783190603426   -0.025882418968083 
-1215.711782266859700   66.752417268098696   -0.146885697177007    0.173840972425517 
-626.615424853445802   17.828785812855159    1.100294811501103    0.060518194481867 
1139.620279642811056  -41.591379459198237   -1.350839645679864   -0.100317794344028 
-325.065176347709098   17.295067704759937    0.000000000000000   -0.022674421912111 
1176.794981326821471  -62.611286466743962   -0.000000000000006    0.198361743150939 
 918.134306388575624  -48.849265151884140   -0.000000000000000    0.094013362576981 
-1497.520052072585031   79.675439186777439    0.000000000000002   -0.149702880474879 
131867.941582151106559 -7646.079411132067435    0.000000000000000   -8.794774934245748 
-25705.577221147887030 1490.482693395494607    0.000000000000000    0.715924870030532 
-30409.218278931959503 1763.213219236554551    0.000000000000000    2.025168890700644 
5092.339975972525281 -295.268397895721023    0.000000000000000   -0.084218006520911 
-203939.918253184354398 15292.158822264138507    0.000000000000000  -12.603101530864592 
42322.760098786740855 -2980.965386790990124    0.000000000000000    1.458298127989899 
47681.214854942249076 -3526.426438473110011    0.000000000000000    2.903382604849646 
-8544.539690377472652  590.536795791442273    0.000000000000000   -0.231284029823018 
84700.155660849515698 -8357.877590751264506  268.046270731842355   -1.532651140077863 
-19707.954632147455413 1927.023328753142323  -40.740377955921645   -0.551391349556600 
-23395.563441875226999 2002.959260977062286  -58.889981798602157    0.388153147542237 
5321.964968626881273 -400.336773938093756    7.352226546453766    0.157582031817322 
30021.862153415164357 -2174.889267423928686   11.754044000519404    1.261373216406022 
-10781.165937386587757  488.371269421018496   18.033054356441792   -0.685690294459748 
-3505.626321839635239  295.117115349917071   -2.971236076973969   -0.195944681946984 
 621.780077828727258  -11.841062195418282   -2.677234549038285    0.176122723823856 
-17855.076469504732813  922.795991299160960  -31.310027821296611    0.314351275590172 
13056.117829596472802 -624.040033563093061   13.366908858820633    0.073605876532371 
-518.142106515358932  -66.596855764262131    4.888412288836797   -0.091661975755992 
-859.199510523534627   52.314817656912510   -1.285193919695639    0.095332925320954 
45093.547042559948750    3.257632470836484  -15.412740741758153   -0.041522662592451 
-23606.512979623214051   48.351439091818634    3.484234011690113    0.185220011740131 
2527.607727853735014  -93.281229985718340    2.143832750831801   -0.029991118142702 
1153.024456526258291    8.065950441905045   -0.248655235637362    0.084340684207717 
-52450.824812550672505 1368.592053630507507   -1.567200230729229   -0.150387595757585 
26042.671650302458147 -666.402374889863722   -2.753511534463708    0.201041683230785 
 948.221367949451633  -16.750771408779176    1.033322941884291   -0.015257466725581 
-1369.898169951876298   42.977020477012616    0.266501438465587    0.083838063737557 
38227.983377323391323 -754.621974145510080    6.717320810684881   -0.051212146024310 
-11451.155328482502227  387.807277032634545   -6.512696268952769    0.106535391817552 
-1824.332760183547407   21.633313437594779    1.099204852949470   -0.002034751528009 
-3330.097276573895670  -12.476578612444115    0.678054966630012    0.091893432104162 
-845.646525744324663   20.857518754387179    1.755691157015908   -0.028474936812805 
-1402.184980351463082  155.513147373752219   -2.838826937490254    0.076688637271808 
 123.690074786628600  -15.374462509776198    1.141526472827889    0.005823048560088 
 802.938236871712434  -80.029766596635042    0.052537851199213    0.094878313626434 
14012.972427676930238 -126.297419113340624   -4.360340192467144   -0.021497323742868 
5000.856916395008739  -88.487670203148951    1.048979464013693    0.161604933611232 
-1189.799379949641661    6.149430412340347    0.606429367122851    0.044448284050280 
-1847.467543766671042   59.693300620462885   -1.127076915360110   -0.014637269732887 
-2818.385127742872555  164.406792810944921   -4.096809251051535   -0.053055290221273 
-1214.967194408936848   15.256926193499567    0.542579987009395    0.166281021477530 
1497.569520070867384  -18.533390658021773    0.520792779969937    0.048542440553263 
-2102.946737802092684   21.366914185445935   -0.566535698160948   -0.020187583764419 
-703.524435848709459   92.205622816970589   -1.905516979821781   -0.077805662182554 
  48.345096919877278  -15.868008463984353    0.537361767722842    0.171270269233931 
-273.197405490821723   19.831228297736409    0.531875414386743    0.052570712620580 
 466.154632590063784  -32.506211034286238   -0.661657576937036   -0.024776807683438 
-6392.096507749576631    5.800707312336336    2.106771360727592   -0.049550193881448 
1181.110529923183094   -9.930398053358047   -0.518801089693780    0.169991617557194 
 898.000913110005058  -13.722117591440522    0.781976745858463    0.088837268791531 
-1225.854941973314908   24.745605091259122   -0.979369593086644   -0.074360287933963 
6966.906148917354585 -323.477516255913542   -3.348092844933926   -0.044026507587104 
-1005.904876440488806   50.912547083554898    0.184907999299278    0.164135065312486 
-904.317507191866753   32.536906356812040    1.105047599266387    0.102765199199117 
1043.390599239389758  -38.402274036655172   -1.213869791091470   -0.090087306439193 
-7853.970480429866257  417.869895312696599    0.000000000000004   -0.258855177669346 
1054.895540196400361  -56.125636077457443   -0.000000000000002    0.189858834933897 
1197.095621578978580  -63.691380469909390    0.000000000000003    0.142540934837586 
-1365.000735113334486   72.624759120859878   -0.000000000000001   -0.134896093896320 
91491.752860906752176 -5304.952814497029976    0.000000000000000   -5.227313746103960 
23744.900872158577840 -1376.797085779018971    0.000000000000000   -2.582115730311612 
-30654.302822555611783 1777.423920188613010    0.000000000000000    1.791895033165508 
1147.092620428233431  -66.511702256714472    0.000000000000000    0.162937136117448 
-143426.448155464953743 10609.905628994063591    0.000000000000000   -7.869582000321032 
-34154.709246157093730 2753.594171558038852    0.000000000000000   -3.267864946084305 
48702.221211520918587 -3554.847840377227840    0.000000000000000    2.677186752587843 
-2321.414859804400294  133.023404513428886    0.000000000000000    0.129809271355560 
64572.458702363583143 -6022.643557649767899  177.321693487934965   -0.300241579632618 
12054.603740670916523 -1207.180767778568907   59.776973568518933   -1.126135527085796 
-24352.232303309778217 2092.939581098882627  -56.510407347027460    0.178462287961938 
2255.012738790270760 -136.181106473629200   -0.122061711409650    0.194492226165315 
16676.263876870278182 -1308.947873737417012   -1.076814590316753    1.378875024769944 
 477.032370144110928 -327.212205862955784   22.440820856636563   -0.212675338307489 
-4793.643017744947429  315.261998294675038    2.087998324660827   -0.308240386042888 
  73.757519345496576   28.431547707587420   -2.743915467152114    0.143379347292843 
7808.972715278423493  411.725431535254813  -31.935579211051664    0.471928879027581 
6360.464153532174350 -277.991536825907076    1.625648425834392    0.191487604878686 
1908.930641375724008 -179.350802062887226    6.762481949418675   -0.058525290579610 
-754.838628980010981   36.041921082462608   -0.526436830760437    0.085639237507411 
-26070.911274370111641  813.888366373778240  -10.895831734352042    0.084539220901147 
-6696.432838663224175   49.573051268381903   -2.295543766469200    0.169649013267962 
-1260.260499432071811  -81.040668690693252    2.292419031484416    0.014367509983310 
1188.196991268860074   -2.832349507080465    0.043662005388025    0.083404758172943 
1734.082649186090066   24.517937822178283   -2.434125931556380    0.030673179485387 
6373.612345595963234 -153.180354778423293   -3.341211620987175    0.144646334821691 
5000.256867436753055 -119.198612617315035    0.271482547452931    0.027953535530978 
-946.896771634236757   33.143668298008208    0.349582250524485    0.084778430924377 
-6596.498118753619565   94.713756843767854   -0.825289416115681    0.006552840599297 
2884.338438013743144  104.824036728068975   -3.993700964945936    0.087330837058436 
-2895.184871492136608   83.212227657682661   -0.214094801287868    0.022198527081490 
-3662.399143570542492   -5.186796772362868    0.726814461254678    0.093203679937606 
 613.006114238264445  -39.100495547077195   -0.449239030519094    0.003263467250217 
-1719.302427505583637  163.334716906647174   -2.180442753609285    0.066010535967006 
-266.495851195502325   24.481520525273755    0.514117761440446    0.023660445214940 
 794.838702531454828  -79.480944141325040    0.154301073695461    0.096748839542855 
-11389.629739094147226   67.571587772688758    1.202223954679709   -0.034715719912048 
10255.721576773921697 -135.849202370651710   -0.586148108161497    0.153543437207656 
 717.272931696466912  -21.892678659384742    0.664283286604377    0.083841830402641 
-1890.684990168897457   58.832684928375500   -1.043399229782952   -0.006598144099362 
7150.858622920919515 -168.710425519024113    0.502836624505659   -0.026937245131461 
-2271.861617312537419   76.909473497605347   -0.993723482134933    0.146385287644551 
1061.715918605686056   -7.012590696633765    0.464399843079245    0.087625729193523 
-1940.239068658496763   19.609736842175515   -0.500960368936144   -0.011625261348389 
-408.880286212043416   14.479711965796419   -0.814186831933338   -0.030492966430026 
-215.476566523401516   18.709100092380567   -0.177207099710307    0.142093145915473 
-294.088839191260718   20.186364751285822    0.576894747888308    0.091741139514255 
 431.386277879317106  -30.095156022254535   -0.590498585369238   -0.015681334833035 
4613.044620042161114  -35.737828152823809   -1.684474410365466   -0.067611906839829 
-1215.925660482947023   -7.755132811232613    0.271238170579096    0.151410294851652 
 893.649021790039569  -15.932808949514296    0.751031380969124    0.129012507842637 
-1107.634539296212552   22.886507429214738   -0.885613979066880   -0.060696288033115 
-4104.302987696673881  201.895495419027384    1.168637576879442   -0.083718235788479 
1606.684929403578735  -70.391521512415409   -1.070626817550973    0.147625124967323 
-829.220000571487162   30.102034553204788    0.994332746984927    0.141735222984093 
 928.240885718128084  -34.171444217810446   -1.079388897531882   -0.074763035416427 
4413.929022256482313 -234.842754125940985   -0.000000000000000    0.028585510156894 
-1890.343389964868038  100.575574664807391    0.000000000000003    0.092788143307892 
1092.664640357927738  -58.135138146491045    0.000000000000002    0.177871807117809 
-1214.220825694983660   64.602525637693560    0.000000000000000   -0.114617509264665 
12790.249879707946093 -741.615172688085181    0.000000000000000    1.160644922833252 
58054.308194998768158 -3366.154391215415217    0.000000000000000   -4.542358385100603 
-20429.401689160953538 1184.554985564310073    0.000000000000000    0.901335768738981 
-2134.986326457280029  123.792597335750486    0.000000000000000    0.336368859816658 
-25254.568164503722073 1483.230345376170817    0.000000000000000    0.791264403126362 
-87939.627304456720594 6732.308782430830433    0.000000000000000   -6.218958196204705 
33440.429142694221810 -2369.109971128620145    0.000000000000000    1.491333859801718 
2952.565678110867339 -247.585194671500972    0.000000000000000    0.398026948302096 
16566.957578268662473 -1445.433458166206719    1.461047558305182    1.548851154789683 
36269.275754057438462 -3465.672101897243920  126.272608626494758   -1.238726119448028 
-18311.747366468749533 1508.832972389407587  -33.254209572650780   -0.117145417854790 
-474.545032272413209   94.811165968656297   -5.905515985186351    0.198617735214621 
14056.290793981490424 -236.069620989203457  -39.454713154448264    0.967262544189825 
6730.631323970451376 -818.067658514486084   22.037015385267750    0.304402795981240 
-3892.685055980625748  172.102015247494762    7.647727854898871   -0.296774453833670 
-485.423399204607563   60.170067961919720   -2.134381004181276    0.104219362159181 
-41671.179082771675894 1214.272285263549520   -5.810742218847975   -0.097100511953321 
9288.828921761583842 -123.594500000186713  -10.350193778309983    0.368460934514029 
3865.092275787445942 -229.549056666148999    5.671913780359228    0.011468276844480 
-401.588146574576967   10.083604295164179    0.281899991423974    0.082237306103040 
53240.780653490408440 -931.797920017175784   -0.961588820310747   -0.049823539981576 
-16473.024566551983298  354.781188658548217   -6.381480666851228    0.201351221105892 
-4156.442675083980248  -30.496388699826923    1.207790977319363    0.060742539280041 
 875.112917152982845  -10.598228451774872    0.273065591616340    0.088016578418991 
-20197.435878650790983  680.216995709349249   -3.500696358546378   -0.099708421840581 
7023.893339040744650 -143.986128095105869   -4.254008845320829    0.156148777128711 
6674.945078016339721 -156.344422976506252   -0.677920010835568    0.065552924524778 
-218.890090130512363   15.898285274739919    0.326556985168106    0.090592630401020 
-3598.575138986037928 -137.376995155721886    3.824040720628604   -0.072716916312386 
 410.651643481132851  140.341695544482377   -4.303184495989314    0.089788152283172 
-2483.311111305278246  113.857944191751528   -1.251205483904775    0.044338400749191 
-3992.113249801283018    7.037595065059008    0.636039140125564    0.097355838668626 
2695.323434487023405 -210.376431102909464    1.472572617734332   -0.054253082530622 
-1489.425134666243139  148.672031076493681   -2.348907390053935    0.067234336185837 
-667.586796466979195   63.482364023166298   -0.052051006517458    0.040316054234046 
 735.859898269113842  -73.945017279364848    0.183618955868889    0.100744183778680 
-30976.187512434611563  258.649504037380552    4.272647602611993   -0.150639290057450 
5984.610424613649229 -110.509856955894477   -0.135314125156630    0.140525042240638 
2747.314431869905093  -52.687561075202865    0.574100507439614    0.120600390333677 
-1663.025594653915050   54.105432066279491   -0.967174289485944    0.006213396766885 
5876.012710377985059 -383.962777239620095    3.406091119136268   -0.118968082915890 
 409.710366282880386   13.643063927970786   -0.805159747945346    0.136283820720254 
 828.947012226980405    4.306476481563152    0.239539439319215    0.122959367739124 
-1829.055895855402014   19.605360978654531   -0.457455215177359    0.001562613113351 
3817.810499090202939 -233.431542734943775   -1.866028697634738   -0.114222000259113 
-368.806673852926679   24.138992079555422   -0.482527161685339    0.130658283504213 
-367.124244238301458   25.542376272777688    0.494427965213856    0.125835068191716 
 390.459757319473511  -27.251250051967173   -0.522745811472293   -0.002053043563883 
-5038.512647151403144  235.461329747361560   -1.782931098194210   -0.319892529728957 
 513.966072032821558  -21.156818368541373   -0.360439733307927    0.126055829786717 
 805.904073233779854  -19.546802846986068    0.739881185628018    0.163695773422433 
-1005.917397243983487   20.703931914738966   -0.790786949113186   -0.042335993201275 
 -36.475614901328299  -24.089271822681667    1.846562274912343   -0.306591596884256 
  67.571309017364001    5.319289269717885   -0.632387726221189    0.116230786546644 
-619.937970768874038   21.968005522867799    0.781455929013408    0.174717211923339 
 841.676620895777887  -31.114230282801060   -0.969543352915657   -0.054903002145075 
 525.715192731392222  -27.970636393191246    0.000000000000003   -0.273028993654329 
-235.120006618724972   12.509541867581570    0.000000000000000    0.103507709616726 
 826.981715784985113  -43.999498579942724    0.000000000000000    0.202408788733387 
-1098.553405996848142   58.448449469367546   -0.000000000000001   -0.090877887561228 
-51108.971593573231075 2963.443963234262355    0.000000000000000    5.629021002921579 
62850.651899889286142 -3644.260080973449476    0.000000000000000   -4.107116539038133 
-5316.281677299954026  308.253176540702270    0.000000000000000   -0.179848596778361 
-3756.582015259239142  217.817341034391973    0.000000000000000    0.380328365756742 
72572.498293686556281 -5926.887926468524711    0.000000000000000    7.105040522983515 
-97410.090366145639564 7288.520161946898952    0.000000000000000   -5.922234045032319 
10271.714433868934066 -616.506353081404541    0.000000000000000   -0.026315170352910 
5709.237315869211670 -435.634682068783945    0.000000000000000    0.488817897248968 
-18461.132814789278200 2489.033007158625878 -132.891089886916831    2.440689378768330 
42481.884845908221905 -4007.709648709574140  126.820501460859219   -0.657906936401895 
-8467.852291473045625  574.660253563555557   -1.617570811731535   -0.354224549836031 
-2164.448680403803337  226.441048702206899   -8.086429063466403    0.167644562278096 
-10398.460728787591506 1141.397129294497518  -44.552381151340313    0.414823178418627 
12001.740371713516652 -906.593766385436766    7.241497952349607    0.667126250052426 
-1551.138594020131677  -43.480662864995651   11.307542022101044   -0.175333323079461 
-839.389223808152678   68.439439225073187   -0.911146643553891    0.073768033773800 
9207.602674427516831   68.473726063427080   -2.940492960780439   -0.190372603151637 
-6337.863234277804622  331.757606973645352  -12.529222110377971    0.332048242531533 
4233.962986722922324 -203.528668294466797    2.811986794273233    0.099031923975175 
 145.297318155340690  -18.169566293451979    0.817818330286597    0.089238393372973 
-30358.264222272810002  542.666254247051256    7.550765281077216   -0.174091430984725 
3492.268178506821641    5.356968652107980   -6.742076474467732    0.182667393612802 
-5779.037223589606583   14.520880964005130   -0.432653665345510    0.108744866119878 
 202.152473628964799  -10.686738778996983    0.322450725197040    0.098658197057249 
4723.628932852376238 -376.515886608022072    9.227655737353183   -0.073817661353911 
-550.145115453233416  111.095245295897882   -5.566769979775710    0.118758118938493 
7484.163605964769886 -160.455783326407015   -1.905517363972637    0.099916286533179 
 685.778261093554647   -4.566002029064691    0.168510798030236    0.101031827597846 
8342.178035397409985 -185.302969593207450    1.646830073069291   -0.006253352848854 
-938.814033638651836   88.825322361087231   -2.869169225753601    0.062519308666027 
-2549.331410074965788  142.503821429947664   -2.147749699122638    0.063376833367841 
-4303.139173853389366   23.194362638247014    0.419870026420111    0.104159053414527 
 -97.804150747411029  -16.076465314456375    0.285125825151787   -0.001011115088076 
-478.678846733613682   69.780869412902859   -1.796692658403569    0.046889430236854 
-913.599794141961183   90.788976584340844   -0.570251012574645    0.054581525036882 
 634.403584564564085  -64.097612757896712    0.143287020478626    0.106728264009022 
3791.131595052665944  -33.095826582183520   -2.567108269739840   -0.057650399561845 
-5631.459892549170036  -13.516292941877289    1.466928725822843    0.084035308469094 
2791.458248377941345  -68.190829812424298    0.740552332522893    0.148670434172394 
-1286.602119020812097   46.297945229516301   -0.889180994412713    0.023189931980211 
5218.882686511187785   45.552577839443870   -2.480968323913017   -0.075731243922319 
2613.215132674531560 -130.342977536883893    0.472124421730748    0.091670789626795 
1206.812699596663151  -10.281012719551313    0.197910023542391    0.151453694032505 
-1707.559207528903016   19.606916113428319   -0.433440884607040    0.018829609242550 
-2741.434962028066820  179.249506736160896   -0.561314244505053   -0.090345594972899 
1062.872263305890101  -63.397836446048046   -1.182287923298345    0.087825033407046 
-280.366045556679865   20.635020726966076    0.286326079590892    0.153145482805624 
 346.263283641769362  -24.137202248531089   -0.472126390021962    0.015494785795579 
5214.948968246234472 -157.445914467977929    0.331304619238761   -0.001003097396118 
-1375.476170648969628   67.141180286718509   -1.029038895130744    0.006096131138358 
 698.215310906761260  -13.798757607213830    0.566196357073184    0.180214768538067 
-906.989513228215856   18.389891681520059   -0.707415959043781   -0.020529189280180 
-1967.266452365905252  111.193510825641525   -0.462900604281979   -0.015334181480159 
  53.892953429399967   -3.714187663789219    0.060073126870915    0.001258937715049 
-604.754937963031807   22.168643223608967    0.709916604094627    0.189403427456051 
 765.168934817710578  -28.332165056631901   -0.878135853067999   -0.031846056327531 
1844.622716331089123  -98.143009740788600    0.000000000000001    0.020351269866062 
 -37.976809344492935    2.020553220136999    0.000000000000000    0.001121836996352 
 792.844613789588607  -42.183236693978159   -0.000000000000004    0.215487482060021 
-997.827654141338826   53.089343589350200   -0.000000000000000   -0.064492740760024 
-100620.842575215327088 5834.283477199969639    0.000000000000000    7.962950098746886 
43684.787552299290837 -2532.968594760598535    0.000000000000000   -1.996233662942541 
8000.648254223618096 -463.900407926053674    0.000000000000000   -0.942767372025945 
-3538.897999129660093  205.195400827461413    0.000000000000000    0.304667776883308 
153209.308237343298970 -11668.566954399939277    0.000000000000000   10.868865110051331 
-70195.403506013157312 5065.937189521198889    0.000000000000000   -3.257843848913499 
-10678.972300150924639  927.800815852107803    0.000000000000000   -1.173824907096137 
5612.912118861660019 -410.390801654922939    0.000000000000000    0.406870626272677 
-65744.062960158596979 6098.458499281641707 -215.313851445944493    2.282699243533416 
35558.960040362238942 -3074.322271025087957   76.986342753265362    0.257351580636229 
1287.253319310763118 -310.593736403277319   23.858284715034038   -0.404293969306739 
-2595.207666149502984  240.514509728670930   -6.566607989542304    0.117853669110219 
-9276.473360938489350 1299.237406484409576  -35.306833166756064   -0.292865235120276 
8102.317598418140733 -478.569842899999287   -9.465644979402999    0.822684941959411 
 961.868652246327201 -216.626114025675292   11.029523643719369    0.010893075922018 
-866.063848363558691   51.068120035329592    0.528428145277991    0.063085417566285 
-31272.102419628772623  342.081763164404549   21.144142133614992   -0.347711581338697 
-2885.012231367431013  357.435254247428531  -13.631906970670657    0.260658516349670 
3081.103553517262299 -117.379560641832398   -0.458154340857844    0.173120268835325 
 593.497177433606339  -38.293199475079518    0.967804433782071    0.106433816168894 
74093.800166583867394 -1268.434875348449168    5.241713825563513   -0.042130463188726 
-7892.080904845384794  208.856813994752940   -3.910539494063816    0.117383106993529 
-6329.013814381944030   41.297603794862653   -1.764230661411949    0.146251178695670 
-524.953973839696118   -7.728030995480879    0.177771660554897    0.114765461021292 
-46106.321115714279586  974.964067442283749    2.279828131499924   -0.042260185585519 
1221.215734366250445  -30.098212182106749   -2.106399078268262    0.091076495930776 
7568.047433328923034 -150.331154187183643   -2.864663496228135    0.126145613391838 
1621.928532169667051  -23.622494328148377   -0.138636888288320    0.115232783903076 
32630.533729814414983 -891.423889503737996    3.407066062240608    0.052743281628503 
2189.502729635512424   19.336708763631702   -2.251607948352598    0.060174301347707 
-2392.995323075379019  156.024075320537975   -2.787846845885915    0.078713534619558 
-4620.181252912972923   42.033316116395810    0.109787009863845    0.113045808203631 
2713.254657228457290 -229.492301324283233   -4.172438465169981    0.045111345177302 
-515.355403263892867   63.752194919981790   -1.689770473971649    0.046510262078825 
-1037.854075391649076  107.480609625951388   -1.006058904121547    0.066256486576342 
 512.533229584677770  -51.690063946594812    0.044489207496490    0.114281627151926 
15814.195797156331537  242.653930403386028   -3.408999427538085   -0.439530370007535 
-4209.785544404526263  -25.927227910196045    0.504263124670412    0.062416408633403 
1561.302568758732377  -73.121269918933422    0.986951313834551    0.166976898810206 
-1018.256844898061900   37.498259139453097   -0.778705074845706    0.042974189509945 
-27002.573417895095190  570.725176540195434    2.215615751957908   -0.446271234258561 
4570.296140116326569 -113.260760847094531   -0.458238699736639    0.063271573155925 
2104.751608695516552  -40.731480017548620    0.199645738791655    0.170821489380345 
-1505.683003384187941   16.374150378063277   -0.406170828832341    0.039045764498746 
 626.383478266958036 -121.024639490654749    6.055746825870481   -0.402548341420552 
  34.834152545355266    3.820728580012776   -1.392780764987759    0.053945435292208 
-143.152743575272893   13.187882243711641   -0.035557506444870    0.170866791393030 
 322.470541901127831  -22.198319159285763   -0.455905195758436    0.035833781053085 
-1356.691353054658975  -44.093961954395951   -0.704055714554282   -0.314491105563268 
 580.129692443403087    8.098962361226064   -0.904799662916238    0.005719969614813 
 598.797001131059915   -4.393739776220656    0.324466537317315    0.181691781132214 
-831.018967327655218   17.406616370903038   -0.652073067811600    0.002090949661513 
3048.003478178054138 -113.981661259724603   -3.418390014643190   -0.346450230861102 
-683.831966207827918   37.983378895827407   -0.113514599734851   -0.004491380340012 
-683.497314560332597   26.452292127613561    0.703236419986639    0.188999372127930 
 686.574327679888938  -25.401944010096152   -0.789361737691550   -0.008180906566930 
-3953.692774631339034  210.355919970727825   -0.000000000000007   -0.475084408424522 
 653.756709279672577  -34.783075432659096    0.000000000000000    0.008753563196124 
 869.817101281483588  -46.278551970543319   -0.000000000000002    0.216721907084081 
-895.712686320814328   47.656324580767610    0.000000000000000   -0.037499528225497 
-67575.675935148698045 3918.230452844266438    0.000000000000000    4.325025839193042 
5951.971586593610482 -345.112290810614695    0.000000000000000    0.989872624087538 
14205.243146585222348 -823.660518622455129    0.000000000000000   -1.068562501882819 
-2052.767245001750325  119.025300459976592    0.000000000000000    0.171183341308203 
105859.609426770068239 -7836.460905688534694    0.000000000000000    6.276601338595214 
-12741.912917009572993  690.224581621229390    0.000000000000000    0.817980567355743 
-21046.136853028750920 1647.321037244910258    0.000000000000000   -1.478807817290856 
3480.474331712400271 -238.050600919953297    0.000000000000000    0.230466954914455 
-50719.271829054960108 4439.623340371562335 -131.305554428226912    0.681567984298136 
10904.936430302819645 -787.400333794476865   -3.756351538963708    1.113363796961258 
7095.240378143887938 -793.309062005722126   33.012033616821732   -0.232954547107053 
-2007.098623574057910  165.565058949903744   -2.801945660748638    0.075796438354344 
-13724.657414730379969  737.190174340628005   -5.338932274372633   -0.615546093112341 
4623.640088066221324    8.644184531653401  -22.705707416936541    0.712860478789306 
2552.613363056872004 -275.366821321718419    7.008104594176929    0.202836253515608 
-637.349666390567336   19.049775046347548    1.690259239410919    0.076729501862309 
35143.923277071080520 -678.933473732232642   -3.335271056043464   -0.485520474036445 
-14612.050638728214835  485.715915434081126   -5.702853670565052    0.130266673347657 
 893.970694755305885  -11.985664431643812   -2.874999421012306    0.221985917547491 
 872.478480469811075  -46.712590264011993    0.738833747362829    0.131467514908971 
-59263.559674122756405 1130.982355425958531    4.424917621814640   -0.565063382793458 
19893.094157623560022 -266.806264260914304   -1.944896809477479    0.101584183297755 
-4828.887157784674855   34.053922511592361   -2.496160199354614    0.173622089982080 
-1294.680011325290252   -1.779854668369921   -0.093621629400790    0.134798683344109 
35760.598158705492096 -663.389195500424648    9.144151881967211   -0.466127070863119 
-16068.654684026678297  335.513313108750651   -1.251463528955749    0.075228926336205 
5712.117564621373276 -112.154266571353105   -3.284396322131140    0.146933791175210 
2496.964548756128352  -40.979946472668530   -0.525179521595444    0.132341516401002 
-48810.420363074503257  784.202981049226992   10.774336123700131   -0.375670765436195 
14425.952878316020360 -314.947249800272004   -0.973958175012342    0.079953031958395 
-316.063372081450325  119.072757690958099   -3.191042611306536    0.096229451282820 
-4821.363176955797826   60.097399321707741   -0.267220794162090    0.123928237711564 
 970.764934491533381 -205.948125217107616   14.684428005359070   -0.282050711330117 
 502.115093196775092  -22.307418076624394   -3.254434898410376    0.063427016520313 
-1039.509114150038840  112.661206731371081   -1.624084575669301    0.079998646401234 
 380.048367487122619  -37.707086848750158   -0.115820113051796    0.123378518915000 
-9727.737839746616373  -37.020743302384943    0.591041993471984    0.066247407297498 
1720.537879529030761   65.067995991073161   -0.774111660656385   -0.102407480119423 
1250.146610649313516  -68.228673908823751    0.953220246836304    0.161978014874454 
-857.984821768224720   28.426920921308714   -0.654115251300322    0.063963100492197 
12981.786059293663129 -238.826204428123106   -1.316473107638521    0.065347537836616 
-5555.668891594170418  100.761180355476824    0.372617207247545   -0.104080139691036 
1981.580014760763333  -42.293927579000410    0.188943052230521    0.165720418563456 
-1223.917576314758435   10.627713598063934   -0.384047716651226    0.060515445497439 
-789.445227946592013   93.740176534549704   -2.555407283168048    0.044774172336662 
 269.727956895426928  -41.563511228980431    0.878124294713645   -0.097010192740499 
-105.082479895170877    8.470034412590451   -0.099889565229132    0.165483696711994 
 306.344137818730076  -20.726511243764300   -0.470284452997701    0.057248800174318 
 178.125321834208989   -3.217291806934888    1.150515736970575    0.043100271008492 
  71.370435048006584   -8.436273371674616   -1.168820555874113   -0.112214194971413 
 680.234517067473917   -4.435903652526477    0.065264009968524    0.168380002962639 
-749.754603540779499   16.897824166327432   -0.627027354197491    0.024277556387718 
-429.288033540557990    5.958537981458079    1.197585983256538    0.062809119199182 
 459.169338108888041   -4.759744076566307   -1.395410855226053   -0.134410216912926 
-711.580143072693318   30.605246480020838    0.514620738116526    0.171636672471313 
 596.405420681166561  -21.724537631045052   -0.709907393811428    0.014697176524098 
 746.583837112329775  -39.721935629073776    0.000000000000001    0.093626841308062 
-828.878081207028458   44.100394556361067    0.000000000000000   -0.169403089963071 
 847.926929790557551  -45.113887080080218   -0.000000000000002    0.196640716238213 
-784.492656278586196   41.738871437007226    0.000000000000000   -0.011200414650251 
-18738.489039468629926 1086.511046744040868    0.000000000000000   -0.038884684564443 
-19388.906889087145828 1124.224129005985105    0.000000000000000    2.611757313784928 
12525.626233773527929 -726.271538848033742    0.000000000000000   -0.618358759648761 
-316.096037698909299   18.328149941465327    0.000000000000000    0.061527104416392 
32844.902540526083612 -2173.022093488081737    0.000000000000000    0.502280099940833 
26955.440618029188045 -2248.448258011970211    0.000000000000000    3.171706069328947 
-19269.445890401293582 1452.543077696067485    0.000000000000000   -0.980096987705269 
 857.371885417192289  -36.656299882930668    0.000000000000000    0.070655911107476 
-23458.946812875205069 1635.860187719044461  -20.764119713844757   -0.847596778276623 
-8114.790505592774025  877.458418844857647  -52.995934449548784    1.368951791073059 
7444.008618732643299 -782.051801374424372   25.917997868257668    0.077334901397237 
-1048.865022373712463   62.769435320312979    1.009409387565140    0.065404616762814 
1270.534863298505343  -76.608851917070439   17.176907773752433   -0.722251723146728 
-523.106442457665025  285.090499909388768  -24.707807019826291    0.482030693872179 
3065.180068757940717 -238.649985766588145    1.081415289581577    0.352197650098293 
-272.834591145568538  -13.796187676301145    2.201068033195019    0.112020240069733 
-11112.688126087115961   54.486184647336259   16.416028252745363   -0.170405603587324 
-1433.079409826536903  231.115862784494254   -6.953580316581355   -0.051803504416011 
-1111.670561314041151   77.618307845678117   -4.457053669405605    0.231793813663947 
 824.552001234623276  -41.947529080193220    0.283837529852375    0.160302889197612 
-7198.459469516454192 -517.818449224478627    8.462141097475284    0.071241746133924 
-2330.740720172549118  157.312119023821481   -0.285552701296968   -0.110314585249792 
-2633.592978103280984   20.367154356955609   -2.774966388201422    0.172530789738076 
-1703.210449824029638    0.516987679443616   -0.427388249738096    0.156985058036378 
36844.675567740458064 -735.772128578588877   -4.189856643284717    0.096501144704919 
-2658.430374512118306   86.742364796090612    2.177593426781979   -0.099568725237464 
3371.231932304031034  -59.372306833247990   -3.168630084902865    0.143891316312553 
3029.751433174605154  -51.052516299225431   -0.937423507857303    0.150973287836627 
-45789.322547367359221  755.703597377274605   -3.920914103303769   -0.003478681240536 
-3877.954757836844692  -20.871131906813005    3.066417871375201   -0.060923505080178 
1002.436392978440381   77.095459977572673   -2.929485149261178    0.098608142142597 
-4730.798437013927469   71.592089702310005   -0.660275591818373    0.136472453282524 
1973.054393083583136 -173.162575833572845    0.018160330915296   -0.009595229158435 
 866.151943631099812  -99.537965033039427    2.252225603599264   -0.042342000228481 
-868.475734546554236   97.430533842663039   -1.749360737520689    0.082634273437713 
 259.851301812246106  -24.375231846840684   -0.341000706850154    0.133818516552718 
-13644.080763015495904  170.177919024259239   -0.154964402236722   -0.206095010440349 
-1927.363810376269612   51.185217252679102   -0.552470913104365   -0.077564702382861 
1224.293369293431169  -53.697022253354731    0.787397425116207    0.139481492061668 
-693.832579037669348   20.842717980803805   -0.545903836250040    0.082739624942016 
4102.613206476689811 -112.873501087701243    0.241302598263567   -0.203540622850044 
-687.499119358687039   11.201353694924308   -0.121060208116917   -0.079574813002304 
1201.184013391623921  -28.298610822699800    0.220387677121851    0.142763549476788 
-1037.672350003762404    6.448908663219498   -0.357178927797525    0.079731877545036 
 880.325178203049859   -7.773076513160447   -0.788935601241265   -0.207156142543621 
 -26.314003584585976   -6.410945028521439   -0.080153436474420   -0.080219878114251 
 -74.655735731311438    2.473227380402420   -0.000143207949225    0.143329937855150 
 295.881441947491453  -20.134100522849273   -0.474040986396379    0.076505927557092 
-3131.249347832060266  100.346014684396920    3.000914707252036   -0.192079360494851 
 138.167430735917151   -9.642757799277376   -0.737377154510167   -0.096051593343228 
 706.426750290454947   -6.695782548895238   -0.173010703829509    0.142346779423309 
-663.262224840512772   16.205235665268788   -0.634885073088188    0.043655890178433 
 171.379642070285172  -60.955089194958958    3.677300717910998   -0.126816639333866 
 298.186325531145940   -2.525292333517513   -0.946316111504873   -0.110856797213233 
-616.910685117684352   29.694616928760155    0.221904867275163    0.140978295705543 
 513.793970514522584  -17.961615052743767   -0.665044061036221    0.034174275004683 
 802.907050140178171  -42.718607846045650   -0.000000000000001   -0.065423744048207 
-548.909142289876058   29.204668695456920   -0.000000000000002   -0.134293024472548 
 675.703526853437324  -35.950754173602675    0.000000000000004    0.158678701933761 
-689.994838516766549   36.711122311414826    0.000000000000000    0.010915616523282 
4866.041373863999070 -282.146959420304938    0.000000000000000   -1.725419478642841 
-26415.840278887837485 1531.665771534997930    0.000000000000000    2.597175557073261 
6800.032837776654560 -394.285301280410636    0.000000000000000    0.032757849208513 
 910.056959975583254  -52.767698510648422    0.000000000000000    0.024965020838646 
-4652.105920146099379  564.293918840609876    0.000000000000000   -1.865950031876579 
39272.279070726377540 -3063.331543069995860    0.000000000000000    3.360061106806758 
-10990.980929306839244  788.570602560821499    0.000000000000000   -0.163626090688306 
-1065.979890951798097  105.535397021296845    0.000000000000000   -0.001317289202221 
-2583.577641781647799   24.809175730775564   22.771918574464372   -1.291470970588973 
-16911.895560420838592 1490.905989239494147  -60.782479342240599    1.051102999219326 
4315.672860480925010 -486.006250363879758   11.695696144284000    0.379841750183785 
-290.975802175916442  -18.081712627900401    3.380542724007045    0.094805888715414 
-1380.958589943704283 -163.788239078098542   19.390161995786045   -0.759898168039184 
 -46.655868720801436  256.362180440492352  -18.266466604669169    0.211186297692153 
2993.959779860642357 -170.968400722853573   -4.290368913480350    0.438849774043835 
 104.620892690652454  -39.322523499940985    1.983734107703540    0.162166028027001 
7541.113849526358536 -306.276904341955174    3.222900751619495   -0.342932951074569 
-5600.337457109113529  251.548182027242547   -0.797569721801808   -0.115705605761258 
-1990.847669681003936  137.951313447145480   -5.425947424203506    0.210855174891789 
 641.496846295563955  -28.527636914086401   -0.349881316088766    0.188134862704599 
46937.046170457804692   82.091270097087204   -0.625627341376008   -0.339714711324583 
-5030.163021241280148  -36.869799435356157    2.887750210256284   -0.083598930449570 
-3553.705945780002367   35.422444305513523   -2.449691699581513    0.148291600275656 
-2082.886886991036590    4.509519675168747   -0.762193189890032    0.176966885394527 
-83879.087675439048326 1503.242830953513703   15.374527589584991   -0.289413868868155 
11158.322963390464793 -189.172183420880117    0.606397185550252   -0.063380795973120 
4433.718505913830086  -72.176034161346422   -2.820631258361341    0.123522626161230 
3481.579707079099535  -58.555760142072359   -1.307660684933107    0.167592419842113 
98703.936565878684632 -1892.190057395110898   10.126321546453537   -0.014332877674187 
-21048.950713099431596  262.517717109661760    1.596075082636289   -0.062228010545379 
-2113.426790888611777  107.301283127929054   -2.346673530009741    0.083214202689403 
-4755.519201583141694   82.378894352090128   -0.986206491593798    0.147839746984173 
-1040.099763831573910  110.083458312651516   -1.924075393656502   -0.001859909325514 
1606.047341037442720 -164.473930970628970    2.259035727692481   -0.045940211162894 
-559.450823962986533   64.429046842204485   -1.185453071109218    0.071598997013792 
 168.679080974654141  -14.089903976073998   -0.524444304587682    0.143467466296912 
7051.821058028570405  -70.909204062631545    0.348223482481422    0.053930236048675 
-7043.894096507159702  115.001936886776377   -0.610582563943137   -0.154850331297992 
 102.886130933016830  -32.923627985922820    0.642015740485270    0.110429612851561 
-597.559562653386820   15.262737966801836   -0.456414180975889    0.098560333657726 
-3806.043625848416013   75.383389738262650    0.379163019103657    0.055279293778115 
 850.980833070182598  -31.126209212965250   -0.030571733768090   -0.155902546571071 
1221.619227605547621  -30.789217762454655    0.201433684386226    0.113328879530116 
-890.253605650889767    2.866147405053368   -0.331050739771887    0.095936424497469 
 146.532989058809278  -22.119538491578041    0.833999412296840    0.061644059008250 
 303.807938241536590   -9.325848720955179   -0.376004286939906   -0.157903431568109 
 -39.968993899190423    0.506128161717683   -0.057162923376014    0.113564524144856 
 287.857703788746335  -19.940299906434369   -0.476852174681119    0.092764132352545 
-477.092357058163429   -4.122764118000184   -0.240336139811477    0.068768948987225 
-1036.051074701057132   27.986997707370278    0.387965860709342   -0.168081353528797 
 594.191294794805799   -4.402752560383469   -0.216687115554612    0.109330161064306 
-578.915736331441849   15.413583065973636   -0.662171767568496    0.059573276459392 
 752.410061823246224  -28.699383638628923   -0.803928929432986    0.061011076702510 
 362.453691307478948  -25.383450781625811    0.432671657711749   -0.158413036963433 
-534.330683012852660   26.206024039367051    0.157699310551021    0.107319566433460 
 441.674022074654772  -14.408298537943864   -0.644909913904420    0.049816735762720 
-965.407941929858112   51.364455294743571    0.000000000000002    0.029965134775114 
-247.818998487286137   13.185190753188564   -0.000000000000002   -0.158826928490625 
 576.112509256288376  -30.652021742521789    0.000000000000003    0.122038707813364 
-612.540425176061490   32.590166207131709    0.000000000000001    0.028524345007525 
20044.109935144340852 -1162.214670607394282    0.000000000000000   -2.213095773673271 
-24591.074763688797248 1425.860661752380793    0.000000000000000    1.950143252582194 
 424.168457454569420  -24.594497119488040    0.000000000000000    0.601172700415445 
1356.817547398370607  -78.672151770583199    0.000000000000000    0.066270660149756 
-32018.141627231401799 2324.429341214789474    0.000000000000000   -2.791966696019529 
37527.739350671545253 -2851.721323504762495    0.000000000000000    2.660329844853037 
-1390.978626632094574   49.188994238976079    0.000000000000000    0.588922778269169 
-1835.309291010338484  157.344303541166397    0.000000000000000    0.027085970599587 
25665.359398212491215 -1388.577027754288565   36.175591125271623   -1.168099525624802 
-17880.737176088954584 1500.209430138532753  -52.243009876816373    0.566801385248461 
 -33.406231582797545 -112.116822941626310   -2.432490008098135    0.582079798242258 
 -20.811112828981550  -55.488632420169097    3.937254905785787    0.156187187611758 
-9372.561802453639757  484.956925460122591   14.187939518191351   -0.740238116395366 
-564.515339949651434  194.941590786203363  -10.995155856249413   -0.073775515322540 
2917.563378776828813 -114.555429319516335   -7.948071721095175    0.456026121840037 
 475.439682478486020  -57.007813425364418    1.199895862968560    0.218837859574469 
2349.700940798774354 -482.113217743138193   14.285745037715808   -0.059919252864324 
-2772.419763536783648  136.694342899011389    0.411018060055491   -0.244305462414221 
-3037.442322261736990  186.481629062926999   -5.474266381921794    0.165853791369854 
 319.864352805467206   -7.951479467810458   -1.034292042986850    0.212014068555986 
4998.758961939425717 -361.103366537532963   -0.189503227029390    0.055130228755915 
12571.229292680496656   -6.085573148949322    2.653139957240290   -0.210991947196289 
-2611.072661850113946   30.053022732475455   -1.757080428644441    0.111467740569923 
-2514.022509118763992    8.521569109088830   -1.024505483703592    0.193533596845154 
8765.100839068596542 -209.751829090838555   -5.950920689219245    0.021574321393462 
-20296.334914899322030  374.543878186689881    6.371845031644646   -0.171910996798678 
3291.467011975232253  -49.004572315620464   -1.948350981211981    0.094111152064755 
4046.316973505205169  -67.597558623985833   -1.620736262005645    0.181477161712553 
4336.307872700233929  145.060228162618671   -6.823827931771113   -0.075379659185484 
15965.025499105249764 -447.053554413508323    5.393445662556373   -0.067602839673199 
-2748.917442637898603   84.234303464948539   -1.472983436860659    0.066985346412081 
-5155.806279231168446   96.197710367069760   -1.234824037908406    0.157241215753869 
-2202.083418497782986  233.025052176174938   -4.267259369800128   -0.113548315379388 
1216.009929600602163 -123.192634103384535    1.537507455071278   -0.046637677159961 
-206.693665133230922   28.470726207952801   -0.710885173263747    0.060026760973435 
 121.810772831757390   -8.391171537697616   -0.641086464984374    0.151695892488814 
10887.728930024071815 -150.169862913641140    0.538747969659379   -0.006803337362523 
-4399.461199746416241   88.410985363289583   -0.479998758012608   -0.134626492779739 
-1327.533281098680163   -7.497012704664606    0.505693075240802    0.074245009841845 
-680.986553540718887   12.805695193232523   -0.385022441987619    0.110049831329922 
-825.597212850292181   75.700035466841342    0.023780080398394   -0.006658504288047 
-576.285526622994439   -2.857438061115943    0.111614398395781   -0.135172811404278 
1255.956140911446710  -35.037173671714868    0.211564017464688    0.076944459783198 
-731.688305640211183   -1.321618651123515   -0.305608659792048    0.107774524519221 
-901.930133699189355   54.549950574329223    1.136024735597188   -0.001449496211133 
 358.757809138592052  -17.620675655297106   -0.063254507328587   -0.134786909440015 
  42.851724523325572   -2.862187385313845   -0.112070272659575    0.076978231518840 
 287.894775830626884  -20.065952496100934   -0.488243701984414    0.104612855305151 
3167.470422001221323  -56.222601198301511    1.067547968968728    0.074599224931490 
-1214.960708597881876   26.440961163120335    0.297839808280043   -0.142292997658588 
 312.814821882440810    2.400742298427836   -0.130961406930939    0.070533367165883 
-521.761943534173952   15.292483561435397   -0.683665096962308    0.070747589797034 
-2523.643909682391495  106.944371092724168    1.938497182935516    0.092389576417202 
 644.607464491209157  -36.145719646112269    0.131198309174375   -0.135533883199992 
-408.448038538018636   18.514877735899859    0.228183056411787    0.070576201413032 
 382.015576526725908  -11.585215435155085   -0.620007179124095    0.060875640123534 
3037.241288059008639 -161.596189117730603    0.000000000000001    0.183078026663885 
-609.846976710997296   32.446861488718156   -0.000000000000000   -0.147590002949958 
 468.904262356506365  -24.948015212283593    0.000000000000000    0.083736591383291 
-546.284095756970260   29.065003296582574    0.000000000000000    0.041356038380387 
6232.002056998813714 -361.349256282021315    0.000000000000000   -1.228001933133686 
-17074.533538009829499  990.030160274617629    0.000000000000000    1.120232337454726 
-4784.032580257736299  277.391855633885484    0.000000000000000    0.984969649170059 
1064.751713614633445  -61.737341599168346    0.000000000000000    0.167565783340328 
-10499.118718931664262  722.698512564042630    0.000000000000000   -1.407981228321717 
25520.936240460017871 -1980.060320549234802    0.000000000000000    1.613342333845727 
6490.105822259319211 -554.783711267770968    0.000000000000000    1.123131800606513 
-1485.346124850794240  123.474683198336663    0.000000000000000    0.136815911755899 
15785.050587505185831 -494.839192335122505    8.807955576028643   -0.934531440319341 
-8256.227401759419081  979.493044730686051  -38.677163204839793    0.128764063139161 
-3300.526803813826064  197.845986417024761  -13.797511643305121    0.669025479290711 
-254.245755078587990  -48.774527449290417    2.887552076864810    0.235521989650561 
-13178.147734162081179  657.446570355494146   12.764656370505660   -0.785778892826483 
-4079.226015869781804  376.800437833750152   -5.674678536927637   -0.351364808970804 
2337.095709299402643  -43.087675742022206  -10.031801020242309    0.402883581303369 
 813.008767868459699  -67.334098239230173    0.062298406949234    0.273242604806474 
20147.401433226874360 -702.287671470849546   11.222406734777582   -0.105200405375669 
-1891.281910737261569  -44.098113754665974    5.768172449198949   -0.266775182238343 
-3620.405031545994007  198.056157705970236   -4.701867568264992    0.101968710788283 
 -98.545736632515400   16.552945894447902   -1.684251337761919    0.228811489836245 
-38846.870104555790022  335.305669571770011    4.922535876907709   -0.017585070267391 
14445.763903407883845 -141.499335600525740    2.582076247104263   -0.190318111412822 
 766.051487660927705   11.604909138791157   -1.102678403101371    0.061303983243784 
-2634.217933054347668   11.477829857427366   -1.203055348942559    0.204277991469491 
39583.628406448777241 -840.892974948468691   -0.180158382802829    0.026314482106084 
-17009.422100248637435  295.886942277626645    4.140249773187423   -0.163820626276130 
-1371.752614918263134   34.799280242419059   -0.634339130607971    0.052144699180404 
4157.739454533125354  -68.280553607964521   -1.776342948008827    0.190597083742140 
-41095.019105728795694  761.455804183308601   -1.252032949111326   -0.031971554589451 
17591.140951367848174 -392.655968852526541    2.834510188142213   -0.095870211867755 
1445.603363671237730  -20.729386943305826   -0.444488955523337    0.046551214969461 
-5241.498084823518184  100.025107270607407   -1.348002167967785    0.164410863788639 
 520.168362999474652  -72.183372183139710    3.408746832386310   -0.018327074166159 
 390.228647663934339  -35.808239537319039   -0.062714808603764   -0.089218295427232 
  -5.913842975163988    8.595617002864866   -0.526536092455309    0.043044764400036 
 110.673275663359163   -6.302088614537311   -0.714258048613495    0.158248749851394 
 -22.467234603642282   18.333576456330047    0.285194574586219    0.038047866021985 
-316.562850987382262   32.097286770674231   -0.277968269390337   -0.137177744290685 
-1917.036287440404521    7.566521312080869    0.410947196815433    0.040269480208042 
-894.404699357641221   12.956689737947642   -0.328258546048225    0.117213630842183 
-2586.246114511848646   17.867485499305559    0.535529308846451    0.040889283281537 
-885.884481441863500   25.530075238949564    0.120531928545184   -0.137669750512296 
1073.184889903341173  -32.203094024485694    0.240582308332308    0.042839139543626 
-585.310743936112885   -5.598061198021639   -0.277372737164500    0.115267501922742 
 700.287678231047948  -48.386765391405618    0.274915799607573    0.045154810637310 
  20.534009001395987    2.835555810076272    0.362754768520364   -0.135330470519190 
  90.263201790824155   -4.710327365966421   -0.074632740010604    0.043213559023939 
 297.095249871452097  -20.592506104163718   -0.501022039432157    0.112126257737718 
-2049.122751401177538   37.620620540392068   -0.165840194432756    0.023362697144544 
 -27.159300347419730    5.357485713757136    0.698170296643313   -0.114318288309279 
 157.549820764277229    6.375548158037525   -0.006460143815519    0.038456956419899 
-495.457386202739599   15.895906598947199   -0.693296471197408    0.077486634215548 
1458.742838580569014  -67.936530957029973   -0.686398100890230    0.021232960723629 
-301.759001639689359    3.958419513659393    0.858134752775190   -0.100887792043541 
-365.591980681578207   14.491465219343233    0.351849689155483    0.041023492007590 
 336.102571331050058   -9.626756862847635   -0.585648196181351    0.067760396766603 
-1640.601377371975786   87.288070094041316    0.000000000000000   -0.023488750351806 
 529.118506311132933  -28.151709430430884   -0.000000000000003   -0.078935742951001 
 458.813203556522524  -24.411121204997656    0.000000000000001    0.055420873145671 
-491.267810082775270   26.137866048937752   -0.000000000000001    0.049874592778033 
-2880.789989824156692  167.036421170399649    0.000000000000000   -1.090703745143547 
-14737.532766635327789  854.524189168862677    0.000000000000000    0.659731612529594 
-8760.540868338377550  507.961149314320210    0.000000000000000    1.207465142918100 
 212.129933568588370  -12.299898656817561    0.000000000000000    0.305792178483663 
8411.002027687885857 -334.072842340799298    0.000000000000000   -1.007506957464216 
21583.766720860752685 -1709.048378337725353    0.000000000000000    1.085349373225085 
12378.193692424409164 -1015.922298628640647    0.000000000000000    1.460468263990365 
-295.824359559104778   24.599797313635122    0.000000000000000    0.299665897461487 
-10485.971429207924302  641.314938180971467   11.876515424198573   -1.020870701157057 
-2336.833431445093083  793.928347605021145  -35.374179863829063   -0.221685226980594 
-4624.659407964379170  419.523660458987592  -23.053929526888730    0.657410333810532 
-764.984981779085956   -9.705683120774893    0.575735484610479    0.319336856329076 
-2914.476657998872724 -124.145743675895346   24.460715401403263   -0.503239900883860 
-9021.031416180529050  623.342901717057657   -0.887932397987949   -0.646031893780735 
 699.563530293110375   81.930241701828976  -10.852127387106764    0.278208993459427 
1015.669255239634140  -65.548475533105062   -1.255412603246906    0.316578252929175 
4022.980974489837081 -424.864311173169767    5.578249626893850    0.072622955499029 
5663.993626722801309 -307.455990556233928    9.976574974740533   -0.306225334254219 
-3148.816067047800516  154.111894667107720   -2.733774140272556    0.030343646226713 
-541.297252006761482   39.249276971936041   -2.159938326122446    0.237183746920556 
21483.467211015322391 -217.680358239779508   -5.452123570610955    0.063529503915881 
-121.812385800514676  -15.759709511112078    4.428027200944654   -0.196912512763094 
2556.545427361844759   -8.052471500163588   -0.226415472095256    0.012900155221795 
-2388.619229278945568   11.372410266900374   -1.290930880084643    0.208932923043773 
-14806.745820656593423  432.792252428223776   -3.281083641408209    0.008416151818634 
-2165.561447830365523  -19.447923328048262    4.072690379636365   -0.153952695486349 
-3768.625558428137083   69.354157611116307    0.392278388495002    0.012423033960094 
3797.809931583304206  -60.949779196270356   -1.791295808470180    0.194606869326989 
14998.153750219740687 -166.586128073609729    0.310932178677026    0.006565707045283 
2180.508786719562977 -107.110042283786214    2.364997832225470   -0.107859544838800 
3917.059580932163499  -83.200138335344917    0.205449547022623    0.021084995381142 
-4866.199796190365305   92.785902756919029   -1.361719442572214    0.168669349156831 
-1602.639296594184771  137.661170295636481    0.115344988281142    0.005688405377989 
 585.291783788737121  -62.877004105996420    1.215565253541103   -0.096090948239541 
 116.026210956419916   -3.740038452549559   -0.382429786838142    0.019881108941689 
 117.047321745196257   -5.928123380745021   -0.774397270397839    0.162199514468617 
2729.318581006820750 -141.221647684508866   -0.091180162589914    0.162775989340528 
-324.988063963748573   38.972377941797916   -0.171020303920507   -0.122909794532441 
-1997.230151809298604   16.450229401139900    0.354823625151578    0.007758537855151 
-1139.024411151953245   14.439832774265810   -0.280676380002031    0.120178225851971 
8340.234031858293747  -84.600940602063417   -1.652770750676939    0.156294916617567 
-1855.726774383803331   32.230382301189138    0.321355419362601   -0.122336269281719 
 730.483482925133330  -24.983036831968370    0.295818226820782    0.010338387069374 
-470.055839663126790   -9.189643092858034   -0.244370681558102    0.118551166395349 
-1863.283167689473885  129.058523179590708   -1.273133791719538    0.141205651168166 
 283.141888338036665  -15.309481211700671    0.465848193373202   -0.118397416530199 
 128.222688958253315   -6.269568041169475    0.028942630226092    0.011497573142766 
 310.066743357496648  -21.231496866532140   -0.504146143754243    0.115501607003374 
3168.616460415881647  -99.784735791499500   -0.074692061823181    0.177540125535017 
-795.580332122857953   19.465218416404028    0.635980223731029   -0.105557276880075 
  54.707366705492063    9.478386174307680    0.160308671231274    0.010972510771230 
-480.190215548964034   16.850038607472300   -0.683518984919048    0.080553160781063 
-1007.263722645079724   63.441272762959130   -0.698749751912164    0.162878578084324 
 245.269562828024618  -21.517779595226784    0.600735464941353   -0.092925431772180 
-372.653160533036385   12.296545209147304    0.534208466370051    0.016796839030625 
 288.537696451835927   -7.886161942554232   -0.529599250815604    0.071353432143285 
 822.132661386613677  -43.741505013648819   -0.000000000000001    0.172961019640892 
 -86.107010203361568    4.581316854834729    0.000000000000002   -0.087744024332928 
 514.189640569994140  -27.357420276947181    0.000000000000000    0.034585902235180 
-428.852982542280643   22.817089950365073    0.000000000000003    0.055522954472102 
32156.177470338669082 -1864.506896420264638    0.000000000000000   -3.747397085387881 
-15817.829012819325726  917.162847107758921    0.000000000000000    0.250717708100760 
-12579.961090770217197  729.422028848898435    0.000000000000000    1.321271307996894 
-1118.838167401262581   64.873428473334457    0.000000000000000    0.464903347041967 
-42714.736782647159998 3729.013792840530186    0.000000000000000   -4.676062721907243 
24737.892481243605289 -1834.325694215517842    0.000000000000000    0.707534264175999 
18168.401092687458004 -1458.844057697796870    0.000000000000000    1.684578718665501 
1605.123945342723118 -129.746856946668970    0.000000000000000    0.497215227390627 
-1129.234773448426495 -1224.430775220140276   96.815245185113568   -1.571259429998733 
-6269.072717397986708 1034.421449422880414  -30.920486579754506   -0.604511739914491 
-5700.397676569768009  648.067385087475600  -31.340762832336683    0.554135712948646 
-1400.060843088634556   56.392473106561710   -2.835530947435053    0.396055428295623 
13307.680473138811067 -1306.863273295868112   35.221649034983884    0.043292024969991 
-10113.960162930105071  576.788247838597272    8.284835877538253   -0.834746856612182 
-1692.310417095719686  231.946635396285927   -9.927514452162976    0.093111649660312 
 956.468743425798948  -45.809934636664366   -2.578027635585447    0.340277238339866 
1181.459478066720294   66.236283912972567   -7.448055206399302    0.250197759101516 
7172.611492156471286 -466.780107246172179   12.068418584825734   -0.278991725942084 
-1544.240427187888599   57.332382441806928    0.021850054673226   -0.042808486297825 
-838.541975254394856   52.879450845123245   -2.334881090873668    0.236333773561132 
-14465.611903182945753  127.081574121565041   -4.129425045150865    0.147835705396525 
7934.487818330202572  -97.389843851029809    2.383480861965551   -0.173088948794638 
3533.129856428055064  -22.196165670431270    0.625023035768519   -0.033350027472922 
-2028.994472490332555    9.694448918581656   -1.260693567930639    0.207592765496910 
19321.668104577296617 -310.905657974238693   -5.984689383270887    0.104232427869807 
-7718.091130576519390  142.849171332534240    2.842284014108277   -0.150796638554361 
-5004.082130729003438   84.779313611677139    1.256650187713083   -0.025670632794994 
3263.975413726455372  -51.739085928857662   -1.685033589213612    0.193770675501548 
-23171.514884812553646  471.237175933199865   -3.821278040413532    0.014340455948736 
7804.816443051896385 -169.579840311388409    2.481597399229351   -0.105397404696818 
5165.225234653602456 -117.786373659741884    0.811273950954476   -0.005572123310810 
-4313.203629737961819   80.386927522923145   -1.298477868654384    0.169632491837940 
  92.115542536511555    1.187933857407371   -0.626794556438470    0.002883797386884 
 -15.697952434082055  -11.254065245132814    1.258819624146536   -0.093957796222796 
 187.225439875751761  -13.006422121440707   -0.073131677127187   -0.003874984116103 
 137.565627360287294   -7.109211903236243   -0.802982503485790    0.163194342186839 
1308.263765299397164   17.217393597316253    0.440804704632262   -0.011499068147857 
 698.506403913839677  -13.985739939892959   -0.205212864891728   -0.061868798529743 
-1950.540359315541309   19.573559151378028    0.307794479050049   -0.015338786277622 
-1388.425418274022377   16.829231324115071   -0.239173705361901    0.119545499398476 
-4135.532859177799764   44.357801447494971    0.866604646839895   -0.007194925113066 
1271.860987563029312    0.505029575415932   -0.298433612141251   -0.063725675550132 
 657.500259572540472  -20.891110347392811    0.298683452723450   -0.012919356034607 
-391.451615553757165  -11.974159185511326   -0.205600292650379    0.118237224080513 
 798.588026945517981  -61.585956217835694    0.719488139232806    0.000864707453782 
-415.589299545513882   33.087464980645635   -0.011576978521620   -0.065445297342136 
 111.666762557318478   -4.047320070051336    0.085726532082540   -0.011482766091276 
 326.879446545666610  -22.002336087526018   -0.495736026391478    0.115364636300374 
-1202.207873123315949   36.494405280906498   -0.307736705710520   -0.018104172126206 
 392.650840533097778  -17.954057505408194    0.607970700547335   -0.038979729804443 
   4.341180256771850    9.667281288182153    0.315802536766069   -0.007094615064335 
-479.594033375947220   18.144088854924298   -0.653689092952589    0.080622150233902 
 509.284846643249921  -25.435334412773074   -0.117840156361935   -0.018714685484464 
-132.454333163883916    2.272697690883007    0.338704307974294   -0.031845964990559 
-358.551256825018413    9.890909971104310    0.651638437984507    0.001200414435283 
 243.821076346102700   -6.561400361721105   -0.454801446488842    0.072319199373493 
-540.506143175303578   28.757587773893903   -0.000000000000000   -0.032168086119847 
 222.192737816624231  -11.821747525283849   -0.000000000000000   -0.022883641967594 
 531.200356521652111  -28.262474110753313   -0.000000000000000    0.020757443947615 
-364.318971651186189   19.383562864623620    0.000000000000000    0.058813006362783 
63265.805920273181982 -3668.331895317563067    0.000000000000000   -4.918265427155644 
-3759.262461442319818  217.972760950159170    0.000000000000000   -1.154556198919695 
-15027.097525052922720  871.313979856138189    0.000000000000000    1.208291496644527 
-2875.681847951084819  166.740236533434597    0.000000000000000    0.626660589798255 
-93228.721052011329448 7336.663790635127953    0.000000000000000   -6.745372519690363 
8719.866187750914833 -435.945521900318454    0.000000000000000   -1.045989256539217 
22350.620926311770745 -1742.627959712276379    0.000000000000000    1.642271844620099 
4179.276431669481099 -333.480473066869195    0.000000000000000    0.709709855097839 
21859.374123635028809 -3474.670579331925182  149.286255246914038   -1.167593240442833 
-6692.535757441153692  575.259908715328038    5.385230364663089   -1.193734026164015 
-7320.598735924660105  849.277554854751656  -34.532669859223112    0.329354992188833 
-2212.770350536090064  151.172265031876805   -7.047166628533629    0.452808030403823 
26026.581301192167302 -1878.968022386664416   19.016974931054129    0.722589377158739 
-5123.579985503040007   86.714520352646360   21.492954265657207   -0.818512347248435 
-3597.002935649864412  314.884481420191435   -6.205290684263543   -0.113545750822265 
 612.890877167149483  -10.356756170306568   -3.620724098247831    0.338957829649109 
-8020.645624659004170  806.480229279821970  -17.869806773675453    0.212870202627224 
7615.658796431482187 -441.941500778806869    9.275397882425999   -0.185167566279015 
 304.293358885606722  -56.257818561315531    2.689827113079692   -0.100828397825462 
-917.192436044835631   52.881927216645209   -2.158127776476610    0.227112134554304 
-26855.979600217389816  393.416116838800690    2.728456858490468    0.103194712339962 
2509.883354636558579  -49.734253555442933    0.834946470033993   -0.117650559270941 
4838.676253048909530  -40.586677846240377    1.027326452268460   -0.069692465981119 
-1491.630016523824452    5.646418099061634   -1.153389083282670    0.201008238849981 
12307.131023295432897 -419.724471270880031    2.462936961698393    0.143196577881906 
-472.465591360007238   26.259549592193764    0.598025495381700   -0.111709478103183 
-6027.901720971072791  105.917903727268296    1.686688876399330   -0.058483897377187 
2555.607606486832083  -39.516891038558128   -1.495230474480736    0.188409227885445 
-1347.192984654109750   78.469281138626826   -2.141743132018629    0.130245811147429 
-884.501638752808503    7.134100663561640    1.048618134074268   -0.100019733716042 
6030.264585190989237 -138.092091115720251    1.252550892617430   -0.031249265612418 
-3590.857083492966922   63.934330919834395   -1.165757099094799    0.167317150678726 
-400.408208219754897   51.140595702460345   -1.265336263822298    0.118934932978117 
  18.845376017107725  -10.808590048604877    1.023771665482104   -0.092876372202714 
 187.618867823630211  -15.764254033157940    0.212192234076394   -0.027229255169292 
 160.903440006990138   -8.908539254556260   -0.793679114617443    0.161247511023116 
-5104.333157882691012  -18.536323918825403    0.625871406869039    0.139461017321588 
1189.105315901177164   -7.529217340899535   -0.039911100654635   -0.066180949085189 
-1714.588894338669888   16.884189491278988    0.277153983356754   -0.031345004729488 
-1618.773597960709594   19.091026753346270   -0.203044899805843    0.116638992019270 
7149.699677941798655 -124.427572597125561   -0.362741277670060    0.141214739582831 
-278.963834628701761   17.139205118227750    0.026543130423711   -0.066423772467532 
 781.612403689336588  -18.685581010687443    0.264697142508758   -0.029188037036815 
-297.468467792103183  -14.491020560867355   -0.171235299048796    0.115612538307605 
-981.901880440235118   58.732875125771670   -0.923728486638503    0.133495956342817 
-116.118789440941782    9.992731398956977    0.258231073690691   -0.065121032046968 
  45.203251434011165    1.337704477399022    0.116558293978673   -0.027803557264914 
 335.903951300061181  -22.111544526697827   -0.483795849898621    0.112908396649739 
1368.372359993664531  -61.861584270553855   -1.051814939891237    0.126743705363389 
 -58.177111888146328   -4.268655525068215    0.492569435905889   -0.045768794351771 
  46.150396337390930    6.889442159372596    0.453370053822722   -0.017688180583861 
-475.264278712714940   19.143245002739327   -0.605315281914119    0.079090905361481 
 358.694499953111745    8.627842685429144   -1.965897502202882    0.097371031656116 
  58.527484327334719   -7.265552713906882    0.294514249338568   -0.038863972047233 
-367.792112929586949    9.266803093226326    0.730790757648615   -0.007638327694441 
 197.927267253390028   -5.339204101437957   -0.368284543484075    0.071935105854839 
-879.551487611746211   46.796469246511705    0.000000000000000    0.054502455198159 
  19.502934125885190   -1.037652110073630   -0.000000000000000   -0.034946674262536 
 561.412315514465377  -29.869899065172984    0.000000000000000    0.013528654418849 
-295.502841618485206   15.722205959317815    0.000000000000001    0.060987301657289 
46730.271359738624597 -2709.554433271555808    0.000000000000000   -2.265739013157673 
19965.414758660193911 -1157.651699793931584    0.000000000000000   -2.998905734103066 
-13001.328487900693290  753.854112500666815    0.000000000000000    0.689108755016683 
-4689.241487354702258  271.895597672255917    0.000000000000000    0.750051099108287 
-72672.075390336263808 5419.108866543111617    0.000000000000000   -3.615302319836275 
-26240.904206753442850 2315.303399587862259    0.000000000000000   -3.575503951423110 
20160.491173936472478 -1507.708225001334085    0.000000000000000    1.064585193624809 
6927.264610837351029 -543.791195344511834    0.000000000000000    0.885475697839406 
26309.564686767309468 -3008.359595306274059   93.188079665404587    0.284560000511373 
1504.729538922064194 -727.741558534148794   61.367576082255965   -1.631581491330079 
-7969.074513239558655  830.217348627399588  -26.188569053358243   -0.023809447497929 
-3189.721973651467124  259.533929487140085  -10.988031419209529    0.473044854720875 
17587.485251199657796 -1087.799591833950672   -6.483143789361469    1.149925785046864 
4636.388002443999540 -617.898488042351801   28.624319864802526   -0.547541330813909 
-3657.901933532241401  248.486485458978109    0.059368582043922   -0.284302460580058 
 134.042739541322362   26.688858969003519   -4.023415494217664    0.313386662747832 
-21576.420489904136048  726.894430883539258  -18.895993589286299    0.355710897254312 
4607.916687184408147 -139.511414798875137    2.574220342297707   -0.105341240293806 
1832.240294337586420 -128.939433008525612    4.171029391170156   -0.137141998647065 
-775.826420975557994   40.519520644624038   -1.711873261783578    0.212031103717518 
39097.302459540587733 -384.293545295799674  -13.014666102310073    0.136387544679563 
-7561.108995445020810   97.796790259108633    1.858117791967917   -0.078952542143455 
4207.273047947855957  -34.578860758282360    1.363959485018698   -0.094267853657918 
-900.031642633184674    0.564376509678539   -1.006598220853093    0.190659942786271 
-21538.175485788888182  799.487645660852763   -8.824274986734251    0.006084811542523 
4142.708542375785328 -131.137127134386901    1.521626856018603   -0.058010761397468 
-5569.121352094106442   92.808206534494303    1.951645420324367   -0.079698927314769 
1818.774981780322378  -26.686621968222539   -1.270239792812164    0.179632960934110 
2539.364222670050367  -72.379603091849233    0.986857638974629   -0.020334812627288 
-1389.699007998077150   36.560081090546291    0.245464459567274   -0.051177554535756 
5745.989504347124239 -132.630318396456744    1.414311216822623   -0.050148926643893 
-2853.525584747759240   46.937550167961319   -0.996986671227433    0.162102570487758 
 162.849213315258368  -20.866949121918807    0.356335330123334   -0.016186108290530 
-131.307702065299480    8.369133339817864    0.549270566548733   -0.048275772335920 
 173.561077067606021  -16.069186121756321    0.408822513080249   -0.044873273236621 
 183.868210203532101  -10.948071252229084   -0.753630012975013    0.156624955602260 
1472.778108992907619    7.471210070685377   -0.420683234081734   -0.033943303696463 
-725.019618304905634  -14.480338810458791    0.194790676921266   -0.013883067589594 
-1656.578182139128330   14.132994972359160    0.296513930390082   -0.041353006813836 
-1824.486839891080308   21.047702661150623   -0.167801857742436    0.111959173898084 
-1942.280545495655133   38.024527842759483   -0.106074688219389   -0.036008105511853 
2402.173544599524575  -29.521134605695615   -0.109484848702556   -0.013468245123970 
1047.013617435682136  -20.233322196620790    0.254329427723902   -0.039174539235753 
-190.161470063528213  -16.801940709959865   -0.138441898880280    0.111201972271446 
 154.582316245889132  -11.732663415778461    0.118439621324395   -0.035350597714907 
-484.331994606030321   32.017559571121424   -0.088167108798753   -0.015060048418412 
 -29.853096571860164    6.588990848658817    0.137816289590166   -0.037826192323087 
 337.822224534062684  -21.673482392184212   -0.466995359825337    0.108676170155623 
 278.450552977721543    7.252706946835406   -0.064965645282297   -0.039559281444549 
 454.962523109478354  -27.466749626525893    0.098138833446673    0.001760095159500 
  95.748572740057426    2.922516515423332    0.527208587491793   -0.023189267982895 
-467.731894278181016   19.816904123303303   -0.543001953804725    0.076412291676290 
-519.949353154588948   21.596624208557234    0.430409463779496   -0.037126620069361 
 193.037921809751197   -4.030111706870912   -0.442697313987514   -0.002349835176189 
-336.346437162451309    7.854845040629101    0.712267874567497   -0.012790053597369 
 153.568320275026736   -4.277526720694482   -0.276173557191073    0.070563243126000 
 633.984686386738304  -33.731106475431943   -0.000000000000000   -0.017891857087494 
-310.328873728519568   16.511023857368254    0.000000000000000   -0.014508253563226 
 525.059073064136101  -27.935727596761161    0.000000000000000    0.007346788440628 
-226.739442832700462   12.063654615948337   -0.000000000000000    0.062238791782101 
25578.617373042834515 -1483.121199244684021    0.000000000000000    0.756846328221439 
37489.266518562202691 -2173.734612270765865    0.000000000000000   -3.848557864037197 
-5819.493328247899626  337.430823492580146    0.000000000000000   -0.166824194750850 
-5911.177881488732964  342.746955423075519    0.000000000000000    0.784906519879939 
-47793.113872269619606 2966.242398489368043    0.000000000000000    0.018139651846951 
-53492.932478129579977 4347.469224541531730    0.000000000000000   -4.931242321361717 
10193.761588326100537 -674.861646985160291    0.000000000000000    0.001241909526706 
8895.374232102132737 -685.493910846151266    0.000000000000000    0.955620460458091 
38259.729032063463819 -2576.119749402289926   15.080282688939104    1.689863628456129 
11370.816296459801379 -1855.876406774001680   96.313105956782749   -1.524871491138317 
-6359.631283816825089  507.265102963880850   -6.478483798478413   -0.418366070306478 
-4110.959020231912291  346.064433878886462  -13.120726206497565    0.445130994232600 
4106.589607483801046  216.784891837464556  -42.329056413709431    1.082736136056758 
11231.694971643879398 -1025.823334980083928   26.193140943792010   -0.116319161421336 
-1674.391561771258694   43.021257581173771    6.911551183118235   -0.367285022109464 
-216.400882480771543   45.970397197913343   -3.581401813788232    0.271539470680277 
-2333.088764004422956  640.506845716362250  -12.843654916681807    0.050401895160351 
-3483.240996529669246  133.073996782452326   -4.511777253684637    0.028050346176561 
1972.824755669435035 -129.744110260578566    3.928834777246787   -0.146803360411721 
-516.939132215446079   23.641941347645314   -1.187178632517982    0.193937144853244 
-54629.700569504595478  520.352523402617180    7.084472543936867    0.006870303072881 
7100.379426882698681  -46.313289226817375   -3.022381996398358   -0.027807212888619 
4149.681851877561712  -28.143423129245662    1.218426459464894   -0.107612823036928 
-415.902920827236812   -2.980479567963926   -0.832489464457331    0.177909209531242 
46759.856993054017948 -1133.715863251323981    0.894037064092385    0.075213054413351 
-3934.107264794973162  168.670739988431961   -1.787476264006760   -0.055728957069022 
-5543.046192396508559   97.499908141249932    1.918414244325849   -0.093916392123080 
1145.297884747494209  -15.573114454954180   -1.019743607729793    0.168776061270472 
-37866.758953115262557  759.127283815761757   -4.160422545422132   -0.004262798119727 
-437.437424496925701    9.417729931104830    0.615536074182755   -0.058803109270989 
5517.597450285261402 -126.883092018750531    1.521936283541377   -0.063896509619736 
-2152.031247956938387   30.788645223155356   -0.814434930617745    0.154994588936737 
 -74.582755975766204   -9.024536825228244    0.911684730178959   -0.009392881735372 
 -70.239247072072516    0.544027419097933    0.682896315344989   -0.054345562944869 
 148.367708425433960  -14.955041026891799    0.562843373316964   -0.057700940146720 
 203.829726861968936  -12.866707569017734   -0.693248878796012    0.150229874012179 
4423.076941892188188  -22.003033735574558   -0.888066536676761   -0.001430054930899 
-172.727827432639060  -11.678635033951281    0.037034464140628   -0.026611806475768 
-1768.796612856311185   10.863123241807845    0.325492073022817   -0.046414866072007 
-2040.011024450359400   22.602663945951406   -0.128515659058347    0.106506829600235 
-3852.197441896807504   69.755306852726193   -0.557853776184991   -0.007160709290397 
1673.818340038698352  -15.261936664661832   -0.149262856784818   -0.026971284690915 
1556.512603015455852  -25.831206105415362    0.221985964537979   -0.044229480462613 
 -25.544322940124857  -19.718107056808549   -0.108568598301198    0.106024385205837 
 382.133379401098011  -28.929986230511716   -0.209233818218299   -0.009236556171337 
-426.363626013823364   27.617810790204601   -0.043752250802104   -0.028316522561502 
-143.690049149341775   14.043412143824547    0.121326369640058   -0.043248263695576 
 326.824818633278937  -20.372499526037032   -0.450914607316147    0.103643538722537 
-1033.863802185745499   18.002573146505718   -0.656591984282446   -0.040069497910554 
 559.381480476123670  -24.746984521462711    0.073776716465813   -0.013074635382206 
 222.541573188257530   -3.604200253075231    0.548698031230853   -0.024603585510733 
-448.110684525803208   19.767216168072281   -0.475694347121589    0.073463870443724 
 915.081420909007647  -35.255201635604294   -0.952838807938607   -0.051270206362875 
  -1.943085623217087    4.068622371337945   -0.281293765070205   -0.016272317702200 
-312.459582639134794    7.859658873687486    0.621768989685282   -0.015117822707168 
 113.525707077617881   -3.316460679378366   -0.193216574917247    0.068855257321877 
-1167.532401019123427   62.118471593916652   -0.000000000000001   -0.088586694723835 
 -72.584616333495731    3.861858929081439   -0.000000000000000   -0.021217699971037 
 477.194886806384773  -25.389117248454973   -0.000000000000000    0.002881044248845 
-164.717696011093153    8.763792346789769    0.000000000000001    0.062895503841881 
-40504.450855511291593 2348.563601052333070    0.000000000000000    5.402709739873188 
47081.248033453193784 -2729.905061987517911    0.000000000000000   -3.564740490954160 
4751.820990754031300 -275.524135789705667    0.000000000000000   -1.093486489124769 
-6002.886521110463036  348.064483950642625    0.000000000000000    0.705397994395309 
50535.673654127283953 -4697.127202104667958    0.000000000000000    6.572472273691062 
-71415.350180230569094 5459.810123975037641    0.000000000000000   -4.924439951919110 
-5419.773743968920826  551.048271579411562    0.000000000000000   -1.230718374633398 
9240.421435140347967 -696.128967901285478    0.000000000000000    0.878760466885166 
16494.988608578842104 1163.277824598394091 -136.601778229571210    2.472822591967696 
25718.214683483456611 -2821.921312799853695  101.968211965134941   -0.891172630467270 
-1723.502411323901242  -77.459611982851712   18.306680941761293   -0.720371585507176 
-4653.517892811081765  375.443019007976318  -12.396190723605802    0.372309633294583 
-28969.793016392457503 2367.388031533962021  -50.690618674181096    0.075320665167165 
12771.666074450349697 -944.529000541038954   10.319744788651068    0.289706889599949 
1326.028568990514941 -203.272784358966135   11.475661899673611   -0.345611556087137 
-242.183910943125511   35.742972778366280   -2.390864026959729    0.225926075035122 
11078.269277691466414 -621.743699088205744    9.348480921062785   -0.046313832873434 
-4358.149283031326377  373.264063926088738   -9.328147847440336    0.046951056861693 
 992.650970724308536  -66.451852672011000    2.198844139606169   -0.137428185031939 
-329.318492319735924   10.754198697838632   -0.791656068460100    0.176123452662273 
31600.137371367061860  -51.211639611160692   -2.203943189605081   -0.013011977701567 
-13385.758286681608297  148.818907049164778   -0.365704792422032   -0.025230849236288 
3364.009494402704149  -15.330220901452435    0.794915610862345   -0.114242580802541 
 107.052105277678493   -6.205739081018010   -0.713574015280567    0.164036537510931 
-52993.170480825130653  905.571716237535384    6.418777777407905   -0.007985750079502 
13600.839107600371790 -256.472708730816407   -1.452212364972125   -0.027524061664015 
-4334.704712045840097   86.524662048452001    1.513453165703488   -0.104323019464710 
 482.274530375068025   -2.964434420391513   -0.806124977673361    0.156312647797785 
66696.014370753226103 -1239.596512161621376    1.911660016053283    0.113312489963555 
-14637.472031915260231  294.090461362017379   -0.944622380350553   -0.060401658565887 
3633.233768233747014  -88.944568107110442    1.480800495270403   -0.078797105599345 
-1543.125040009342229   16.558081227187756   -0.622700969299995    0.146080400874333 
-695.792479684878117  113.375495076321982   -5.703715127700589    0.090181434640265 
 -98.207780562981199   -2.840173890362976    1.024778089162101   -0.057867893595633 
 127.311829971051850  -15.242059335799901    0.776302673880350   -0.071727622214282 
 221.132532734381925  -14.745213317442570   -0.610442567965495    0.142149761600686 
1476.921476360741963   -7.702633905215452    0.425829091440725    0.005005749032717 
1485.926025776894676  -19.929772684791416   -0.295990487113155   -0.027148077074855 
-1604.646838063275936    6.912072276964981    0.293122570151251   -0.053134851515834 
-2255.170651208898562   23.735101003507118   -0.088984991382744    0.100286368789013 
-1914.680895457114730   22.936639530554700    0.531174088076782    0.008070456158850 
 229.244299327417707   10.896303405109990   -0.358458022854189   -0.029656550674814 
1794.395432936217503  -26.376910262859269    0.158520854583103   -0.051307959883329 
 187.649340871205368  -23.049234746674074   -0.084242143027825    0.100060288064382 
 328.939535798420081  -26.113506049735982    0.504045848653229    0.013086607615253 
-283.063608738412540   16.769065953762794   -0.122214932633968   -0.031780231125753 
-232.368453493371021   19.591771736820466    0.100580471710550   -0.050760357906483 
 302.947985089788176  -18.242048593818474   -0.436841099831130    0.097777019946795 
-271.690673306887561   14.285933327957720    0.019835981127539    0.012525263843302 
 171.682554656468938  -17.996019591523094   -0.172445277640104   -0.028100697098663 
 313.924577579831634   -8.947075767198458    0.536364461084067   -0.029750502070842 
-413.571917483476000   18.965180778966790   -0.407236738242255    0.070105870338929 
 -77.023739960395517    0.290240027943707    0.270125092753392    0.015702505880508 
 341.212447217662202   -9.152078242013715   -0.638608318047184   -0.035498645088278 
-270.050912439829403    7.224226889853020    0.506781229295608   -0.021589193055977 
  76.225166935076459   -2.339288911309822   -0.121751679582563    0.066611137397582 
 148.592345111418723   -7.905844292475392    0.000000000000000    0.022211773336043 
-510.409266715669048   27.156285776800281    0.000000000000000   -0.054437710492475 
 404.320651425239589  -21.511849160219775   -0.000000000000001   -0.006575882059093 
-108.482806511247034    5.771819376331687    0.000000000000001    0.062751086922806 
29778.126962264450412 -1726.620744484762781    0.000000000000000   -0.127514483332651 
31892.078962636620417 -1849.193711592902446    0.000000000000000   -1.538724338501718 
14623.486865265233064 -847.911482487256762    0.000000000000000   -1.731419592806754 
-4752.374652320677342  275.556238666680031    0.000000000000000    0.523565280544244 
-59636.221252923714928 3453.241488969525562    0.000000000000000   -0.987502373848372 
-52464.472559933106822 3698.387423185804892    0.000000000000000   -2.459762849284971 
-20904.751586489346664 1695.822964974513980    0.000000000000000   -2.153743724783907 
7545.787358183846663 -551.112477333360061    0.000000000000000    0.660813155716808 
74313.858669461333193 -3462.514956589735903   -0.358468070353599    0.727854518013608 
31903.835411700747500 -2385.692128575469724   50.742545129045901    0.036135841520618 
5479.253850574090393 -728.411292154765420   37.395525578533878   -0.827251184125508 
-4434.891815171009512  323.940073998790979   -8.781402642035038    0.273168344380071 
-22584.556875188198319 1962.288774049227868  -36.863245409605682   -0.260327105770520 
1907.993693303137889  -56.758488715799793   -8.689237214166925    0.317952139037637 
3160.986039959706432 -328.433720516071389   11.679475346484137   -0.269654177507439 
  66.545315608833562    0.199413849131545   -0.894165391775864    0.187398411348383 
 343.135711997168073 -368.008012657767267   17.969906817832658   -0.125805344704293 
-203.798303896977586  140.110176768010462   -5.822467502041794    0.029583369534156 
 422.407522358267670   -2.280072585248476    0.305017220920902   -0.127861381732458 
-251.695958843572043    7.065624950400746   -0.644294109326633    0.159588083091914 
-5635.063165316474624 -350.336486579222822    5.638300490450022    0.075964237556982 
-1535.706772419137451  129.614542194980913   -1.192183488523935   -0.030110340874375 
1498.826362015130144   19.473960254065730    0.600179575744099   -0.121160229566374 
 380.119837152065884   -5.896744004671859   -0.624228277846567    0.149336568872348 
28902.258988009634777 -520.953929863382314   -3.155291752159693    0.091390790081551 
-6271.599822708862121   83.116684858255468    0.954829301555816   -0.030518717943827 
-3418.549801434418896   64.855159064382292    1.451280282776453   -0.111578366915690 
  49.447266330233106    5.612457020022475   -0.627097474816615    0.142826609733072 
-36630.140330225127400  649.012070424828380   -1.427356799864375    0.024970338196521 
10373.533357117030391 -170.758230698587113   -0.227749874330600   -0.017909474829554 
3100.241433883985337  -73.528039274181992    1.334253963435263   -0.088585997273775 
-1187.415666410930044    7.614086734764811   -0.448626921115318    0.135508300216283 
 867.494695547343781  -94.054137587213091    2.325204006093763    0.033668451499917 
-359.129960444810763   39.675636763257828   -1.114115083725624   -0.024049855605534 
  70.144612345077974  -10.637626476688062    0.765135549559910   -0.081967340864428 
 234.153045222582080  -16.473411937633543   -0.508532644696083    0.132455758601001 
-1249.622315598940077   56.902703288460913    0.170238608024382    0.021391623612079 
2039.771579412154097  -22.818260399247180   -0.136304577822881   -0.025270921187586 
-1163.934637414638928    1.568568141460155    0.239085687034246   -0.059687226298639 
-2429.649299555525431   24.272663133081743   -0.056137824030761    0.093230100498819 
-3573.732608131047527   30.978833650232048    0.777950095131832    0.024876652055212 
-488.761036468994007   19.497543229067659   -0.159267739825395   -0.026630129615245 
1761.955840793517609  -22.577679433586979    0.093805134248155   -0.058343794919587 
 411.791101041286311  -26.131295664743504   -0.068990493421259    0.093199172084357 
 798.844345952319031  -60.572769078853653    0.525238386614809    0.031553469125873 
-159.711282814000498    6.976501185111612    0.066802260610988   -0.026872753270033 
-287.715314937422932   22.559967629179766    0.093653887707678   -0.058091980955956 
 270.121519547434787  -15.582063412691767   -0.425193684641566    0.090960968877643 
 283.734227345601994   37.539072807770360   -0.417739795164770    0.006347881270312 
  69.798552166377021  -12.638794593538581   -0.165006784717275   -0.023403723157425 
 344.109715932688289  -12.776427540331206    0.494182953289394   -0.036188554602853 
-372.179451215792142   17.593510715480591   -0.342846895919234    0.065972447593851 
-1277.647870660420722   52.155169769479429    1.122410129268211    0.011679615733753 
 312.328544732513365   -9.043238231534900   -0.537311408264654   -0.029610205383087 
-188.358288446057315    4.949812330659451    0.359791263506628   -0.029727799364898 
  47.649810375763764   -1.578694897555067   -0.067854692818316    0.063388490892878 
1575.026120641963416  -83.799143603528975   -0.000000000000001    0.060093275357213 
-454.687137298884579   24.191594167121877    0.000000000000001   -0.046108295491458 
 283.683600923419931  -15.093364167229485   -0.000000000000000   -0.019144132807085 
 -65.627650451479653    3.491714094433008    0.000000000000003    0.061121894808772 
-82378.781277791233151 4776.556727018234596    0.000000000000000    4.996174768473137 
43058.876573485904373 -2496.676490774695139    0.000000000000000   -1.586542269751470 
23992.356307280544570 -1391.145257783206489    0.000000000000000   -2.122077918838400 
-2367.964656148147697  137.301345470561728    0.000000000000000    0.282846211929051 
130588.936594671307830 -9553.113454036469193    0.000000000000000    7.375261754841347 
-74828.055529779667268 4993.352981549390279    0.000000000000000   -2.830076239478121 
-36816.317597703418869 2782.290515566412978    0.000000000000000   -2.814973610879292 
3996.459031489107474 -274.602690941123456    0.000000000000000    0.351232680024819 
-63640.731603976841143 5590.724653061094614 -153.167070361140276    0.643518081150832 
59771.532412748842034 -3684.135237296628020   50.608119602663493    0.309081285775718 
16938.674828630275442 -1487.139712888776558   50.064358669997524   -0.784099043213465 
-3106.343400327632480  188.849498445864242   -3.314809810026871    0.171748159743638 
-16242.258942799478973  945.043693855036508    5.866794679848509   -0.690157970437590 
-6561.215134892429887  679.099801552660665  -22.512954242769037    0.220329474373692 
2579.333359761043994 -250.641056411463751    7.779201414367140   -0.202368975831023 
 447.370509414806747  -37.909057339746838    0.358001168872659    0.158151189953958 
10442.064541522542640 -730.848555545282125   13.233749679082861   -0.031280306017686 
 -75.122411898134374    2.107172021348422    0.916247554645490   -0.017593634729953 
 387.542432883890797   15.497096013421285   -0.308260272503640   -0.126362664881932 
-201.409180109683803    8.251071739522615   -0.662045537177344    0.143821936960452 
10909.403831923940743 -193.081108416705547   -2.627076014260834    0.033347542913329 
-3648.855459412568962   -1.761640272231848    0.922179195394800   -0.001623751790506 
 850.756083036134441   35.455572994409863    0.566429039102960   -0.125126991149484 
 532.471731340152473   -2.121522701467143   -0.556821392241330    0.133869433751868 
1093.650633558250547  137.231886300673267   -3.190740295523680   -0.001618579165663 
4566.747297794657243 -112.241038840509702   -0.228405105504102    0.003752828336755 
-3631.656367048683023   61.214614816600147    1.542083307282920   -0.114924103116574 
-419.415481492939762   14.000561959716151   -0.436930910836186    0.128580956537616 
-11597.423037648219179  181.502960682355308    1.110064637312347   -0.016999646897203 
-3362.769266717359642   72.621295710722990   -0.763008674279737   -0.008545598005858 
3976.586945183940315  -85.795156147664869    1.210409144858970   -0.091892881378202 
-709.342271302948120   -2.977413829124970   -0.288191573722061    0.124203985204640 
 375.900743700371663  -53.758304538240942    1.973859100733902   -0.004780269532195 
 -33.819449614558351    4.405335168052995   -0.242163581440462   -0.011424186293064 
  21.025936087657101   -5.127504985274228    0.595600716414149   -0.086401596101753 
 239.004041711007687  -17.366882910268679   -0.425757335109905    0.121899820693446 
 -85.918251719371142   11.653955667017733   -0.468399634045964    0.002201070208208 
1571.163211062543951   -1.479746666074545   -0.072465099813745   -0.017249062333056 
-712.567788605303576   -1.468682741705024    0.212989477329670   -0.065002224238720 
-2545.710366889192301   24.223336924386302   -0.028049374898664    0.085416119582800 
 105.257548663044489    9.871550271952458   -0.319548149643302   -0.000509101594147 
-1828.910764518103861   31.114605847904336    0.132463545849030   -0.017301385094540 
1472.246865670122588  -16.251160798965429    0.090454610001111   -0.063835234258310 
 617.418743445394739  -28.588350946514538   -0.058233976295457    0.085538689155216 
-147.301750727149823   12.568029929527077   -0.127929678865799   -0.002452448047763 
 139.855346918114094  -15.738287219458009    0.263766655591531   -0.015040202347831 
-290.197306924408053   21.464744374886379    0.134975002232994   -0.063331100408189 
 233.221859249476495  -12.771365817634077   -0.411417307132203    0.083341212357691 
-272.737560690535815   -5.523161615099111    0.160480701988087    0.003267352456724 
 176.198887420976291    1.438357709375195   -0.321659207904058   -0.021023267681058 
 374.859395881106821  -14.176482150851591    0.433349704211727   -0.041741928457663 
-327.520965933822026   15.872294608992839   -0.284468155806698    0.061095593299766 
 439.528678828332431  -19.572783578040184   -0.270444594688552    0.003013666328079 
-166.789406765140939   10.514950432019692   -0.116407609789075   -0.025230349482930 
-170.165896200135990    5.133776355720059    0.278076386249912   -0.036582868723150 
  26.489751834068329   -0.999403387634366   -0.029084068350395    0.059232668262635 
-511.181934789131674   27.197395522218077   -0.000000000000000   -0.011589723239906 
 135.947657941848462   -7.233084684201316    0.000000000000000   -0.023573317232503 
 243.841166003790761  -12.973550481864429   -0.000000000000000   -0.027854334397580 
 -34.195463964467457    1.819367030039930    0.000000000000001    0.058125805769264 
-267566.055831822857726 15514.243159236715655    0.000000000000000   15.931206134702737 
12166.833594314466609 -705.467718142873082    0.000000000000000    0.287023268425940 
30895.570078255557746 -1791.413283897900783    0.000000000000000   -2.284517794004089 
1142.978771539449781  -66.273169563236110    0.000000000000000    0.002554902954059 
442222.955242829804774 -31028.486318473424035    0.000000000000000   23.658474146556330 
-25857.204306778377941 1410.935436285746164    0.000000000000000   -0.064353081412641 
-49401.975077273120405 3582.826567795800656    0.000000000000000   -3.176777275990634 
-1519.712519090160185  132.546339126472162    0.000000000000000   -0.030454154462013 
-303838.689089486200828 20254.210486279760516 -416.482164514929138    2.837532805202104 
35906.258061257816735 -1587.613492398737890   -6.829531782763633    0.550400566207278 
28898.398637881073228 -2146.108304100695022   55.536682147484953   -0.676663811715591 
-179.377156713663908  -43.688194659982670    3.434832458215335    0.079822045684448 
25154.624660976420273 -1925.572445143200639   29.505819437196838    0.318143171910353 
-12652.062238442224043 1033.491186748299242  -20.312906237825882   -0.038479764540404 
 177.673688094211229  -36.567182873843819    2.425968854292781   -0.179637762101862 
 635.545030904587748  -56.782466527358892    0.990095018984364    0.134949751226159 
-8391.646291858613040  669.906462954942867  -13.681130826225829    0.078568644448540 
3840.651791172748744 -271.961036308131156    5.878903684301574   -0.029323749486585 
 858.233605293224173  -18.234637022426625    0.541133632364742   -0.132227337909000 
-133.745506377446873    8.793694718984483   -0.660414535857005    0.127690608959864 
-6466.163020810421585  237.735776245052392    1.900093491364185   -0.001325665145015 
 442.170977559078892  -74.167055928498812   -0.062974309953021    0.010881576801993 
 449.920522804428401   25.964485969318730    0.673829649783184   -0.123969763023049 
 603.110304525574975    1.905786753704206   -0.476739720265769    0.118268320656208 
-12171.874618348896547   41.954438910692261    4.722897070874703    0.035419695395439 
4976.866285378903740  -60.779081477754445   -1.424932716325487    0.003145861149631 
-2438.704669151978578   39.587099776816785    1.335416079554223   -0.114061766930776 
-799.881064452315513   20.166653607839180   -0.253971241839017    0.114270920303373 
27298.880530558395549 -450.764122262921205   -0.793320309793496    0.076882911602201 
-7711.802905835395904  140.684905966605015   -0.346734435287590   -0.014920465592309 
2592.265423614841438  -59.131880937998687    1.071691256163051   -0.094826139327973 
-287.463389817819916  -12.212602632020236   -0.146644346155560    0.112550647628177 
-1053.675333543187435  103.011414929816112   -3.144783551397222    0.059348359524468 
 107.143329273082983  -15.754029033787635    0.498033581334758   -0.013216787367637 
  30.191421044972429   -6.546091718491013    0.627584466400935   -0.089481717809341 
 241.838035961776995  -18.043984359978374   -0.351235857962023    0.110911781805968 
9791.806774362927172  -80.343596318919822   -1.829938897934244    0.017887638709228 
1538.943866667771545    2.890486709057175   -0.248114962580987   -0.016423661004978 
-323.804403889012974   -1.292340236332215    0.172916969530328   -0.069211314655974 
-2610.399724377393795   24.039392172177905   -0.003472800452292    0.077025623919257 
-3936.247582886415330  122.790998168250539   -1.536409965688786    0.004629337800567 
-1789.439183769456122   34.816437199886401    0.012632989732786   -0.017492298192345 
1019.953122134182195   -8.009780417991578    0.108591676948838   -0.068184444669170 
 773.078452108297142  -30.114299958386852   -0.045481524621199    0.077287956391774 
-298.664689108616187   21.952515140220321   -0.300400627452427   -0.001987687428338 
  84.617190395432687  -11.025275995885284    0.215793026016851   -0.015959870365741 
-262.138239760214901   18.119298972968515    0.194919962434042   -0.067206109497385 
 198.844736947632072  -10.309636575121189   -0.390673940513495    0.075185031707389 
 144.739386468430496  -14.728651727162466   -0.004662353121655    0.002014134561289 
  73.922302162022675   -0.632827896286930   -0.261478944658526   -0.019798010509787 
 406.124544578982295  -14.075790924215582    0.360457435141404   -0.046844588231519 
-278.443124380954941   14.111921254315877   -0.235011929032663    0.055555745232808 
 238.019572139280569   -7.272642888919442   -0.382449056779946   -0.001675829311881 
  -1.966152204514287    3.175156590254534   -0.217824332797283   -0.024100224609900 
-191.260341071342964    6.845039733504336    0.236297393426617   -0.042749190484754 
   3.471384779182245   -0.231613335594901    0.003328398928888    0.054271471528618 
-339.347979863525552   18.054983167238145    0.000000000000000   -0.013769407454378 
 -55.745567604078161    2.965938636630587   -0.000000000000000   -0.027919463447468 
 253.866427296012290  -13.506943737810779   -0.000000000000001   -0.034290931982577 
  -2.589538275036616    0.137776184745537    0.000000000000001    0.054253044709606 
88656.971228339534719 -5140.584089120936369    0.000000000000000   -7.569781282856981 
-88170.437342619043193 5112.373466570890741    0.000000000000000    6.261225568939466 
21395.119609717472485 -1240.550065344397581    0.000000000000000   -1.465986689333414 
4672.441853436028396 -270.921506976071726    0.000000000000000   -0.247409445745456 
-132401.358272126875818 10281.168178241872738    0.000000000000000  -10.130181463929176 
139976.403909282700624 -10224.746933141781483    0.000000000000000    8.807574723545979 
-35137.075126960065973 2481.100130688795161    0.000000000000000   -2.083874570723967 
-7235.261511584060827  541.843013952143679    0.000000000000000   -0.382348873540422 
45021.714217544249550 -5072.848686573683153  201.328814034419850   -2.415243560533231 
-78033.250347299457644 6007.715439956169575 -163.010343475861987    1.614475368158067 
23632.524602125864476 -1593.595560656015778   34.306697740156743   -0.406054319919923 
3400.523015600720100 -297.199188635284600    9.456764564977052    0.009381134327148 
21251.138212261263106 -1786.328949610256586   34.425479555046358    0.128725365578804 
-3219.077990576052343  311.401519819598718   -9.248223948877078    0.080823924925979 
-1806.218840533075081  131.544405447143447   -1.269172419045089   -0.174344742053665 
 509.195895731673659  -48.965948275567484    1.033580519393207    0.112515158025119 
 346.776158280933544  406.384388250440225  -13.035866044098842    0.064256746870579 
 693.784431725729746  -20.746112700026568    0.748479624466897    0.000139492181617 
1425.038133155537253  -54.823030648446462    1.369556545960799   -0.135875370072121 
  17.153944357494765    3.573384959325466   -0.527635920389173    0.110857462519200 
-13604.070857928260011  424.243397704197548    1.223274064662220   -0.038012041539762 
-1982.640155244795096   14.983860163394844    0.649560749308558    0.010384452372613 
 257.361875593711375   18.566586498680863    0.747152954702625   -0.121311509376223 
 653.630066750465630    4.456814938964783   -0.389783867535567    0.102939535726122 
-10769.839487024473783   12.341752604198462    5.629556652579796    0.003562190866775 
 412.413303498040705  -45.046166886244848    0.346153685252527    0.016428246922921 
-1765.044720542361574   26.358943731316913    1.200568700670105   -0.111615003421707 
-1050.728805001230285   24.247310195348859   -0.100084397245772    0.100131532610058 
23216.051861401880160 -423.622302441029092    0.079998973961935    0.055312133957659 
2525.277293124075641  -28.351639881991460   -0.644229551460165    0.013910626258517 
1943.949722025920437  -45.090222677422076    0.947820757819585   -0.094952369244697 
 -30.609006233395121  -18.286284769836726   -0.019650118416612    0.100614409874024 
-174.230287495013755   47.330401156128239   -2.464442968044446    0.043661567593853 
-287.984920805614536   22.875251564893880   -0.681260250439219    0.009038847454039 
   7.586222103406101   -5.655938902102790    0.604681132762879   -0.090003960298541 
 245.228118476463948  -18.907208358657883   -0.271148180327373    0.099635969541877 
-1689.233358319575927   17.011767601241679    1.267718385239582    0.025955142182401 
5210.871407053824441  -27.238361910537691   -0.934342049306315   -0.009715796489017 
 519.922505326190731   -4.335824636517287    0.025109843044414   -0.072478746842724 
-2607.704654340655907   23.766092410904996    0.010690925038644    0.068152526678411 
-1450.271449130598739  -18.031993079868698    1.260663402311442    0.034976467909231 
-3265.532027351848683   80.863061512979499   -0.563520747400501   -0.015756296517132 
 388.081720744017730    6.450156921116701    0.039730707240373   -0.072340519007855 
 864.924621568345856  -30.331689511090218   -0.034710975252256    0.068500625324264 
 806.966244235705062  -55.184933749813496    0.635441565353591    0.043523710036558 
 -27.382068020288983   -2.793082818303223    0.103142790722186   -0.016705253151368 
-254.983849463322713   16.392004121194979    0.234786939526423   -0.071289249937024 
 166.816271106618558   -8.174118134802612   -0.363523899153220    0.066531012843743 
-1900.651394801341667   43.924417106156547    0.174446448218842    0.032417069436270 
 128.199572087666638   -6.156072293972258   -0.263227327079150   -0.019042710049303 
 431.389778860194724  -14.924403447998031    0.294869151174195   -0.051699678301405 
-226.239826223104046   12.313792555004838   -0.194049464308717    0.049394761646218 
1014.200491474233559  -53.984479316785396    0.001703988855892    0.038740777985053 
  87.291187347721461    0.447915506909432   -0.361242729089761   -0.024728660601855 
-180.594711678442309    7.297923745649861    0.163914010690737   -0.048852801136223 
 -20.001997006096644    0.659424072173444    0.028715097093234    0.048547983604369 
-1013.749026175818699   53.936438963831222   -0.000000000000001    0.016141469807058 
-183.001060052905615    9.736557324345171    0.000000000000000   -0.033082991242860 
 224.023098838888927  -11.919131742688805    0.000000000000000   -0.041916238818868 
  27.609951619980482   -1.468985352284951    0.000000000000000    0.049503543221483 
114133.210459215697483 -6617.769111645344310    0.000000000000000   -7.115602510956045 
-54924.073131991768605 3184.654433150542445    0.000000000000000    3.422557587868102 
3508.305800391131925 -203.421577879218944    0.000000000000000   -0.255513794732468 
6142.326868102641129 -356.149633028015671    0.000000000000000   -0.347610861465534 
-184786.098252359020989 13235.538223290692258    0.000000000000000  -10.411752702839831 
90325.894557235224056 -6369.308866301084890    0.000000000000000    5.008756674572544 
-6349.287818645341758  406.843155758437888    0.000000000000000   -0.356833145959152 
-9698.860994246773771  712.299266056031342    0.000000000000000   -0.525000350497249 
113828.628299690812128 -8193.311948463720910  194.908441701406105   -1.308041778313712 
-61150.107515720410447 4105.397182491041349  -87.512038212954621    0.708759032958106 
6234.604869248383693 -329.456482850114696    2.991400029054681   -0.115650019780401 
5223.252089771040119 -412.435987558935665   11.591285505597279   -0.020866750614539 
-1257.317767743230434  116.012563942929717   -1.635265484858580    0.223427145816531 
4750.098839021908134 -358.471836284246933    3.661330884265310    0.129095937018031 
-1614.841234477341686  125.660615889062370   -1.967534052121560   -0.148104759310664 
 274.626576383111342  -31.146172577200858    0.797667732567317    0.092236355825026 
-13889.547555047403876  -13.718719705169633    1.882994327875709    0.253264336624469 
 823.825491081119708  131.648032893887660   -4.139970142070170    0.024235772258085 
1614.739373506393349  -40.960290624213783    0.945620231260389   -0.132828462017158 
 206.801389931793892   -2.809932374366625   -0.370207033879158    0.094000722284254 
42782.408172406489030 -729.031912871827103  -10.867584830289699    0.211279724512165 
-7084.166726967988325  174.075134302470133    1.108288523556895   -0.003870063204798 
-875.988984682884620   42.198960806914044    0.966884113810806   -0.120497210730246 
 628.251097879590816    7.840361452493966   -0.283851154332249    0.087863611853784 
-5989.643294748626431  566.326255399101797  -12.509709178704494    0.071319776544314 
-3626.276504136070798  -40.418009659672066    2.457237429969950    0.017764068497963 
-2166.777620622119684   15.675921663077531    1.550992590072915   -0.107340963994096 
-1285.950279949961896   26.862436789720959    0.066390569507131    0.086443305944552 
-14774.020215204158376  323.864965033620308   -0.498036064693743   -0.009081814651851 
11231.296741149722948 -187.210003297376318   -0.614229936224447    0.034652676492640 
3663.521476310155776  -72.035428074843168    0.790513321859009   -0.088881956400802 
 297.186018016706385  -25.192944287125670    0.088917637565290    0.089070748765362 
-196.836872051764317   24.164361120112765    1.855297641107461   -0.002209120653634 
-353.321278616241898   40.624151998441832   -1.605426363455887    0.025411935301734 
 -72.577052824326358    2.281486543314195    0.318845306025991   -0.085697612454069 
 241.336338321538335  -19.164332725961202   -0.211021095317088    0.088611982995236 
-13090.897705800474796  -10.088150768777098    2.671786878081419    0.148294921546635 
4577.408897683904797  -20.858949060071705   -0.458947654841461    0.000017381829383 
1743.457543418424393  -10.347988507843510   -0.149051369974060   -0.073691048675178 
-2464.593759342636986   22.831741035084370    0.001706573369955    0.058991567640005 
12814.512049512075464 -281.663587071627603    0.654288224264508    0.161959434473108 
-3809.383820775780805   74.101064108027458   -0.090771971533705   -0.002640121051170 
-496.282760271945563   25.820672623742809   -0.042055882626403   -0.074640071203893 
 859.578337309893413  -28.297153296294397   -0.036087415317702    0.059280181729087 
-447.129039086615990   46.617581378060493   -1.352841845414429    0.154987154631549 
 275.230273568102689  -23.487432974483465    0.341433377729775   -0.000383861887658 
-224.002823769846117   13.106939647096645    0.290358960582919   -0.073425389316902 
 136.091551056659029   -6.276542612419313   -0.331322828800052    0.057443844267290 
 853.212593659187405   -8.297564242063473    0.215944147914355    0.147055086917571 
-584.544700962830575   10.315584120836553   -0.197809908997095   -0.006886309010702 
 374.346637750798891  -14.404464469640004    0.237239496664666   -0.054940805683906 
-174.025195307181320   10.437843371572232   -0.160963031678377    0.042698074102765 
-851.801612419211779   35.654263898445407    0.685689113676506    0.152636265112332 
 467.616371650551969  -19.796264236884689   -0.360603733268804   -0.010200868857460 
-111.231266803657491    4.879380154402895    0.073683202895916   -0.053218992318638 
 -39.231550828682998    1.473224784009538    0.043563258890783    0.042130663722439 
1033.472307773200100  -54.985814644177438   -0.000000000000003    0.183802918542709 
-563.156944868830806   29.962721935781524   -0.000000000000000   -0.027029940065213 
 130.753348223672049   -6.956721835172958   -0.000000000000001   -0.049430355232377 
  50.773468844764842   -2.701398504576908    0.000000000000001    0.043778617939171 
54751.633298305125209 -3174.655879702363563    0.000000000000000   -3.400432115744259 
-12124.119209785860221  702.991016283536851    0.000000000000000    0.754206646259585 
-4872.718242331071451  282.534103300040897    0.000000000000000    0.266581734533493 
5945.592877142315956 -344.742435041123088    0.000000000000000   -0.339970284650864 
-90867.710999747141614 6349.311759404727127    0.000000000000000   -4.981651165624996 
21031.107712600572995 -1405.982032567073702    0.000000000000000    1.104349411007607 
7570.337465084132418 -565.068206600082021    0.000000000000000    0.407305114738367 
-9442.090217269780624  689.484870082246175    0.000000000000000   -0.511678125199681 
65866.808744111956912 -4188.226415164118407   83.537261890163364   -0.742828901967406 
-18464.371903336344985 1032.905201817145553  -14.421372574927336    0.218243366090464 
-3717.205058133711645  312.831315188408610   -9.750276319430565    0.000225280100670 
5269.428808141790796 -405.473779338120721   10.978515462349757   -0.026803412295387 
-9026.744169860719921  619.954941554706238   -3.288949481200502   -0.240971246589418 
4278.604676118178759 -314.967124805647813    3.048106327443357    0.212881116699230 
-486.253295084828778   41.480745752825484   -1.128854400657978   -0.105357627596006 
 144.536017668037744  -20.813130994058383    0.605740393218653    0.076176766071273 
7773.647083103521254 -311.433398260894023    7.322235925132052    0.012015422049733 
-4384.754842061558520  126.503513004447655   -3.433847269116798    0.119209898492261 
1169.623204633824571   -8.691347386921706   -0.001106945137979   -0.114897753173365 
 394.388062349784377   -5.899762562850512   -0.313013815144823    0.078270505381112 
-26870.181876412923884   88.910262720686433    3.502247452844272    0.085262507505215 
8959.236337684182217  -99.311833024461379   -2.967055787801722    0.075359833487264 
-641.605283343320480   51.544373466664581    0.734538205780200   -0.111560989444938 
 491.621760647090923   14.411265072006529   -0.166899383546981    0.073153646486866 
38226.023010943681584 -724.660339389229762   -2.914128576237532    0.102042149558977 
-5872.392739666626767  171.954336114986830   -2.233903512044222    0.044508984702081 
-3354.111276097486098   32.117962469992392    1.578909329813629   -0.099556832344091 
-1625.156574964913034   29.296501564249638    0.274225952369869    0.073442545454134 
-47856.203887948780903  822.732453250012895   -1.590805961661378    0.024692940507207 
5691.039160447969152  -65.760641409765668   -0.800993460484604    0.031246995998196 
5778.813464009888776 -103.656758663236303    0.613610397270378   -0.080644497339448 
 901.759705903120221  -36.489980338171279    0.177161733355304    0.078484214366217 
1294.443503471472241 -148.061751530219453    2.971238622973432    0.036758050808419 
-427.135105635642162   49.685787418483201   -0.909689748040578    0.024583515056621 
-170.134100855812960   13.570228970429923    0.004455792088932   -0.079448181159275 
 226.359114724392754  -18.197198515258549   -0.192626590787549    0.078292528238790 
-1401.767481346852946   77.190463819412088   -1.139643651591677   -0.036433971581981 
-331.677741991483344  -24.642005598362047    0.542972424439091    0.055627977409372 
2274.173937879992081  -16.035607840147840   -0.138548273774358   -0.066735378770334 
-2200.707711970665514   21.192617973070043   -0.018877571237447    0.050070096665337 
-1923.496970830582995   48.110287356553044   -0.273173759446451   -0.041087109774193 
 996.058197791390512  -31.522781043836204    0.154586112565490    0.058094666876246 
-847.948463145007509   31.142958006766975   -0.034079114997431   -0.067708252975758 
 763.049713922980800  -24.461864285137921   -0.041484806013200    0.050225247957631 
 -40.700302081225828   -1.165707753829786    0.127700431336027   -0.041109364803150 
 107.556883910620400   -6.005839957710450   -0.165882314300656    0.057736321099173 
-176.154429085005830    9.420280530572413    0.312302843511561   -0.066256331915463 
 111.518372205463834   -4.914116333129510   -0.292335331429484    0.048562382047072 
 382.231282145294585   -6.164405713906962   -0.172387621779529   -0.040627781484807 
-264.589978340628136    7.203997530062910   -0.116830853529213    0.048259348583387 
 268.204802837865032  -12.214516763277590    0.197909401348878   -0.049769175737320 
-134.698945693885207    8.782260134595024   -0.133977108509478    0.036010091780620 
-242.032880962731952   13.525603256456328   -0.045987671090060   -0.043470245187208 
 148.190766993334250   -6.425915274967110   -0.103470315640102    0.047037730559664 
 -34.255374473169923    1.601607715421345    0.015673946782301   -0.048614384605862 
 -47.492628396356736    1.843467908785236    0.048478462470597    0.035617018812009 
 229.848624252214535  -12.229078374226763    0.000000000000000   -0.038885433763842 
-175.604829453864852    9.343041444214123   -0.000000000000001    0.041896154388303 
  38.408126433332967   -2.043501412673387   -0.000000000000001   -0.047572078441991 
  60.336810710268018   -3.210215372953859    0.000000000000001    0.037536470796884 
-15055.273331995196713  872.947693515186756    0.000000000000000    1.406774985474034 
8407.743277078547180 -487.504938604848689    0.000000000000000   -0.520955397144511 
-5337.265233919482853  309.469863009876747    0.000000000000000    0.295738140672877 
5254.000517983780810 -304.641937264231331    0.000000000000000   -0.301504557962435 
20701.328268121342262 -1745.895387030373058    0.000000000000000    1.841569046575572 
-13044.283912304586920  975.009877209697379    0.000000000000000   -0.763769776101765 
8568.690440121130450 -618.939726019753721    0.000000000000000    0.449877569101597 
-8344.662974171262249  609.283874528462889    0.000000000000000   -0.453239313743252 
-111.916219224383894  654.748741555817446  -42.178530027286442    0.428507260638088 
6235.681375705621576 -537.679703869398054   16.905100633883901   -0.060317472147312 
-5245.791374087550139  374.734502431876990   -9.439810312060990    0.019966016843564 
4644.918475713790031 -358.410850878294184    9.697555690566920   -0.024816037386795 
-8431.373490660407697  646.579020127842000  -10.513517952104522   -0.211760367517616 
 893.575612420399693  -82.484021722632676    1.814750271993173    0.122516899228199 
 160.269240982494807   -8.200647563209600   -0.520997325728412   -0.063432875605077 
 132.977194140021311  -19.338549604819413    0.505836525047239    0.065862683104202 
9561.999500173014894 -223.378387555356539    4.041901187709969   -0.151536092592079 
-1469.637185897702693    9.715988656611728   -0.688008797192287    0.123715681760911 
 437.824201138912031    8.336090320710795   -0.516338953426613   -0.084532055641718 
 487.262072980986886   -5.617831951499532   -0.352504804825748    0.065794408519574 
-18138.104544332840305  269.065615276195388    4.826200235090836   -0.099604916068832 
-1117.081865970751096  -65.970484504202943   -1.653712992985124    0.107333273801720 
 338.664025620870234   30.884083775581416    0.156942108181844   -0.088724351033815 
 498.928344028119682   19.476217221208714   -0.114602027452522    0.060552548539458 
5305.257516319242313 -280.116697785075075    4.714665996232458   -0.042135455107740 
8462.365889437347505  -99.793291155976107   -3.326701728133306    0.082774790786697 
-3030.364632376148620   41.138093089869017    0.883833674791438   -0.083646360407994 
-2061.516419841133938   34.582681149425753    0.430993218845418    0.061892695370450 
3774.928145832099290  -65.359404265492145    0.053031606582063   -0.016486158471010 
-12255.037297532941011  242.764028558991214   -1.397545696107626    0.040506848688398 
4958.313696874274683  -81.531335269583280    0.338793002696350   -0.071675266753623 
1619.564727567706768  -48.867685870349518    0.238240467300160    0.068940114910686 
 -36.655376253339398   11.217467063795109   -0.313069857114257   -0.017948887525216 
  58.281208166163537   -5.837369405349360    0.204524735574465    0.038367784109779 
-216.240838039497959   19.051281222071665   -0.083689834469332   -0.071579268763475 
 200.946576059576927  -16.013762573998484   -0.200480318654072    0.068817416084626 
-2209.182670020948990    4.838892268220161    0.618277732354810   -0.005520251587823 
-857.340547496622094    4.304418333917834    0.115606055092223    0.041965238066129 
2125.546651693983222  -18.577806248203395   -0.056225963832945   -0.054536226835896 
-1924.356261566286776   18.953898280224443   -0.029938027834396    0.042526201365321 
 666.111753424696076  -40.991406078530765    0.368278714407921   -0.001743913748898 
 274.746833729962646  -13.481423285129893    0.052145952773077    0.042687000710924 
-689.097834204839955   25.517432465646323   -0.008237606830111   -0.055110544527362 
 668.862735349193144  -20.967572583108733   -0.043862829877962    0.042589197244325 
 395.774163509767277  -23.927007224525568   -0.186079565503813   -0.001173375159111 
  92.294270630161179   -6.442980365396657   -0.117994652549649    0.042320309297992 
-151.173034767408382    7.864177990184032    0.276818222655273   -0.053749253115817 
  91.100152103439115   -3.832699289103878   -0.255639972246534    0.041102178846683 
-745.282846972076982   24.680875337115360   -0.155216903526111   -0.021737420230372 
-121.253247536140179    4.892345387347827   -0.181476211696540    0.033023930526584 
 219.974399603268921  -10.702473898601252    0.160621018195659   -0.039608765848574 
-104.561018277784228    7.355968145682578   -0.111400610001051    0.030463645999358 
 248.922331942999108  -13.711131355732849    0.033145803806241   -0.020898839865040 
  57.428436632307807   -1.353814053795851   -0.120715692298876    0.030736388614461 
  -8.552974019964495    0.629141549325972   -0.012349304210070   -0.038892619709097 
 -49.931789941862462    1.969681140901805    0.048731162466410    0.030190282453640 
-240.140478614075249   12.776655693937919   -0.000000000000001   -0.025865123572563 
 -89.411595359283325    4.757137053879014    0.000000000000000    0.027314116726863 
   5.281073331688886   -0.280979100411729   -0.000000000000000   -0.038920794552595 
  62.842924148460739   -3.343552945671852    0.000000000000000    0.032168640291132 
-8846.163956994128966  512.925820237619746    0.000000000000000    0.024764915183587 
2762.015777580360464 -160.149553536654423    0.000000000000000    0.006585222408252 
-3941.045352087122410  228.513051492189049    0.000000000000000    0.231441868830844 
4688.808521721643046 -271.870493089800561    0.000000000000000   -0.269929611065204 
16903.498191623290040 -1025.851640475239947    0.000000000000000    0.280240818358159 
-5281.285811759103126  320.299107073308846    0.000000000000000   -0.073181383635927 
6277.994224613168626 -457.026102984378213    0.000000000000000    0.345258674134386 
-7436.961323512205126  543.740986179601350    0.000000000000000   -0.405341705813050 
-18249.559220597086096  934.374445537662041   -3.536072469716943   -0.276273558784804 
6193.712793496492850 -292.148925785967492    1.088151873651501    0.100372750591970 
-3692.117102937288109  271.005923724956403   -7.190653748619067    0.024972926649146 
4086.408489082574306 -318.691477311417714    8.699341657504188   -0.022425817540218 
4961.724573506591696 -397.816867293401003    9.519902123611553   -0.072009432510826 
-2268.189446577247509  159.983110825308074   -2.127818960046030    0.043106761409093 
 -11.557488287111596    1.486738574624809   -0.560130911735019   -0.042729918025416 
 150.505441857955702  -20.389593740949550    0.448533117580876    0.059434305736200 
-7686.921958250952230  114.138753269165278   -0.236826795520250   -0.013304051047429 
2116.112626667154473  -74.050906676646377    0.827704148198964    0.066889647038882 
 518.633631235094981    0.294225568206429   -0.498877034550780   -0.060706389541744 
 537.702797367475341   -4.860294251845168   -0.419902973202958    0.056864990161029 
29017.095876238330675 -281.738554453592087   -3.113962725355080   -0.022621166071882 
-7918.871070095608047   34.929121224369794    0.156112095173954    0.069981430275908 
-790.830091387417269   27.003913365602273   -0.030258004044554   -0.066560013024112 
 488.380957636785752   22.831457652614588   -0.111397357111022    0.050944546211686 
-24503.352763837105158  596.835929042382645    0.066191419073296   -0.052916518583318 
10451.837458057145341 -204.837052825380880   -1.558701979546143    0.066973995121295 
-666.089213939347246    3.059300092199521    0.273158211331507   -0.064927762169495 
-2297.725700779135423   37.618569685985818    0.498701045716156    0.052647960614736 
19160.978170556129044 -395.061958200645165    2.788800814713881   -0.003555515284387 
-10839.439242845965055  218.254251959433105   -1.377658843639366    0.034324539261770 
2071.504129326918701  -23.904050204780347   -0.008107564772023   -0.062321343259852 
2055.241888437867601  -55.393569919269254    0.258856518492127    0.060581426548976 
  50.376518131400935   -6.369060421917426    0.074371093750396    0.003162663411997 
  44.535442071159906   -1.630819256426051    0.087123539156616    0.031636951287823 
-203.388756759832518   18.117757639349733   -0.047233800127947   -0.062828676838774 
 174.755522650491201  -13.701652202839128   -0.208357313534063    0.060434447694959 
  26.157100515867796    2.397194945943079   -0.156016583820336   -0.004121034443183 
-1685.784048754476316    6.119002934500283    0.347460204725276    0.039895143720696 
1807.656077162600013  -17.274878589651131    0.001657318644243   -0.044303679112543 
-1676.373686061559965   16.708379997127849   -0.033952355006693    0.036354098114235 
 383.689710586491799    2.939833513951069   -0.119110384690482   -0.005076627352049 
 524.538741264226474  -28.853200564578970    0.190250470676045    0.042033033055087 
-589.187137330569385   20.225604484432779    0.022061946101030   -0.044520540306611 
 588.319424869025511  -18.068602103730214   -0.043358455855569    0.036363957482972 
-181.825705984900736   12.769166540974291    0.015033593982080   -0.005640457983061 
 240.709581946324903  -15.415608074593745   -0.187774489613582    0.041880293613325 
-109.547553195347518    5.131854435185218    0.238597079884869   -0.043224177751903 
  74.418617149214342   -2.997081044525604   -0.223244797512087    0.035042485291629 
 233.634328810728533   -9.562161216309674    0.146325420288143    0.003900399266018 
-400.734315150676025   14.147673638766227   -0.239682550518829    0.024872397940195 
 154.725954267417592   -8.322471520336997    0.107976172918737   -0.032371724790226 
 -80.414430880620102    6.142806639677541   -0.094461706549051    0.025986093283877 
 -53.000311371808777    2.473122772611450    0.024598744086369    0.004776450186760 
 150.774311110936310   -6.495488312195892   -0.108286015871534    0.022899323665071 
  17.472369447940764   -0.352021246422979   -0.040974517731372   -0.032188155674155 
 -49.617415942401976    2.000390936547827    0.045366054646040    0.025768143015493 
  59.517654076936914   -3.166632207283990    0.000000000000000    0.006395287131743 
-179.464274839565121    9.548382939105920    0.000000000000000    0.017614695387151 
 -28.328410443167009    1.507210898711378   -0.000000000000000   -0.033304693038343 
  61.636977765139726   -3.279390661104228    0.000000000000000    0.027679806226438 
21121.493901728346827 -1224.684466267697644    0.000000000000000   -1.304387712501214 
-555.295706292427894   32.197629052452470    0.000000000000000    0.015872065602096 
-3665.205343176133738  212.519060931664029    0.000000000000000    0.234249029832138 
4222.056685256940909 -244.806890184635506    0.000000000000000   -0.240848114386252 
-34425.008794189270702 2449.368932535395288    0.000000000000000   -1.914373324024268 
1057.526010099613814  -64.395258104904940    0.000000000000000    0.031908923248382 
5750.024249405735645 -425.038121863328058    0.000000000000000    0.340099616585943 
-6701.717491338780746  489.613780369271240    0.000000000000000   -0.362780485317207 
21288.953341115437070 -1542.751484470014930   35.045510532506334   -0.242837952246032 
-649.871914227403863   58.241491290655048   -0.237875302492337   -0.003229833952331 
-2999.136993028652796  241.767494413042414   -7.084369177224174    0.037115791229101 
3686.026943261067117 -287.555613722263104    7.810605920410194   -0.018275474275576 
 487.406146152047540   11.311183974637679   -2.218795229222705    0.003188944335991 
-407.542731512276987   10.801785590282769    1.442144336308302    0.016103224217533 
-346.024010548302272   22.834850626573669   -0.645840239702234   -0.035328669822088 
 123.311164026927543  -18.481001381408433    0.363863141198459    0.054625965707168 
 218.584753708159383   61.602229421146703    0.288964001757248   -0.039913116429778 
-766.483107676950112  -31.248874200709437    0.738894099878871    0.061900627896096 
 687.337321108871038  -12.868247041463071   -0.303052253541052   -0.044607605174872 
 620.582741613827693   -5.757634220163133   -0.469792277541197    0.050295857728592 
-9347.857083573511773   72.859367750012751    2.597226241152233   -0.015692836764833 
2962.539883493760499  -70.722836695727096   -1.011623926834198    0.061498492998952 
-1410.371489712649236   22.529698931682617   -0.137196983002084   -0.050125022614754 
 322.468851126393020   26.202443728278439   -0.118822314577457    0.043673822466749 
7214.931709029171543 -210.173391421456188    1.211369687962115    0.008331482383701 
1263.080171618218174   18.976420565512598   -1.533880197393653    0.047130300652551 
 798.275489770073818  -20.173278940283950   -0.113414560785967   -0.050664725197764 
-2265.535003106279419   35.966098421025038    0.508620383817563    0.045475106441961 
-5078.560275562341303   81.887682332929657   -0.519635929034888    0.004135755497425 
-3654.072428887397109   70.106017634190778   -0.331858538121660    0.032991221030125 
 259.815170360249567   12.140983494422684   -0.221797237492151   -0.053906873223366 
2182.237451923633216  -55.742958895111286    0.241764030054998    0.053320635201670 
 300.969657508596924  -21.134214173670621   -0.108828064239179    0.002796034894442 
  63.426636370436228   -4.019216914645089    0.115012699313012    0.032822950067322 
-189.893496954633292   17.411503117965843   -0.021966770319243   -0.054771189169381 
 150.126185974849392  -11.474853619938628   -0.212754977208253    0.053081367530961 
-2236.891934190243774   31.238934538513035    0.477295275395477   -0.015886357358558 
-1675.975136061129888    7.017951039229111    0.288953985792658    0.038349755804502 
1387.436179060659924  -15.632759342934985    0.081209092458983   -0.034523066671893 
-1476.705964091076567   14.649311615651822   -0.028620844367604    0.031431450950406 
 489.500146145491897  -15.166202576023203    0.588440166382284   -0.011831671982720 
 668.422382734263010  -27.750762996849375    0.145584076417109    0.040129297798069 
-440.066996830768289   13.150109039254446    0.064041264487675   -0.034250248949966 
 523.616344500947093  -15.985490939665723   -0.037860686458725    0.031445740798334 
   1.223355587129340   -2.626226078123428    0.436505150686196   -0.007607912505798 
 172.524942201982128  -10.627170621727810   -0.182136891870319    0.039765121869677 
 -57.893237676808610    1.876507098144970    0.192358157199383   -0.033018500816527 
  64.131131885705543   -2.571528337892637   -0.196324776438445    0.030282826140851 
 446.911640839802203   -2.475976945681414    0.227625686711590    0.005944568251656 
-313.121441846658172   10.561863182650063   -0.184810517910770    0.026335047664952 
  65.493984642751229   -5.233779417659957    0.054914539365037   -0.025970794089583 
 -66.878843222964008    5.304879004115534   -0.084423932949565    0.022335876870230 
-528.682391164345972   20.545933159914103    0.537906936635615    0.011385767712924 
 130.899194346513639   -5.568067272466891   -0.099061486839147    0.024690492485106 
  52.681557630121347   -1.859965694505796   -0.066892955570207   -0.026239428655383 
 -45.181037383449052    1.859726593782149    0.038600315353670    0.022111754492761 
 671.198766683803910  -35.711078755266882   -0.000000000000000    0.032721853079551 
-157.145154560719476    8.360895861374729    0.000000000000000    0.020012928061555 
 -70.404589118201770    3.745870748771419   -0.000000000000000   -0.028601240107255 
  55.408042583494669   -2.947980643871627    0.000000000000000    0.023804440007248 
-62262.503454244390014 3610.157556379680955    0.000000000000000    4.038297397832964 
7365.264506855702166 -427.059045797934061    0.000000000000000   -0.473273326585859 
-2813.959243105723544  163.161383838478713    0.000000000000000    0.177073872209168 
3796.482439725920358 -220.130881462412219    0.000000000000000   -0.213866616883181 
100537.670345839578658 -7220.315112759365547    0.000000000000000    5.836429263940488 
-11851.852287721367247  854.118091595868350    0.000000000000000   -0.685981073260718 
4400.733464703016580 -326.322767676957540    0.000000000000000    0.258340597834401 
-6033.676961556407150  440.261762924824438    0.000000000000000   -0.323508466716693 
-62388.444165114320640 4438.606715418421118 -107.527591869534689    0.854664086604684 
7333.485588690884470 -520.290315385600479   12.904191147197539   -0.094294066044593 
-2163.685283720717962  184.011391401174251   -5.501079696636023    0.024925303729486 
3342.560557467048056 -259.437840112321794    6.989791234414531   -0.014160759402924 
4054.433063209264219 -115.659079889474668   -2.337959318931372   -0.032586176941628 
-224.765426705257369   15.043479580771852    0.610096125349786    0.017299078343530 
-425.062530325494151   26.065508772955496   -0.389310181994973   -0.031153382001955 
  74.642272657713647  -15.435774997038109    0.301333032058421    0.050467723264712 
-16542.088573361772433  302.681310463498278    4.094419900165585   -0.084858098023209 
-684.513825036377966   -8.148038167779283    0.847255600537840    0.046933209234929 
 505.962704519703721  -17.792861087524166   -0.104783540988963   -0.031003375533494 
 694.950531542070166   -7.734111905393917   -0.495564206107289    0.045609149087082 
30432.445005885932915 -549.238030476954805   -0.138145967334122   -0.009057184894634 
-542.906522846409644  -43.400573789471565   -0.037664086402094    0.055613679212140 
-1107.917319631715145    8.264272621032703   -0.268357984656623   -0.035486001088368 
 174.204567225547180   28.055915224004806   -0.146705853807252    0.038338458521207 
-14073.022221361472475  372.190142990279412   -1.925020814793003   -0.035111441879646 
3968.679562504252317  -59.838601217535938   -1.079616564407860    0.050254606546439 
1452.245456535370067  -25.281051521786594   -0.440101656011157   -0.038491611797890 
-2131.923275709288646   33.330450219705654    0.472842642056842    0.039894699166467 
11857.369764283121185 -197.487041312996951    0.432311521433848   -0.027895341993985 
-5558.532532223328417  100.813898509040698   -0.526722011509759    0.034542129341659 
-891.760449778583393   33.505973012326407   -0.329119806196077   -0.045465204426893 
2147.700403479087981  -52.969992553217679    0.207839171786432    0.047105841524801 
-467.933981491851966   43.047412235691972   -0.611991234991091   -0.030335824092395 
 176.290257936157758  -11.944547229771329    0.074202175223315    0.033871463152738 
-159.928885166308646   15.416032599913773    0.001685088997798   -0.046434387516874 
 127.968371411129795   -9.402493756542171   -0.213916304884360    0.046753288485244 
1412.573419209835265  -38.379985472852297   -0.341257591410599   -0.012321028728272 
-2514.809611382474031   18.732551491171343    0.467939714065961    0.032392371795043 
 863.588085630210571  -12.413946526634911    0.175820804941311   -0.025680300721950 
-1333.832482768415503   12.865885726793437   -0.013022584447464    0.027684254509149 
1575.438971669985449   -9.075635897059584   -0.669418969089233   -0.016049054534489 
 851.984937538836448  -33.438088962858274    0.366249138810463    0.035692420804549 
-250.016081796631966    5.501502544290986    0.128020416391122   -0.024772534124639 
 480.008124600264409  -14.804954470990978   -0.026431480003783    0.027768371223342 
-422.684401535643815   31.283836585600415   -0.479776319073101   -0.021446220953100 
 172.983700547153518  -11.612005401023904   -0.018447460362999    0.036912154680003 
 -14.704657333166466   -0.903389904699019    0.167285113170219   -0.023433841247817 
  59.592568764391501   -2.508143839397853   -0.174273346601562    0.026761984363886 
 799.865405667688492  -20.629086603421733   -0.043580727741796   -0.017658020474493 
-145.529576531731323    9.633371828019452   -0.099450885393922    0.028564260759323 
   8.162607345452557   -2.709375041326263    0.019381863951950   -0.019108380536549 
 -62.711743372958836    4.810849796664913   -0.080002698451933    0.019512623213664 
-374.911551049995467   20.574649847153218   -0.044515467404502   -0.020439175694039 
 -67.356702340115476    2.136657662500866    0.102653614399209    0.028960155377453 
  60.624369130920968   -2.288891895751547   -0.066443939625199   -0.019533097672563 
 -37.583125563262456    1.580358606539583    0.029741459661149    0.019239852683482 
 363.117349047834182  -19.319630626436670   -0.000000000000000   -0.012863375878173 
  94.554382945706479   -5.030758671850318   -0.000000000000000    0.032283622966386 
 -78.228435570078005    4.162137897461957   -0.000000000000001   -0.022064171228762 
  45.463010994887583   -2.418856003135102    0.000000000000000    0.020605896864099 
-13904.599863528761489  806.228363474715252    0.000000000000000    0.914718058576907 
-15983.174288485965008  926.750037844448002    0.000000000000000    1.041088197601503 
-3891.197965809501966  225.622757844292721    0.000000000000000    0.248050731086123 
3438.213340198254173 -199.357417095891037    0.000000000000000   -0.191239978979796 
22407.661971486471884 -1612.456726949430504    0.000000000000000    1.316280840556260 
25849.774091968512948 -1853.500075688896004    0.000000000000000    1.502679900716967 
6150.473690233903653 -451.245515688585442    0.000000000000000    0.360427951266432 
-5472.407833069957633  398.714834191782074    0.000000000000000   -0.290535070350958 
-12696.895876359116301  986.063592639453077  -24.213373824641934    0.201164057953001 
-16062.180973227013965 1144.187202896309145  -27.418655803878007    0.226204966432164 
-3254.772206787730738  261.998502340012521   -7.315387778721076    0.041414166277932 
3064.833179315264715 -235.896798624023461    6.293769431139804   -0.010849175424536 
-3747.296031695258534   59.208637846043608    1.221077644642515    0.012893233694206 
1295.646971998217850  -28.328675377781295   -0.266638619249477    0.005079261990419 
-291.202337163874404   24.404859298329331   -0.346377993732435   -0.028356089460211 
  25.916311151337823  -12.168428672378230    0.257635684472852    0.046780203736746 
26638.667528314857918 -327.441051574819312   -8.004417092862996   -0.027529177384075 
-6887.797040047023984  105.357453256032514    2.382663063099930    0.015111422476226 
-440.576153615722887   -5.641684201492513    0.298956291965759   -0.023247796569600 
 715.191574345992649   -9.494358203206975   -0.487426866104994    0.042301320066990 
-56190.107870168154477 1044.453191622420491    4.304317020661704   -0.126670319461050 
10869.260354360747442 -249.364835218328722   -0.089468824152380    0.052217234876652 
 182.876909307583446  -28.331403504942394   -0.284249598475933   -0.022007136827269 
  86.670357004228208   27.338084807898085   -0.181108919581812    0.034753982308603 
17285.656928822503687 -656.860930582419655    8.216133604037870   -0.034605473172027 
-1308.703770506266210   79.732702403817612   -1.801499369955230    0.037087815841572 
1784.742430535114863  -22.794288873501273   -0.800241147806543   -0.027573808999389 
-1915.868347004336329   29.962274508486246    0.397201119957682    0.035799898884098 
-4024.312030881490955   42.863990841840490   -0.068749872550162   -0.000870921537748 
-1112.018870617163884   26.756258016667061   -0.364605190972074    0.024081376093915 
-1725.579375133646636   49.452242578039829   -0.440535706506305   -0.038137266247446 
1972.537201761642791  -47.592245640037589    0.159313523022383    0.041907928652570 
 298.192222478413612  -38.771794707604847   -0.041078919645485   -0.000620139870661 
   0.815014876712738    4.198232358613259   -0.155294537898349    0.022495529118090 
-137.790726064699868   14.447743241019007   -0.008451456336581   -0.039388513483021 
 109.817862487992400   -7.578046254995295   -0.213741555152613    0.041418982000965 
5883.800123473482017   13.118039443641734   -1.529122543475067   -0.075257653572042 
-1985.094579178785352    4.340056938851729    0.339968117286987    0.027771986021941 
 301.100061810052921   -9.529870472882029    0.276809283860429   -0.018159755994827 
-1262.418939783096903   11.531877618886963    0.015600055469256    0.024956283218968 
-5884.981332438866957  135.179613948426322   -0.503626283204740   -0.083258814337506 
1442.774551915083975  -36.841452424255593    0.115217025402001    0.029674025354115 
  36.828854385107434   -3.283440129098238    0.188203686917680   -0.016601728354806 
 465.145408266273193  -14.657462644360734   -0.006013744084982    0.025198152723196 
 184.146367632166744  -15.581378015461539    0.517659804654014   -0.081366653277388 
  14.477049971285936    0.119433318576331   -0.198363580015411    0.028869821822591 
   8.727936481638622   -2.339961415004971    0.140183733122917   -0.015211094184993 
  59.631801447045746   -2.741403918544977   -0.154588012146646    0.024367619474485 
-619.417572214868414    7.034966954202545    0.167777655109290   -0.073653594208791 
 154.419950593654619    1.897464351736232   -0.115793658297095    0.021942503081388 
   9.273904103192649   -1.268020518856796   -0.007523704009427   -0.012795035056460 
 -62.403079967640849    4.582408166539626   -0.079219004151090    0.017535903899720 
 504.201985262835024  -24.873299383546680   -0.138526356760846   -0.071834445563632 
-207.948533983865332    9.852151355183402    0.085960314122521    0.021295464492188 
  26.211214590423765   -0.790290768541018   -0.042867198559983   -0.013251145188858 
 -31.789777019106168    1.367817258529939    0.022952985660712    0.017210797637157 
-540.904011087136155   28.778756305540419   -0.000000000000000   -0.085541303186513 
 230.723388838645747  -12.275620156764159    0.000000000000000    0.027459857012072 
 -37.568714097034949    1.998840543885185    0.000000000000000   -0.014596236231455 
  37.871082354513490   -2.014928023767276    0.000000000000000    0.018327183288341 
99805.192426306923153 -5786.989754893929785    0.000000000000000   -6.513621874003192 
-21197.399237309313321 1229.085674147469717    0.000000000000000    1.384107469567847 
-8538.769656533904708  495.102221843281882    0.000000000000000    0.551200189482292 
2674.919074606019421 -155.099438251623440    0.000000000000000   -0.142180075798349 
-161062.501383870316204 11573.979509787859570    0.000000000000000   -9.395981029969676 
34252.647331276042678 -2458.171348294939435    0.000000000000000    1.996285215925570 
13663.276368139462647 -990.204443686564218    0.000000000000000    0.797798590846748 
-4255.930936815653695  310.198876503246879    0.000000000000000   -0.219431341977240 
97279.358157269452931 -7103.747024215001147  172.797887345090885   -1.404748402335127 
-20823.516926861742832 1513.961050136108270  -36.498670988118832    0.301641488164540 
-7865.484444298817834  594.267033969064187  -15.305053627720667    0.107394973102520 
2382.216451001611858 -183.343155331893115    4.903637716112822   -0.001745053488602 
 276.293957195257860   -2.495191862201972   -0.117232278670934   -0.004602701795808 
-109.589039887503290   -6.125436185515053    0.191265497491468    0.009914224625747 
-142.945095650035000   20.098095352917287   -0.355799633952186   -0.026481903633190 
   2.441565381420560   -9.444814942071837    0.212557124105217    0.043340238119879 
-4443.188896009256496   26.013090332433919    0.691634351421348   -0.000345328189734 
3101.703283071045007  -17.432941084524746   -0.618993346723695    0.004787980957198 
-913.837873237719577    5.348879819945964    0.519415006512788   -0.020760371140422 
 604.526373909532367   -9.192891825125095   -0.428461846382836    0.039577693547403 
20306.673148000121728 -202.811615760461166   -2.343413341093809   -0.003284185575135 
-10202.030096952299573  142.305111640078763    1.524650058595753    0.004715865078758 
 266.280691483637383  -41.713868952223613   -0.104851944170511   -0.014890499332842 
 169.615859270641522   21.940281459381438   -0.209631200587705    0.032571581532445 
-17149.248761402035598  412.030232942098451   -0.231851943954110   -0.026717796165821 
5173.417577802189044 -166.590146564589617    1.279550731558964    0.024110763402062 
2267.831656447103342  -33.651469393597807   -0.865484727606076   -0.019923986593935 
-1679.462990912501255   27.075880369314405    0.285069684771700    0.032865081066910 
14654.511235367379413 -282.172873799448496    1.520360517444897    0.003041051147879 
-2621.135882197773299   42.830254582358059   -0.390386393178379    0.023754780517260 
-2192.223719235508725   58.150556652917899   -0.534909654525112   -0.032157746671049 
1731.604500581227285  -40.908930054159228    0.098415326505331    0.037515340854479 
-112.805828259577396   15.103412771287948   -0.285532024352301    0.004950537028055 
 112.637098306119157  -10.341190656738776   -0.170699132765397    0.022262976666592 
-123.609211916846078   13.679873453753341   -0.049200665169550   -0.033793700259935 
  93.189163021881669   -5.782207130802876   -0.217304696614280    0.036845699247373 
-1250.099601314811025   -4.526461110171844    0.327983046518690    0.017189398112440 
 221.330467123785411    9.259321730217392   -0.233452836516166   -0.000449634067575 
  80.629547803176820   -7.829948139248391    0.290123693956782   -0.014744462000532 
-1244.306737740349490   10.434078370234628    0.052526650316694    0.022973263396574 
1442.169240362664368  -30.460232214246830    0.086045818634441    0.018827615434350 
-764.093447749509323   13.850902806404575   -0.073642830799777   -0.001548030022449 
 121.663992405805857   -6.157258831329642    0.193400461242958   -0.013085978938348 
 480.798263273165162  -15.379517671133982    0.018328337717250    0.023423978453250 
 -63.806766191304689    6.485146704529960   -0.118684803814054    0.018239250189739 
  83.531937833350327   -5.723583437221876   -0.004241153270155   -0.001642673156430 
  20.979059957217942   -3.040480179835649    0.114858141462221   -0.011807700601723 
  61.308658287333444   -3.062465328754296   -0.139153422138057    0.022758404422657 
 -77.113775110690938   -1.351422944586313    0.091485089890229    0.019871509864387 
 -77.861638986923197    4.535576959562286   -0.052877037631112   -0.005677594746909 
  18.843693054034219   -0.463890354944492   -0.028607541000453   -0.010761921514650 
 -60.040830172448182    4.467293652010829   -0.081641052330525    0.016135521452120 
 106.192193732493536   -5.323810853671461   -0.023136100216870    0.020653531801874 
 -18.872789510302383    0.524664086353381    0.034012930337205   -0.005642452594174 
  -2.141450846347141    0.506811161651076   -0.027870543002517   -0.011294518701606 
 -30.777801536334664    1.374390114528566    0.018667156458330    0.015746844469749 
-112.322014565789317    5.976084145575838    0.000000000000000    0.017873781497450 
  27.884384680970442   -1.483586542186536   -0.000000000000000   -0.004618131682871 
  -5.242742407082926    0.278939706516350   -0.000000000000000   -0.011741020565305 
  35.723592896333400   -1.900671012321811    0.000000000000000    0.016764641167437 
9416.656565830826366 -546.004609049317878    0.000000000000000   -0.613603011265129 
16229.547922555755576 -941.035483937752019    0.000000000000000   -1.058500733183348 
-9159.751070878097380  531.108495619496580    0.000000000000000    0.591901031530354 
1471.295520913953169  -85.309911227686115    0.000000000000000   -0.064375290623728 
-15206.249414517469631 1092.009218098635756    0.000000000000000   -0.885554656377735 
-26145.790687675282243 1882.070967875504493    0.000000000000000   -1.527207670313055 
14676.633448589553154 -1062.216991238993160    0.000000000000000    0.856433284048312 
-2327.398974262403954  170.619822455372230    0.000000000000000   -0.106866087071719 
9126.234656362248643 -671.394216790781343   16.258971730490607   -0.132153241651563 
15656.242382114283828 -1149.944083944515341   28.300536766290200   -0.225139162711133 
-8511.393762392246572  639.769154743013246  -16.329820405449244    0.116957763784196 
1263.662189882962139  -99.278640584053321    2.757710152179262    0.013648817178473 
 388.427284913081735   -5.192344126275851   -0.204306970046655   -0.002567012706053 
  -5.978805939283415   -7.061133133840646    0.147303392989866    0.008188211452318 
-157.391076378383218   18.449774187997811   -0.313478522642019   -0.024219099123432 
 -16.599263687928840   -7.033136384961715    0.170841723965219    0.040175920273563 
-6068.257713728337876   34.885965087605229    0.816965366536877    0.000067171455150 
1435.507447067574731   -7.678032209862065   -0.359630464940688    0.004658482886048 
-346.686531970392707    2.210008158147620    0.397087030054740   -0.019579563160016 
 530.082650240284920   -8.745864735022025   -0.371855893268675    0.037056784888185 
22576.928397210005642 -277.629959924496120   -3.350148582055049   -0.006326514621738 
-2587.027666452245285   66.250755729905848    0.645870055685576    0.003484295488083 
-1332.351528941931065  -15.644385530975548    0.166463070114654   -0.013865479261987 
  83.155696433404046   18.553448772697593   -0.203492015625284    0.030777540082744 
-12556.895824839361012  405.950274641547935   -2.055062003836686   -0.045207845875680 
-1257.550707723590222  -12.078809211302470    1.192606252576178    0.014091589839879 
2757.315015206929274  -55.985088865584316   -0.556465104589183   -0.015148692438692 
-1348.644010690567256   21.071222203757998    0.196424238173514    0.030699130225189 
4005.341879745569713 -102.353979026575061    2.041472962862907   -0.029874963055680 
2874.305831065016719  -62.984573092435618    0.179748800863459    0.024895174697714 
-2160.577475627104377   55.631266839158229   -0.561239353564477   -0.026076502269177 
1445.243379774028199  -33.522006638834689    0.028421286431915    0.033872730519203 
  81.385716549301677  -21.103015324463790    1.206671168330018   -0.019512351064843 
  70.334912708777651   -4.677410867505782   -0.277773641897511    0.024119428052112 
-100.737710539983865   11.802548263222761   -0.105259762002413   -0.027995899670097 
  79.277642309989574   -4.204305200026326   -0.226679633444996    0.032979014742930 
1207.431543839791175   -6.940703179218919   -0.420002044947895   -0.004638696653611 
-247.456883369275488    7.561898813902969   -0.110459194071656    0.005996390224590 
  77.363745772491711   -5.727295571233342    0.247134690133304   -0.014051117480905 
-1233.211356499959948    9.591171010507423    0.085785003378459    0.021156753157390 
 327.685265399921605   18.107903546874510   -0.342779499932676   -0.007475692917659 
-223.279982613506718    2.428315726061896   -0.041375648811861    0.005512325765432 
  -1.757686389572086   -4.122356514771319    0.179023151291503   -0.012590441970475 
 486.884039000387986  -15.992247309743547    0.041520784380894    0.021800815803251 
-384.411443013348844   26.502519072896693    0.038162607111514   -0.008878323781743 
  59.604400511611530   -3.291653423023177   -0.048747954700426    0.005197045664723 
  38.871102250338190   -4.167384787366284    0.108234502965899   -0.011363404038186 
  65.111604720414391   -3.519290040283057   -0.125094228732575    0.021292398614899 
 410.588919033914010  -20.709825744257220    0.275310104341678    0.010726359855360 
-106.779304653431041    4.028793355342440   -0.018570128922277    0.001774221452236 
  -4.236424901010338    0.606655934418600   -0.037538436819626   -0.011249843176484 
 -59.052569491877648    4.477536249697283   -0.085864516852376    0.014740380387573 
  10.980818470481921    0.440979740670219   -0.072728529396517    0.011426259737667 
  20.949283139381087   -1.471764983773332    0.025336892755879    0.002102621831529 
  -1.881889142712112    0.388423549473572   -0.020451815115882   -0.011736997546937 
 -31.132963599842753    1.435541318010641    0.015669602923798    0.014287205239564 
 -30.249962815934470    1.609446944905716   -0.000000000000000    0.009891409673463 
 -14.236370781198985    0.757445012404318    0.000000000000000    0.002084536378673 
  -3.536740669611707    0.188172015293584   -0.000000000000000   -0.012057719978330 
  35.284564671389553   -1.877312549382109   -0.000000000000000    0.015259765018716 
-18695.289339415787254 1084.006204906228731    0.000000000000000    1.219397336302133 
19760.794134742303868 -1145.787212331245428    0.000000000000000   -1.288601862407772 
-4660.958313715837903  270.255658585871799    0.000000000000000    0.298513207081464 
 598.305230699263120  -34.691443963825861    0.000000000000000   -0.008125179019801 
30158.982771062732354 -2168.012409812457463    0.000000000000000    1.759314519876483 
-31848.134218119321304 2291.574424662491765    0.000000000000000   -1.859290666454706 
7427.392835365225437 -540.511317171743599    0.000000000000000    0.433120991952342 
-931.047478571365900   69.382887927651751    0.000000000000000   -0.025404145352559 
-18129.107777730805537 1329.395291555985523  -32.416941801982425    0.261785318014693 
19078.580378250120702 -1401.716915241057904   34.397651165224168   -0.274696628330469 
-4169.540917346697825  320.811529844816391   -8.492546914009946    0.054478289903996 
 462.191433867674675  -38.586689382479236    1.190434292632506    0.024492626434035 
-169.619970637277419    5.996759080040501    0.076951476512659   -0.001082102883762 
 139.681425903121180   -9.008262181194048    0.070688279222370    0.007225581687549 
-140.678248882903233   16.441099773618465   -0.286229563615489   -0.022292374980949 
 -35.607920037182112   -4.847386113799882    0.133559487099560    0.037271459990385 
1524.391877887023156  -11.504796284617886   -0.112490088503396    0.001757247054636 
-840.089195580545606    5.404204697989824   -0.053268452489360    0.004683672181729 
-272.259250534514990    1.925779719163602    0.345474665375985   -0.018411793776544 
 497.324571757290869   -8.521446317970934   -0.326243605045014    0.034682259482526 
-9794.028882835249533   67.001549403541603    0.840206163277510    0.004147576313961 
5879.320482501496372  -37.860479241779942   -0.610435662585066    0.001111852504931 
-920.814926935773428  -12.095600969959847    0.170892369252218   -0.013290960762861 
 -79.714988696852743   17.090822624127881   -0.179135671190191    0.029086440818126 
10706.077446928466088 -229.540320388740781   -0.800233865311875    0.009383617095686 
-5966.386642038359241  140.152543779277977    0.421958001137424   -0.002861352363501 
1854.322846486686558  -39.975872044587376   -0.354644572874984   -0.013744912754145 
-1048.154050755771095   14.677226331792653    0.141486779820126    0.028937428187624 
-9819.460580394110366  203.842641633540381   -1.146981968316396   -0.016904694432273 
4376.309035969629804 -101.367315227401662    0.945301161937047    0.013692063551834 
-1254.250617247776063   35.087280799178622   -0.420608108214414   -0.021253097487984 
1227.905157289908857  -27.752142353795470   -0.034937805869562    0.030943805302989 
 -60.631882819277969    4.648500622387756    0.262810815108807   -0.018376064374700 
 100.854556414765497  -12.591041614179609    0.174728046226241    0.016802296402796 
 -79.339026899540983    9.643991703012079   -0.118140461461322   -0.022880684113234 
  67.943367981201604   -2.843288038733855   -0.241820537224302    0.029818283286808 
  68.131977783642867   -5.902339093084303    0.190082034373414    0.000675443471600 
 205.329945570635743    4.959135121695918   -0.267959960927113    0.004256878979486 
  72.097878547661821   -4.162166329283486    0.199832295758458   -0.012769458830395 
-1225.049137346982661    8.979857672173575    0.114130598243713    0.019484997115135 
-143.335560410575965   -4.488916422722266    0.118225242123301    0.001730169857291 
-100.398008088532094    9.218779556139669   -0.169917961286612    0.002708940921310 
 -42.217435227326860   -2.666469604496111    0.152611450029194   -0.011562783634632 
 483.815588757339697  -16.434232441755270    0.062582692568840    0.020298539684297 
 107.213558669443842   -8.160875610100481    0.010204780812571    0.002323147975391 
 -84.549890618393349    6.646791229313017   -0.034436977033608    0.001867674246569 
  35.752915986990345   -3.747992561580043    0.097836386499145   -0.010480314049275 
  70.151007660065147   -4.039882490874328   -0.112252066312017    0.019935836472501 
 -28.492469647237826    5.006795625951074   -0.118920331094650   -0.003580395430347 
  47.191539984286720   -3.737391298753966    0.084671160205851    0.005796606397996 
 -11.684895484653197    0.643081191492153   -0.029275807909179   -0.010303489695205 
 -60.448617757225634    4.575869259270081   -0.090309264671697    0.013382822122296 
 -73.888579201609446    3.539053426010821    0.027821403864079   -0.004290403802505 
  25.067090065810504   -1.306397581021948   -0.001936305767813    0.006387469233154 
   3.870157507936938    0.041153228874157   -0.017526741742374   -0.010675736163852 
 -31.019420282553710    1.461959222379377    0.013366967074646    0.012875250925865 
  81.259753229167274   -4.323418920355962    0.000000000000000   -0.002148339887634 
 -25.580106837172771    1.360987616743873    0.000000000000000    0.005793815006222 
  -8.513800371908230    0.452976093937113   -0.000000000000000   -0.011072926055218 
  34.560946835606735   -1.838812518087315    0.000000000000000    0.013804440061860 
-48669.615516817088064 2822.003139550171454    0.000000000000000    3.175177486888542 
12750.060632461389105 -739.284885491410023    0.000000000000000   -0.831327861294471 
-597.101467815375941   34.621646358039762    0.000000000000000    0.033521991618683 
 287.933612849085534  -16.695212214310139    0.000000000000000    0.011436203187726 
78529.275315371793113 -5644.006279100342908    0.000000000000000    4.580748765215038 
-20538.515678970798035 1478.569770982820501    0.000000000000000   -1.199547721501024 
 879.061598228960634  -69.243292716079551    0.000000000000000    0.050766193457876 
-441.346208084095394   33.390424428620278    0.000000000000000    0.003120723149762 
-47415.540459199080942 3462.696501816630189  -84.319042102686865    0.683148745381664 
12280.164961601063624 -903.193680907563021   22.241297989480756   -0.176527134074959 
-249.697749865299073   32.697705326238804   -1.412678269671831   -0.001924680396683 
 203.693223981115068  -17.790599773698425    0.603014888380894    0.027521577303619 
 -63.089973972905170    1.430926610692022   -0.026952069042391   -0.001478389336113 
  76.073936914144895   -6.759477526179026    0.099545082914618    0.006819793106138 
-113.708828530745237   14.470132310196849   -0.264950393348366   -0.020536703131738 
 -51.341467872959754   -2.921290318600526    0.099035591863038    0.034595699349439 
1645.295465675465948   -5.078758942802532   -0.152414378072710   -0.003279513270706 
-268.442241372910303    1.089906091258236   -0.095452235678135    0.005342639827217 
-410.825680153697249    2.737543567819596    0.326884579355048   -0.017158504775426 
 453.143099646028077   -8.218753459912790   -0.284111298647270    0.032457399761451 
-7248.279987031595738   79.654134521913477    1.127798910029471    0.000930818569150 
2206.559651438267792  -12.734898215451636   -0.295358351355995    0.002667193622666 
  89.920089806699252  -18.420023152113828    0.057668117509585   -0.012818579996911 
-122.081434686526336   15.118164915908871   -0.165671154598904    0.027450544153147 
4583.305986427419157 -139.808001627117335    0.520689536212387    0.012975354180340 
-1951.607599440192871   54.074923633500092    0.121870301645476    0.000657504047381 
 864.573566301867459  -15.697438617990095   -0.286666035027122   -0.014020393793660 
-888.678178713252464   11.421804884511189    0.102186345210338    0.027192932839817 
-1967.696050652545182   45.724630104613532   -0.748811530808924    0.005806274072402 
 694.011318321860472  -24.926324614824441    0.515182923818397    0.007352803139732 
-620.460572961342677   19.300575818900406   -0.238047597494983   -0.018622489151538 
1120.325024874880000  -24.551966394885781   -0.074983687897965    0.028468089628676 
  -7.160655104483240    5.808636616808322   -0.400349592598592    0.002225207609395 
  78.117600357536446  -10.847853880784173    0.273282101892039    0.009911272262284 
 -56.967507303003238    6.714129766141598   -0.062139192946536   -0.019541488030099 
  59.483420416608254   -1.825444998300801   -0.253344666811423    0.027184842903216 
-701.416338384757523    4.562577270599860    0.201231678359012   -0.002850958092642 
 230.879437239495871    2.745757961789367   -0.196679198037082    0.004510170281336 
 126.624051398930305   -3.199054693847835    0.141752400887933   -0.011673577672792 
-1212.695551859874740    8.525545361248458    0.135294014797420    0.017956647720920 
  94.268439404572803   -9.988559894148121    0.163710350398214   -0.001473178994795 
-154.148843242495246    7.535435897618756   -0.125583495490373    0.003357754617794 
 -74.035791643706091   -0.572192672776296    0.115673767932070   -0.010804446692244 
 476.689738211113593  -16.632265126640739    0.079235064353408    0.018898898169866 
 105.422010114393487   -7.573598378946292    0.013741684245495   -0.000744870007647 
 -44.344806117352149    3.586462875525346   -0.030610184228893    0.002738854737341 
  19.641078895022197   -2.468835798475252    0.089705491341332   -0.009904497926286 
  73.508431599302781   -4.420464658289799   -0.100540664553249    0.018659517024833 
-118.173046416507219    5.374039843845626   -0.076306204019441   -0.005642260362717 
  36.506863866571820   -1.859842939022336    0.040076036045358    0.004453958111616 
  -1.222595003295794   -0.056573088229883   -0.013682408377778   -0.009022169131504 
 -61.227511235332599    4.607636566870505   -0.092878020053798    0.012178464925539 
  12.423484072528964   -0.713448158017363    0.003721339850605   -0.005966295428357 
  -2.641127134791645    0.020747453732050    0.008496720681216    0.004778567807214 
   6.673402874314121   -0.119553037037070   -0.016706689878198   -0.009279981533806 
 -30.288290943036429    1.453603127507858    0.011200208258649    0.011632208417225 
 -11.437529381367270    0.608532871002877    0.000000000000000   -0.006177498753707 
   4.892300623763280   -0.260294478389524    0.000000000000000    0.004988187548359 
 -11.099776148584320    0.590562736231399    0.000000000000000   -0.009725175735895 
  33.255743075312985   -1.769369252412370    0.000000000000000    0.012506656688087 
18985.014027665962203 -1100.805268781402901    0.000000000000000   -1.238602771155846 
-5501.045186345023467  318.966291839904329    0.000000000000000    0.359363696288732 
 309.025462949169594  -17.918177848398454    0.000000000000000   -0.025473529007034 
 317.457783948089343  -18.407107873424515    0.000000000000000    0.008838472836415 
-30643.837169981925399 2201.610537562806712    0.000000000000000   -1.786887160760123 
8909.962564293629839 -637.932583679808658    0.000000000000000    0.518233065454615 
-574.507541105684936   35.836355696796907    0.000000000000000   -0.034398138547925 
-499.000324939058487   36.814215746849044    0.000000000000000   -0.000329660884396 
18537.222756135939562 -1352.023646034651620   32.840980965967567   -0.267159768990630 
-5500.662710598594458  395.317507273673414   -9.378342799026818    0.079653645443165 
 597.740031510009771  -30.786816377997418    0.195191129134910   -0.014033866475657 
 271.750105313596066  -21.052708766988637    0.609264756650741    0.025857030677436 
  11.504298665022814    1.166687015519676   -0.029217594802497   -0.001492449272549 
  52.415196674308106   -6.222880047169655    0.089438057023721    0.006265397105095 
 -97.647686832188981   12.847337613528284   -0.241327500856074   -0.018901054355334 
 -64.489638780435314   -1.215345837635958    0.067419543855184    0.032132283246083 
-306.726440430499679    2.353711864427492    0.091861811259563   -0.000649193978955 
 348.543558255382663   -0.814628512292576   -0.152607627455401    0.004112822350703 
-400.813015543387337    2.771953265190287    0.295877096463356   -0.015976572003186 
 400.808947311761585   -7.869450182319593   -0.245039851742533    0.030389660112467 
 529.656575097165614  -13.442732811932888   -0.098500112616773    0.000069684471144 
-511.545343698567422   17.135402230265697    0.127566239905056    0.003016250586098 
 301.796878274160463  -17.869960150262031    0.036694103578218   -0.012108149470816 
 -90.520725756638058   12.772253718766322   -0.160874881903992    0.025891714558905 
 363.014725714728343    2.594115047721516   -0.207990954262787   -0.001749216722460 
-232.867854529920919    1.646923023331290    0.317128877725120    0.005523261865009 
 591.514134555604073   -8.732207785886196   -0.231791137605797   -0.013247798054611 
-802.148582162031630   10.031483235857905    0.069274286045573    0.025475999604983 
-976.795219365112303   17.288983253918797    0.060298905051879   -0.003191565758358 
 -43.874700672829420   -7.779588325594588    0.234378599765049    0.009530155916883 
-539.193495755214030   15.212336701348050   -0.144352407047052   -0.016512119269461 
1049.768223754560267  -22.439562321456798   -0.098152426921287    0.026266506412840 
   9.538135641667141   -2.525942736386941    0.160124862921504   -0.002295325992146 
  75.432354693354711   -8.669615149480968    0.123151004667565    0.010745725115807 
 -37.773762921641769    4.274446137358449   -0.012585054626585   -0.016959363357838 
  53.569083854818402   -1.144331501028150   -0.257623965885721    0.024901366637164 
  91.426372973563517   -0.866166795738370   -0.036634126500255    0.000355469762636 
 -32.151689654799895    4.456724438264306   -0.121217318652451    0.003441060996595 
 151.465019847019221   -2.298744393841123    0.102015336301741   -0.010679673763051 
-1194.630008014048144    8.177477276402080    0.150332983060877    0.016562353644942 
  43.919875499163822    1.030506578989852   -0.035497696966253    0.000090953468706 
-118.798178465768260    3.789725937312960   -0.064192114091043    0.002805312494746 
-108.154169357241244    0.843452556590218    0.091951816734393   -0.010034063303177 
 465.210806625698751  -16.605556930880738    0.092051790006001    0.017597929946514 
 -29.037943070902358    2.155642517941137   -0.008290190758860   -0.000109679754495 
  -4.811552324455082    0.746363483420544   -0.025457052636834    0.002459528484473 
  13.496534089796370   -1.927232503607025    0.082697086733117   -0.009254700023559 
  75.476581229101640   -4.687822835002999   -0.089778923037117    0.017462794565085 
  25.619324526193335   -1.410716928327274    0.022206372614558    0.001171385706587 
  -7.808028539619102    0.155422002419771    0.011461209538068    0.002338110475597 
   2.364759412573363   -0.269625705305203   -0.007240252679850   -0.008173160558102 
 -61.040722594111600    4.582001056489557   -0.094111168592537    0.011109266839824 
   2.658349984303040   -0.090980022168857   -0.003579434571849    0.001266454896566 
   2.017679392407516   -0.246795605524500    0.009892223125192    0.002541207021580 
   6.595471906515996   -0.147809056011123   -0.014408071902397   -0.008365009680206 
 -29.471118577899205    1.437589723409161    0.009251901526414    0.010535222926728 
  -3.606707417244254    0.191894590719788    0.000000000000000    0.001143658810613 
   0.603227105749694   -0.032094651763399    0.000000000000000    0.002671625515719 
 -10.412835182395002    0.554014094962275   -0.000000000000000   -0.008767699102886 
  31.922374329413447   -1.698427470844611    0.000000000000000    0.011356884724290 
-5364.100778539782368  311.025864436349025    0.000000000000000    0.349927615098217 
1618.335074029712359  -93.835683953121929    0.000000000000000   -0.105112342894710 
-176.313301090244238   10.223148137449332    0.000000000000000    0.006307890167219 
 307.212241302879704  -17.813042085064506    0.000000000000000    0.008850193427633 
8648.856615707652963 -622.051728872698277    0.000000000000000    0.504842050075808 
-2581.476374449589002  187.671367906243859    0.000000000000000   -0.151849619830431 
 216.553232624820168  -20.446296274898671    0.000000000000000    0.011399792155098 
-491.446846982801901   35.626084170129012    0.000000000000000   -0.000022050541018 
-5195.229878426414871  380.919026653930132   -9.321041276419527    0.074910833048829 
1450.795822952379240 -111.691359989320887    2.937025063211019   -0.020531267928321 
  91.506670554233011    4.666452032546642   -0.609973587842065   -0.006643569286302 
 296.725267594822242  -21.364895946748597    0.551269582506966    0.024825589154218 
 -14.621315722740194    1.674792393810339   -0.011443604913252   -0.001207842192112 
  56.729308673693922   -5.785372416349928    0.078481458972785    0.005705728627889 
 -84.004623663688989   11.346306055588350   -0.220337561356510   -0.017404663638711 
 -75.854142853092668    0.295617548895233    0.038594010274322    0.029864633341448 
-467.654797009885556    0.166150659795975    0.051873166602160   -0.000215147136738 
 233.521143093949064    0.068013436867814   -0.118159448233068    0.003869374608594 
-328.054927874721557    2.678626380762188    0.262031212002298   -0.014978797383273 
 355.554238387612713   -7.531087501190161   -0.210260291263488    0.028455583504308 
 450.131544832136115  -23.918121691270098   -0.355869854428345   -0.001641535672392 
-312.924128037153878   12.094377425791139    0.090628697673769    0.003042382262777 
 198.738194307197318  -14.216237693254964    0.063968470775571   -0.011350820364706 
 -59.754526469421307   10.779994022308173   -0.154487279490653    0.024425460892943 
2135.261597496714785  -10.289118596236506   -0.701110106308378   -0.007206754337504 
 -96.737332386881917    2.619716166226418    0.239132269876577    0.004867305594086 
 550.313486191003108   -8.198877887191436   -0.162258494155585   -0.011948977122225 
-731.138862433448821    8.970757065814240    0.044849300226759    0.023902909375886 
-4447.892385038824614   76.146459737922072    0.187526891894419   -0.013294636389189 
-410.172907934754051   -1.296219605374834    0.256990689159502    0.008333318757499 
-595.949446831162732   14.077860709976854   -0.082931245931483   -0.014279184935163 
 979.775691424322645  -20.625808755957905   -0.112416540881910    0.024345166663487 
 105.400162102301437  -14.081928643906494    0.607200011319349   -0.009920124649143 
  79.009155558979216   -9.616843675626024    0.183197828263129    0.009884977868752 
 -18.468574140099918    1.988638784220068    0.025708549489751   -0.014380525484768 
  50.044623202871989   -0.750421952475987   -0.256960119393219    0.022944865113790 
-377.040648958027305    4.259250363197927    0.037436495836297   -0.001509112018235 
   2.133200210299833    4.131911889862346   -0.134955116090048    0.003574362157584 
 147.712708666454773   -1.225164852825282    0.069993781958929   -0.009802745868779 
-1176.020683549313162    7.958078814496892    0.161119328466329    0.015281855279513 
 148.630363211529101   -3.562595093536126    0.042253951523522   -0.001171238786159 
-102.328225153594062    4.176165904434360   -0.077503750453388    0.002839420045511 
-135.794969809659847    1.839189036808605    0.074239833666339   -0.009328471735645 
 449.921094924349518  -16.438898185374349    0.102473433875741    0.016387682684841 
  -6.472258539546669    0.245005938298722    0.013924038268162   -0.000977653125236 
 -15.700780976041962    1.554729427648366   -0.028565874171406    0.002418398576538 
  10.932492427234060   -1.639595889723400    0.075944220882086   -0.008644959140933 
  77.031752752696207   -4.912854729232574   -0.079855745421754    0.016344172976439 
   8.501102895717779   -0.549898863492610    0.001442004431598   -0.000441072918508 
   1.799218157700082   -0.373596845702877    0.019788599268527    0.002777380115567 
   1.613658114833896   -0.296897560715600   -0.003334026579026   -0.007533724234206 
 -60.817090370256267    4.547971005613578   -0.094793746956973    0.010126442608951 
   4.733773264397900   -0.111978682456676   -0.009923169330806   -0.000535408352634 
   3.014560636523044   -0.280913113837914    0.008549935160748    0.003016127607793 
   7.224501910132005   -0.213772645931410   -0.012102802116655   -0.007670342851535 
 -28.609966259265207    1.415079714715649    0.007598467441798    0.009531776621135 
  -7.362878840796777    0.391741402398984   -0.000000000000000   -0.000817018661992 
  -0.749288175718909    0.039865819756630   -0.000000000000000    0.003100497569699 
 -10.431092816140792    0.554985490961410   -0.000000000000000   -0.008046183717208 
  30.623151004717098   -1.629302393785629    0.000000000000000    0.010304900193727 
1314.092425305089364  -76.194827316617818    0.000000000000000   -0.085800795333628 
-393.202717922705915   22.799015210508976    0.000000000000000    0.026110512767122 
 -23.171756576868432    1.343564544622716    0.000000000000000   -0.003567338598730 
 299.982804865227877  -17.393858738173623    0.000000000000000    0.008679751714044 
-2126.904116319914465  152.389654633235637    0.000000000000000   -0.123751589693962 
 661.844856440781086  -45.598030421017953    0.000000000000000    0.037466148947997 
 -23.400707126280814   -2.687129089245433    0.000000000000000   -0.002898141705206 
-487.820963177920135   34.787717476347247    0.000000000000000    0.000016292797573 
1310.812281294359082  -94.258280841127601    2.247081916245524   -0.018896174442515 
-497.415381457527076   31.153275005902891   -0.558365415446302    0.007560294464990 
 210.679225741089624   -5.400808590380607   -0.312641131871475   -0.008264940969218 
 320.685352791430660  -21.782784468579948    0.502708741896373    0.023820652152849 
 -17.857585316554136    1.429111538285664   -0.011716253940709   -0.001142318977098 
  51.246315277667222   -5.157325268671110    0.074190107130315    0.005252787805848 
 -70.507670669768899    9.978468844960730   -0.201253615593623   -0.016034849084494 
 -85.496882620298408    1.626780440732471    0.012255737110362    0.027775843329639 
  -6.600399909246057   -0.413451674775621    0.023216007211673   -0.000581290984035 
  58.150594215244823    0.130319934291334   -0.098707010757259    0.003788694432318 
-291.595960711071939    2.703418052157074    0.234922904628507   -0.014021538753159 
 317.282751988705741   -7.194871980636414   -0.179251316363323    0.026643272600407 
 565.170513965210716   -0.753372980098771    0.003185475465027   -0.000337982227948 
-144.124798725129722    3.125081791565028   -0.042822497736858    0.002426806385630 
 141.607078461914625  -12.313805291085451    0.069944245767684   -0.010667171783656 
 -38.922528508101095    9.145223876501028   -0.145770205551984    0.023050939445851 
-1497.491906842250728   16.358759623107488    0.160684518651078    0.000198446497143 
 703.985766674421029   -1.238703307362909   -0.023784019989067    0.002164772717522 
 626.219540476941575   -8.026251279833438   -0.135339962919646   -0.011069967333273 
-659.690764670507519    7.966734460254330    0.026934074497749    0.022471263193450 
2895.479185942873301  -44.259845221553036   -0.215794952323315    0.001666114010668 
-2078.132552324354947   27.258702796346718    0.327313273619909    0.003347830111553 
-906.987629363547285   17.323171108848271   -0.009893250584057   -0.012819041326532 
 890.185769069417120  -18.737606044369151   -0.118401203644497    0.022664510565479 
-120.920818554689731   14.476832270808089   -0.417184211705272   -0.000921555125597 
 118.534216347342365  -14.897566917091025    0.410897832507889    0.006164931125323 
   6.224347348190239   -1.075662539869557    0.099970507086128   -0.012374286860508 
  49.176429182574616   -0.679609053762766   -0.249698147118281    0.021282376963938 
 327.905708929714820   -6.565169321604357    0.041731041999867   -0.000011073568072 
-139.257043148954779    5.729130776061524   -0.120916430151438    0.003008445150746 
 130.572228299122344    0.007465480415207    0.038009838678743   -0.008979894955238 
-1158.259671230216554    7.877813179538451    0.167832995678219    0.014109413970217 
 -17.462648673149193    0.237353925470181   -0.002026568966914    0.000071992189384 
 -46.591838949272145    2.840192744358386   -0.061658518632069    0.002400205500701 
-154.409977822517618    2.716233867907679    0.056844550030657   -0.008673518542368 
 431.638138858264483  -16.150705157058539    0.110624944232268    0.015263702080342 
   2.003123815111090   -0.210002843831549   -0.001793009676114    0.000061120770222 
 -18.127877928372339    1.646606654510421   -0.023344359820846    0.002051778654574 
   6.703910064182331   -1.239428879453556    0.069455441633055   -0.008086186987044 
  78.140348473389736   -5.093033040917753   -0.070781864208179    0.015299431082821 
  12.220488446183339    0.036015254717077   -0.008915900353515   -0.000226807028960 
   4.987131743594595   -0.579808919512616    0.020329350930377    0.002611977771127 
   2.461951852495730   -0.416073281367533    0.001680717195837   -0.006860054498370 
 -60.570666605594823    4.503947338592260   -0.094898487000875    0.009227262173437 
 -13.338274835926811    0.665533398227125    0.003130470447682   -0.000307413429424 
   4.789725610672114   -0.322905119759160    0.004828746661696    0.002815349475555 
   8.200037691031469   -0.289249925131046   -0.010430466888849   -0.006941408216116 
 -27.650555359646006    1.383750158206333    0.006199828724003    0.008619065039126 
  14.167680949677464   -0.753790375201586    0.000000000000000    0.000045718007079 
  -3.510367741017603    0.186768845656242    0.000000000000000    0.002794115571452 
 -10.963549805732992    0.583314824138025   -0.000000000000000   -0.007309357074565 
  29.293176152217935   -1.558541184055194    0.000000000000000    0.009345976764028 
-315.732618289038101   18.307077847413641    0.000000000000000    0.020829648509097 
  99.581941566703009   -5.774045033222730    0.000000000000000   -0.006064785482989 
 -59.874353621368812    3.471685816783498    0.000000000000000   -0.001061622688213 
 293.509129593751027  -17.018496579534343    0.000000000000000    0.008474231472803 
 502.438559479181833  -36.614155694827282    0.000000000000000    0.029947959701520 
-135.744187179187861   11.548090066445459    0.000000000000000   -0.008940697187239 
  42.361876531418403   -6.943371633566997    0.000000000000000    0.000667539764888 
-484.558835289005572   34.036993159068700    0.000000000000000   -0.000002268661886 
-278.675564215435031   21.651486111666433   -0.578385509334760    0.004258794717259 
  -5.860775972141475   -4.193580309520007    0.284290303145770    0.000474229049047 
 147.769706062380976   -2.030846753332742   -0.346900520909042   -0.007260625529963 
 341.808320910696011  -22.155213825178119    0.459292972663758    0.022868757542004 
 -18.409297852410599    1.308574742766468   -0.019701812875463   -0.001010325488643 
  44.549720783959174   -4.621408441813958    0.069796511902549    0.004824418189436 
 -58.533166162065527    8.756127131150087   -0.183255288214515   -0.014775198335083 
 -93.544495874127364    2.796297072502790   -0.011764627723408    0.025851330911791 
  97.648820658303237   -0.590914712266149    0.004981143008434   -0.000888982433817 
  55.675444249276964   -0.024724443749521   -0.090001008052881    0.003570710313305 
-277.367705903006936    2.716617488474805    0.211334402277239   -0.013101613159957 
 281.728968528362202   -6.855715997945772   -0.151382906563756    0.024948643272813 
-558.865664328893445    4.438010055601188    0.071023084344806   -0.000483611850015 
  67.814144011821327    2.842566924027963   -0.041627944437472    0.002300063050149 
 132.068246622751303  -11.567849201636331    0.059387940495893   -0.010076313104183 
 -22.369745020354458    7.653356186506791   -0.137690054726395    0.021754801701130 
-1088.450613648444460  -12.483225428321560   -0.010174117135418    0.000110718748793 
 142.426301608585845    4.895831551302283    0.036472674505086    0.002239190153951 
 732.021049012316780   -7.569110249341001   -0.133753881105144   -0.010519471974339 
-573.338333387152829    6.976049013486488    0.009958790770954    0.021121729441317 
4840.288321650107719  -56.543802544104167   -0.941580849762385   -0.004973444410012 
-992.327857595791102   10.661260838264571    0.246390166498666    0.003972622865553 
-1290.795180603563722   22.063166563174654    0.061819679430765   -0.011903984704394 
 749.996727053951304  -16.232737434768545   -0.114945064583449    0.021117694374083 
-353.476367862443169   41.644592488763294   -1.042327570162486   -0.012429168817821 
  73.188909389333674   -9.468754815538025    0.254453753118414    0.005819347953225 
  30.189738065274778   -4.121452756448186    0.183139455289416   -0.010876251975690 
  51.570396257785994   -1.018566291297084   -0.231596368013066    0.019830118242853 
 776.313901467574510  -19.865496380488974    0.220966819420075   -0.001758155634636 
 -16.292402300306549    3.267192280459846   -0.105267289401491    0.003004292562718 
 111.128547617964159    1.132005862480383    0.009736873734628   -0.008228302741055 
-1143.473593154275932    7.955441436635054    0.170776412233351    0.013033912428230 
  83.302569752412623   -3.760582016548308    0.057589621690854   -0.000923383067914 
 -53.140332201701980    2.929200466409768   -0.062418481994664    0.002427202571720 
-166.876499216389988    3.437408019253702    0.041334924952316   -0.008070092533315 
 411.574787411178306  -15.766334330053809    0.116763140489961    0.014217156083239 
  20.952036527990888   -1.626543293300558    0.011587303265487   -0.000653957159939 
 -17.376706497706802    1.567855588073685   -0.024016738449390    0.002074698943407 
   2.265837010922567   -0.837621099130555    0.063535304349276   -0.007570377287296 
  78.699001489983090   -5.222643583677081   -0.062468191598272    0.014320836127423 
 -23.085318358426839    0.946727589134541   -0.016243721730031   -0.001468075536474 
   9.569814910913692   -0.566303198993756    0.016985888297810    0.002526925135267 
   4.281570184309288   -0.559337296180826    0.006345122099360   -0.006217691635070 
 -60.161130549042696    4.442949006348304   -0.094388165110986    0.008410124531336 
   5.657131054202722   -0.242474202539675   -0.004150907643200   -0.001584735989795 
  -0.212127452799891   -0.073330095424015    0.006002673079576    0.002700069439521 
   8.772237460765353   -0.338779327028937   -0.009076539421190   -0.006251980851732 
 -26.576762503639287    1.343848394987128    0.004977583729579    0.007794778430812 
  -6.756898081051173    0.359500242686534    0.000000000000000   -0.001784577970597 
   1.802512615110870   -0.095902545044321    0.000000000000000    0.002811259824106 
 -11.177031696471147    0.594673111714506   -0.000000000000000   -0.006608685150120 
  27.895554182402872   -1.484180814651132   -0.000000000000000    0.008476054478494 
  69.264517238869757   -4.016154289116531    0.000000000000000   -0.005774941373504 
 -18.817790291686180    1.091109159557380    0.000000000000000    0.001746332707923 
 -49.778834711991728    2.886318832575330    0.000000000000000   -0.001601429285096 
 286.964137957963828  -16.638999294659779    0.000000000000000    0.008287449270849 
-112.040104363417925    8.032308578233062    0.000000000000000   -0.007775290359299 
  52.670272625505127   -2.182218319114761    0.000000000000000    0.002289787700831 
  31.977637212208080   -5.772637665150662    0.000000000000000   -0.000163823920913 
-480.403278335770210   33.277998589319573    0.000000000000000   -0.000000032476034 
  73.537455525104235   -4.960501120863229    0.118741439215410   -0.002244599641026 
-110.364112552929285    3.925726982354901    0.067395737145235    0.002071277068019 
 133.241594996747182   -2.064328419228382   -0.302939765872666   -0.006942437265330 
 359.643671332570761  -22.432306302869108    0.419242784338861    0.021976907138082 
  -0.628053771168898    0.407626308081835    0.007957023353113   -0.001232865920671 
  37.646234089303803   -4.130692913276512    0.062408332074251    0.004445546131195 
 -48.258671802907642    7.662114461763784   -0.166729682717415   -0.013616452795004 
-100.201007917004119    3.821159267037674   -0.033619448355017    0.024077839362146 
 -16.477605927608970    0.342823102381485    0.033767726059588   -0.000502556264588 
  92.293751996148629   -0.246317460849450   -0.088133079424721    0.003237341900623 
-258.871556372329792    2.682737250399944    0.189067641342540   -0.012250606633216 
 248.118654459729669   -6.517679261617406   -0.126362643234989    0.023364997682648 
 156.130760105067310   -0.505775375366380    0.030970372863821    0.000094793295410 
-141.760480111529375    4.506820694878695   -0.014994287808170    0.002118708606394 
 122.824954610289979  -10.649175749273038    0.052310161465188   -0.009523966647115 
  -5.893152692967305    6.260458132880032   -0.130778281834633    0.020530256493871 
  62.470372912034406    4.221524093271074    0.068471966459515    0.000516355187790 
-265.742678509574603    0.214622015681512    0.032657380579305    0.002280709684748 
 716.606501899691693   -6.930303553467994   -0.125112624219595   -0.009954484494502 
-481.736171402760988    6.082026300643264   -0.006210430150577    0.019841999038236 
-793.506941262450709    6.750330314360134    0.216519178759498    0.002362362669998 
 822.780263022998042  -10.542665115774421   -0.106702652162229    0.002107581211799 
-1311.988629925161831   22.077991028485904    0.079280618722820   -0.011143959194725 
 582.595894831793885  -13.418696528117785   -0.105206783400254    0.019682054759695 
  83.049193416520950   -9.346473808134450    0.198964359294955    0.003889754153120 
 -59.364728559083090    6.147967367748244   -0.136419085692518    0.001158409646542 
  31.917760669056136   -4.536551187421912    0.197893788717653   -0.010004032275719 
  55.797306694172349   -1.600360085141273   -0.206763892244888    0.018537238337314 
-229.717328674418184    5.105307787510626   -0.047044070646577    0.000191812477702 
 274.825310750039989   -4.182368862223585   -0.022404732118964    0.002344984199730 
 143.445161174180612    1.017608789759922   -0.006222128955429   -0.007559643145748 
-1128.320855399168067    8.109192251209146    0.170780295872461    0.012048882759167 
   2.391853546510426    0.339738216721174   -0.009390917096149    0.000034665802819 
 -21.901868544548066    1.518982210204208   -0.040822373860596    0.002080933921253 
-176.256774309671357    3.993430853830453    0.028429817970409   -0.007506575471694 
 390.047607650025441  -15.298234457110524    0.121067197057699    0.013244516074204 
  -5.842621097776398    0.401012533993276   -0.003065418811211   -0.000019263122029 
  -9.519692799710501    0.957901853086010   -0.019671499724833    0.001829465008430 
  -1.096212901254528   -0.521901418985599    0.058074274577498   -0.007082356793316 
  78.751642023665468   -5.306025319874474   -0.054878908641194    0.013405678877423 
  12.819330450267348   -0.316561947509916    0.000391909945541    0.000126454786341 
   0.912820526503509   -0.211280353068303    0.010894492649049    0.001976396809089 
   5.591899613986385   -0.656535240188582    0.009830169717718   -0.005654776392026 
 -59.521494430439816    4.366032434163952   -0.093361346362917    0.007669528947158 
  -6.689666554562358    0.343804546156261    0.000859695670030    0.000104749325522 
   1.909296692526070   -0.164257921376398    0.004446082713377    0.002105793443348 
   8.984383615731218   -0.368477829128990   -0.007770444947071   -0.005651247991373 
 -25.472498228403396    1.299881613940676    0.003928700827308    0.007052374221858 
   6.917439618261361   -0.368041842825537    0.000000000000000    0.000269260377878 
  -0.731324165283105    0.038910045963117    0.000000000000000    0.002142043085132 
 -11.043133140242889    0.587549049329364    0.000000000000000   -0.005989522286465 
  26.513392413390537   -1.410643004041640    0.000000000000000    0.007690409265632 
  31.001393113672613   -1.797549205355519    0.000000000000000    0.003027605306297 
   7.156403672889978   -0.414948698861319    0.000000000000000   -0.000419270307141 
 -51.236508039341260    2.970838890162338    0.000000000000000   -0.001435546484999 
 280.583037905889512  -16.269004911315719    0.000000000000000    0.008103277876403 
 -76.415921758478589    3.595098410711037    0.000000000000000    0.002132289670741 
  10.655233489223480    0.829897397722637    0.000000000000000   -0.000625946183906 
  39.893325476549137   -5.941677780324678    0.000000000000000    0.000044156268703 
-475.801929003305474   32.538009822631437    0.000000000000000    0.000000081352695 
 123.761119750873533   -5.266527834909643   -0.064609497219679    0.003090422508567 
 -82.787566731015374    2.065539062031197    0.111923776851014    0.001229552202634 
 109.097635086254158   -1.315420163680122   -0.280524826623135   -0.006529833606499 
 374.718059291347004  -22.638696349925052    0.382660288871139    0.021137082200430 
 -40.907912189085955    3.767854124972251   -0.101076498477324    0.000183092167445 
  37.410713925115388   -3.977833047745831    0.065392215831669    0.003983221410943 
 -38.876553301105190    6.648548716635995   -0.150754614229175   -0.012562856852237 
-105.646346152244007    4.715177643121175   -0.053469987444797    0.022442836479819 
   2.576002746793502   -0.453064481132768    0.012931253196195   -0.000500555746077 
  86.114649773294559   -0.117758797456407   -0.075470182152375    0.003048883301403 
-236.570506151149232    2.637227718111713    0.168617233645403   -0.011464828482963 
 217.169616964050874   -6.185516239271351   -0.104040314843223    0.021883273765489 
  39.636743981783184   -0.320400062575422   -0.000346582537675   -0.000399053035713 
 -83.211445072118806    4.317154929116252   -0.003380397984239    0.002154256092172 
  94.703463962332535   -9.546178796273665    0.050013325741137   -0.008989846059795 
   7.549902022406059    4.998742395048360   -0.124413308388987    0.019373050628112 
-134.327239642491151    0.879714243135442    0.005298355988604   -0.000394438968643 
-242.316288667573076    1.797693550658424    0.058334368001624    0.002474342880170 
 653.099131002550394   -6.678764107675541   -0.113738655646979   -0.009360102923887 
-396.190575569918451    5.227336989699481   -0.021205502296984    0.018634333071474 
 286.512381883481737   -4.557864299063627   -0.044332257212247   -0.000492784182104 
 525.215160049589372   -8.011291247889577   -0.025507960127416    0.002993467213048 
-1143.489202041091175   19.758746483027942    0.062754292186614   -0.010506328141619 
 429.903439456229876  -10.810492553095788   -0.096541045978922    0.018326604806378 
  -2.925228444847192    1.254225614743925   -0.066671076625885   -0.000912371075082 
 -28.221281027887859    2.643039689697834   -0.061807450956910    0.002617067453962 
  20.969509470684788   -3.437675305241154    0.173115471636475   -0.009532097638156 
  59.021658349960333   -2.089621825104460   -0.183770114604879    0.017312431629656 
-150.801970999653321    0.745192825102291    0.049304999007760   -0.001130583925894 
 188.681312497136929   -2.267878441907113   -0.040046258611430    0.002416913878868 
 201.383489080077311    0.211327876743584   -0.014028502796728   -0.006964405885924 
-1106.544731429493822    8.181015140729375    0.169560572863192    0.011140942377815 
  59.968640217462102   -2.383248935726226    0.037977642322508   -0.000803865791658 
 -21.004923464611466    1.646384041474717   -0.044343967771651    0.002093933597310 
-181.620123310816098    4.389101635290309    0.017784025266378   -0.006984717031873 
 367.677965754265983  -14.774657952142732    0.123964733077475    0.012338776439408 
  10.161270370798242   -0.846976996157759    0.010393750477123   -0.000616007463920 
 -11.710675711375675    1.108281553333429   -0.020821031779037    0.001822241337670 
  -3.750008965140438   -0.263628493183159    0.053012708139514   -0.006625893500054 
  78.454458841681628   -5.355512553187753   -0.047932978648322    0.012548932045730 
 -11.484546744270578    0.401001983775461   -0.007864053278992   -0.000912829470301 
   5.720069445352117   -0.329991083384460    0.011041458878627    0.002023817353967 
   6.421010860468542   -0.724194169745186    0.012572163658677   -0.005154749621644 
 -58.783206403179236    4.280045988569955   -0.091961583251448    0.006993810080302 
   4.708843718803600   -0.190605346598109   -0.004251308965213   -0.000987774309449 
  -0.599328265434572   -0.035331216567825    0.004768468589639    0.002145074440419 
   9.148129669117537   -0.393426471372016   -0.006618626034194   -0.005119889505903 
 -24.332683270605628    1.251926848532257    0.003028544344426    0.006379075834015 
  -5.835211690046040    0.310461989145840   -0.000000000000000   -0.001168238075734 
   1.862715691564890   -0.099105645096458    0.000000000000000    0.002243015726836 
 -10.901709199457349    0.580024599437685   -0.000000000000000   -0.005441389934969 
  25.135084455032001   -1.337310235131563    0.000000000000000    0.006975714302205 
-188.059156615465866   10.904206346290632    0.000000000000000   -0.006020360367759 
  18.781926090517576   -1.089029650869660    0.000000000000000    0.000716081682720 
 -47.994216818915348    2.782841596445969    0.000000000000000   -0.001398445063051 
 274.350842804285890  -15.907644461756844    0.000000000000000    0.007923196758843 
 375.946278708327270  -21.808412692581271    0.000000000000000   -0.000589239814245 
 -18.000737170206676    2.178059301739319    0.000000000000000    0.000173662442622 
  38.975137516426301   -5.565683192891937    0.000000000000000   -0.000012379198957 
-470.798025142652307   31.815288923513688    0.000000000000000   -0.000000014894578 
-417.296958450155046   21.788462587870338   -0.000771175986370   -0.011461417584273 
 -36.377146824436899    0.090591123940045    0.087695215393635    0.002388460643347 
  94.202045891822550   -1.045903890433713   -0.255572452592554   -0.006077582000751 
 387.303428883970071  -22.781136009718384    0.349217304132287    0.020346100734246 
  84.378109733926848   -8.673609191413602    0.318350572884761   -0.004591576256006 
  22.070246854207916   -2.564887750881207    0.027488528902673    0.004051880973735 
 -31.441433203689783    5.830708616807613   -0.139144521137383   -0.011558469054152 
-110.001271175796546    5.491451681417480   -0.071489975887163    0.020935074809725 
 -71.300576339323328    0.032607143403970    0.021154876762465   -0.000469623831456 
  87.080650803338898   -0.287657977881190   -0.070620962203801    0.002861174896624 
-214.921093579070146    2.586550621194518    0.150355840600880   -0.010726071208209 
 188.948876353229707   -5.858587647282352   -0.084117125879780    0.020496831358762 
 475.827278438285020   -3.639380207787342   -0.040761523501512   -0.000457561435322 
 -68.347666078942439    4.197004905650307   -0.003510366435868    0.002004611203780 
  75.758575068450000   -8.481908816927838    0.049151980188623   -0.008469987647800 
  18.165071704035199    3.872299809909386   -0.118215138308868    0.018282200721617 
-492.018963313279812   10.767633752887697    0.031181142106447   -0.000750491770275 
-292.689003533508071    2.127586391834285    0.060321251497348    0.002326428266929 
 586.223469477414938   -6.188104114863947   -0.098906703209607   -0.008760006530500 
-318.601734094957010    4.422298629850189   -0.034501011401290    0.017502211424880 
 452.805473699885624   -9.149337401941464    0.053017401915563    0.000421952259769 
 632.657303255892998   -9.720490360038395   -0.042132556582009    0.002808673144759 
-998.755144127905055   17.542273782036919    0.054299227597936   -0.009781060596893 
 295.733370572734884   -8.474727747174676   -0.089181907772454    0.017059124244774 
  -0.237504496985428    0.036115978143971   -0.008605138294106    0.000502109683533 
 -29.318241694705478    3.113374295226805   -0.086809104691617    0.002274928300806 
  13.777069130360612   -2.718123557125573    0.154538402180409   -0.008920598168810 
  61.196176180928830   -2.475584083704280   -0.163226639018056    0.016160029129099 
   9.136456841592295   -0.005213298844940   -0.006812631332960    0.000078132423196 
 132.130573372272295   -1.988431132493741   -0.021556883983520    0.001992944906658 
 241.484974813752956   -0.320710820056522   -0.021728895621097   -0.006413173537733 
-1078.718184886324934    8.173450979404052    0.167277586048985    0.010305947749701 
   0.285317878798755    0.184325822824170   -0.005574046505035    0.000033794141251 
   1.483316616927894    0.752665690577507   -0.030102351900710    0.001792483925438 
-184.060324166775104    4.688982851796823    0.008478235307333   -0.006498914841530 
 344.764374661703641  -14.204950280160993    0.125569036822001    0.011496834472507 
  -2.977016860273353    0.191635073950529   -0.002363600878813   -0.000000185695314 
  -7.900199322324992    0.790665179774168   -0.016923375350115    0.001591238538700 
  -6.201368344353185   -0.026260151544698    0.048294657248370   -0.006199208515508 
  77.822574644241740   -5.372803467510431   -0.041611418458530    0.011747964739547 
   9.909166970657550   -0.173993861109101   -0.001641385971843    0.000019966899591 
   1.413364416249223   -0.179615339468599    0.008092438899005    0.001681506302604 
   7.312690093168868   -0.787894972601825    0.014963900880881   -0.004691584164573 
 -57.913634715896933    4.185148813673486   -0.090232899478195    0.006379305653693 
  -6.628108051292784    0.336460399583535    0.001148345227892   -0.000009350456047 
   1.166488129116765   -0.106808221542126    0.003174227727685    0.001774659074375 
   9.219024652077891   -0.411193901135759   -0.005625788994529   -0.004629922816553 
 -23.189334605725065    1.201824213284308    0.002267420074042    0.005770677187211 
   6.932357705977994   -0.368835558535056   -0.000000000000000    0.000158906253793 
  -0.325488692202174    0.017317600833221    0.000000000000000    0.001804926448436 
 -10.709555824537253    0.569801093904790   -0.000000000000000   -0.004935397163060 
  23.790078839948439   -1.265749314833934   -0.000000000000000    0.006328305966074 
 575.103174140338751  -33.346122539811716    0.000000000000000    0.016768736412824 
 -51.740257640281918    3.000047728989316    0.000000000000000   -0.001541553455190 
 -52.114008262635913    3.021718856210927    0.000000000000000   -0.001501629034610 
 268.277730256821201  -15.555508072475833    0.000000000000000    0.007747821385911 
-1161.256619087122999   66.692245079623461    0.000000000000000    0.000159842032577 
 122.979117345415631   -6.000095457978633    0.000000000000000   -0.000047302487720 
  52.097435038327454   -6.043437712421854    0.000000000000000    0.000003415795405 
-465.473124395781269   31.111016144951673    0.000000000000000    0.000000000322206 
1331.858962490672639  -67.973697524954346   -0.049534845447305    0.032739370428845 
-192.863506243244018    8.261264594391397    0.087406024398746   -0.001909570950756 
  65.546964258362337   -0.001921925642281   -0.233684797618506   -0.006017720789177 
 397.695258579343147  -22.867902918719103    0.318639479095645    0.019601337100485 
-283.361623426740096   29.250072008270362   -0.991790982359486    0.010475994450581 
  53.712038004429544   -5.817491197661260    0.146869993734458    0.002330039877733 
 -21.968647596359929    4.782911248239797   -0.117349705807741   -0.010760728947719 
-113.421801723586668    6.163273244458933   -0.087831754302566    0.019544608895795 
  25.372845350751991    0.012541061942794    0.014657414879650   -0.000563310131016 
  60.342934676089811   -0.275430299104750   -0.062687883417876    0.002685065959828 
-196.493145394141266    2.516164586571281    0.133692234898171   -0.010032791101153 
 163.305115886485510   -5.539699789710468   -0.066384780220427    0.019199861081450 
-457.175951144292867    1.319245326832597    0.037519795639841   -0.000179634821290 
 110.087563335432719    2.832237327729860   -0.018795937748939    0.001833025665535 
  80.976062225508713   -7.603253537755293    0.046363692165523   -0.007990283039136 
  27.496311458306991    2.870531244975851   -0.112205602611439    0.017253880641023 
 812.945885973407485  -12.523047053374004   -0.075555778349032   -0.000136578282957 
-477.196114776000002    6.165449049167528    0.072014179787264    0.002044993853075 
 489.987829688727743   -5.151474684738773   -0.082364774299030   -0.008213578765499 
-250.858040628212734    3.703059687538229   -0.045860929079669    0.016442095245999 
-1258.935599412055808   20.385074317265008    0.030529408001597   -0.001438958409450 
 802.459355893356815  -13.151491885766578   -0.022251030863672    0.002966905242173 
-819.365561734249241   14.683276001311320    0.046251279167226   -0.009059113298527 
 181.658633610939660   -6.451695985908827   -0.082949275906189    0.015881201313557 
  48.061523978701686   -5.153252687575419    0.133525209068276   -0.000689684213904 
 -29.407305881074969    3.126917787030798   -0.090036031551907    0.002463219432131 
   6.436375683388057   -1.938087046843374    0.132432760149969   -0.008328329702193 
  62.459748419773476   -2.766632515962244   -0.145282537917042    0.015081480795673 
-238.706646324944870    3.210159636136383    0.020816282209405   -0.000903282046432 
 135.556744687864068   -1.990386119560580   -0.024111620733379    0.002022244565357 
 274.945889571270072   -0.818062976563313   -0.027437458710710   -0.005911274853731 
-1046.450178183395565    8.102282708227465    0.164211341863533    0.009535593424040 
  35.990564676807168   -1.741896600263855    0.030969499188501   -0.000684762584336 
   1.590310821479761    0.821787874136472   -0.032192619340098    0.001805156728407 
-183.676120736974411    4.885789547386072    0.000691363902232   -0.006049209759799 
 321.780568224478543  -13.606707010898411    0.126147580177389    0.010712543682833 
  10.118380138042617   -0.819893126419823    0.009093589502442   -0.000524912451748 
  -9.016580644926862    0.862528332505580   -0.017809725679670    0.001591168902957 
  -8.315965840259743    0.180389037490275    0.043953019619647   -0.005801407585301 
  76.918148500731050   -5.363357555765737   -0.035843630450296    0.010997926414589 
 -11.813032264827907    0.422818194355612   -0.007162290277402   -0.000832511947816 
   5.129302030245938   -0.244863037384471    0.007476919159563    0.001688993889950 
   8.130523398980728   -0.840954769708464    0.016910070638202   -0.004270271640504 
 -56.958110793507359    4.083515620659083   -0.088239173342265    0.005819170166950 
   4.309395103735824   -0.185710521442267   -0.003090887765636   -0.000890637362904 
  -1.319052390119211    0.019364428301748    0.003604857188145    0.001771152653358 
   9.199954119452713   -0.422124375290811   -0.004778403380050   -0.004186696350587 
 -22.031675670735552    1.149413246398679    0.001616036619745    0.005219647620570 
  -5.128313938006613    0.272851548620562   -0.000000000000000   -0.001041608320883 
   2.274145447541032   -0.120995733617503    0.000000000000000    0.001864516293609 
 -10.465973730120064    0.556841327306764   -0.000000000000000   -0.004476716820304 
  22.459838362210071   -1.194973972533079    0.000000000000000    0.005739893660225 
-1073.544678698387543   62.247182796983729    0.000000000000000   -0.031046460505897 
 163.923432662345249   -9.504748223440089    0.000000000000000    0.004746722699619 
 -38.091111384878012    2.208631294404581    0.000000000000000   -0.001100982879056 
 262.078286085355160  -15.196046615269580    0.000000000000000    0.007568782422154 
2154.786743276511970 -124.494365593967487    0.000000000000000   -0.000042649393863 
-312.492114812255636   19.009496446880178    0.000000000000000    0.000012638274497 
  28.408310354972457   -4.417262588809162    0.000000000000000   -0.000000917231247 
-459.307475641622659   30.392093230539167    0.000000000000000    0.000000000386731 
-2432.648245616688200  125.386998374739775    0.034504929931546   -0.061605672892591 
 306.583604690757909  -17.228871977466483    0.068830457356007    0.010367692960061 
  79.761976564301591   -1.122872848526668   -0.214155237399162   -0.004960455538014 
 405.476423862702347  -22.871822028115449    0.290697850779548    0.018883229038601 
 504.056512444264968  -52.192789762096524    1.815528564249541   -0.021573583123919 
 -52.548570780597565    5.151285805440097   -0.225051624650349    0.006258537796701 
 -21.823214193380991    4.699635574212157   -0.127122409672228   -0.009687156738414 
-115.882072750067920    6.727367897416604   -0.102142715638854    0.018256385577081 
 -36.427938405746836   -0.183743148565509    0.014107841008071   -0.000363426806282 
  69.857751682623984   -0.270727400876188   -0.057191352838008    0.002473824660697 
-180.218059599302194    2.447894874073660    0.118707330366185   -0.009387929773587 
 139.735887405107178   -5.229458320550968   -0.050624121273124    0.017986616134328 
  72.722274170046461   -2.059785894970440   -0.024406154683859   -0.000359677235889 
 -61.353418343688531    3.326954325292208   -0.004726014383997    0.001765662607551 
  87.067830349478527   -6.833354581127544    0.043423448148906   -0.007540447005000 
  38.445515634034109    1.966954912031198   -0.106630546767217    0.016283385437895 
  97.739638201149702    0.142086226902424   -0.043760744848674   -0.000741048834588 
-172.341407535965317    1.469306404152059    0.043680762906378    0.001993776996967 
 408.795639399730305   -4.197130253073780   -0.067902906462325   -0.007708732409244 
-195.477966276954362    3.131001417062997   -0.055178874187459    0.015447084174807 
-223.390916728150131    4.098595426520900    0.013460311293334   -0.001065537031980 
 330.358506113833243   -5.507089016792140   -0.010802502863074    0.002427295838629 
-677.763328983349084   12.350953388491455    0.042119587451383   -0.008384838163426 
  89.317507237390316   -4.781963948184107   -0.077455910617528    0.014792359580006 
   0.799094623431084   -0.433034534518346    0.038246406457067   -0.000856186298766 
 -11.384234389061646    1.194448029190020   -0.039964078151304    0.002204587851917 
   1.337433149620956   -1.397916319815771    0.116182746437067   -0.007744853791687 
  62.898676389826093   -2.970100253050731   -0.129874464467333    0.014077580347046 
  20.295675602387494   -0.293980312592780   -0.003924020310542    0.000061270813554 
  46.041752316007404   -0.786576256009401   -0.016305514904851    0.001683513797945 
 297.645701696754031   -1.165183273509563   -0.032489600665489   -0.005448055058318 
-1010.430091769842193    7.975194896078245    0.160445572251925    0.008826517415911 
   3.112024459024129    0.127060862783393   -0.005078288551681    0.000026789163567 
  15.086772575279788    0.168576649037512   -0.020579057144408    0.001548370759281 
-181.591485312378836    5.009585112782815   -0.005905095658332   -0.005630018823838 
 298.916195810576880  -12.986545023739168    0.125791478291081    0.009983260609817 
  -3.073649197649435    0.206784462223245   -0.002227480734440   -0.000005372845300 
  -5.222188093159877    0.555068410098063   -0.014399629616254    0.001394326733552 
 -10.095811932520682    0.357588630315739    0.039926850207657   -0.005428220630737 
  75.757531159328735   -5.328933274646594   -0.030610019044588    0.010296587260903 
   8.397966081556229   -0.170712587887603   -0.000750731624176    0.000039112523166 
   0.699414930935252   -0.086306214501076    0.004791060305537    0.001376801909519 
   8.859113019128429   -0.882350926194161    0.018443568071340   -0.003887047165570 
 -55.884722353054414    3.975396106272242   -0.086022576498819    0.005310150741520 
  -5.138298820738421    0.261894671650598    0.000814966188549    0.000018405179805 
   0.296970773781126   -0.050277017239073    0.002445774276032    0.001437163642269 
   9.072193917410488   -0.425988448907978   -0.004022074447028   -0.003785656813634 
 -20.893874812087603    1.096587552817351    0.001069025200636    0.004722245310855 
   5.354220980228108   -0.284870915426016    0.000000000000000    0.000147507788193 
   0.351027720789214   -0.018676402884827   -0.000000000000000    0.001473913173277 
 -10.137827084078832    0.539382310243975    0.000000000000000   -0.004059413136944 
  21.177108930402735   -1.126726451776608    0.000000000000000    0.005207402733523 
-2307.830776371994489  133.814611587015833    0.000000000000000   -0.066638479669186 
-238.655821849550165   13.837945325428814    0.000000000000000   -0.006895699990092 
 -47.432660033278623    2.750280932153172    0.000000000000000   -0.001369605040365 
 257.781433847011783  -14.946902865559899    0.000000000000000    0.007444689486278 
4636.612007421033923 -267.629223174031665    0.000000000000000    0.000011330896619 
 495.552913916436466  -27.675890650857642    0.000000000000000   -0.000003355248202 
  51.290910242995039   -5.500561864306345    0.000000000000000    0.000000243147039 
-456.430558283230710   29.893805731119805    0.000000000000000   -0.000000000093733 
-5250.796784019713414  270.058757422281417    0.093914217366767   -0.132078198186831 
-605.659487415500394   29.791252413060949    0.081769806080338   -0.012734434374660 
  42.377491223708830    0.447424705922639   -0.195330204469619   -0.005256298214839 
 415.485773651813020  -23.036485777628531    0.265071314442113    0.018304843718982 
1097.058920161641709 -113.241780226730498    3.909718062253726   -0.045543728974114 
 136.472621386001720  -14.421010355346107    0.455771586943229   -0.001831555874768 
 -11.332707867705516    3.540920005473907   -0.098282414385618   -0.009133783998173 
-118.446560566819613    7.293372142399031   -0.118003494255994    0.017101144733314 
  16.090104521398942   -0.046162061226115    0.013330966929872   -0.000396687038168 
  56.197274780469485   -0.339631081588271   -0.051900912459981    0.002337539608341 
-164.461181291415357    2.371600063765602    0.105070797203937   -0.008786509239958 
 118.229009008036883   -4.928060450267486   -0.036651765488475    0.016851068604972 
 -55.944350958824238    0.782480052418880    0.025971118846958   -0.000100042971877 
 -34.082565529922420    2.554534614678306   -0.013878322390444    0.001630783644093 
  75.138332365276938   -6.098168463631225    0.041097906052101   -0.007115891223545 
  48.512382957836053    1.160746231396828   -0.101324127994220    0.015367715545911 
 -12.119353837397325   -0.911393085603034    0.024670050193858    0.000184264275813 
-135.689043210533868    1.522588739240439    0.027270483588125    0.001715883683996 
 370.291833056417943   -3.823143360149722   -0.059034000650512   -0.007245024824124 
-146.880448113876696    2.629595560155572   -0.063069695779620    0.014513198028224 
  40.550454065294275   -1.401985600918176   -0.006545207757018    0.000321433911885 
 246.586912340779008   -3.970115731846819   -0.005754886128075    0.002027719451636 
-605.645151676523483   11.166302794911589    0.040049913827489   -0.007827961252143 
   9.322632388266101   -3.316137971317627   -0.072333461622846    0.013780100180041 
  10.837141519951484   -0.579393280391309   -0.019943060624418    0.000225610047530 
 -11.084573905275288    1.032060078745665   -0.025621675729905    0.001883517989880 
  -1.471167887171124   -1.119602806323813    0.107984527201916   -0.007233840561462 
  62.889537602886008   -3.127022313146839   -0.115901359871202    0.013142248069407 
-118.717450849826776    1.306428795952674    0.022228565014673   -0.000765601119389 
  53.652630666915570   -0.896818873231720   -0.017777022521305    0.001706490353028 
 310.107499569617858   -1.375607664664701   -0.036749917843758   -0.005024304539447 
-972.465336686399496    7.816682552591370    0.156121934396182    0.008171935106272 
  20.457860573056514   -1.156407919746213    0.023265977569715   -0.000588672621267 
  16.253781747401675    0.216224472581524   -0.022483415351288    0.001558416695619 
-177.673916022042505    5.057685252985166   -0.011287904720294   -0.005241670391976 
 276.459069140790291  -12.357464708752474    0.124721875033581    0.009303753872536 
   7.706407295647780   -0.632320046017184    0.007991479813561   -0.000461583498878 
  -6.374806542277815    0.632612583431708   -0.015234934891667    0.001392311916564 
 -11.545436261950456    0.506048754506969    0.036222529644166   -0.005079890799473 
  74.407954757718855   -5.275157876046563   -0.025848507529694    0.009639835543434 
  -9.335381138100040    0.314159475225682   -0.005033719139660   -0.000665424007063 
   3.848652211519287   -0.150323434958925    0.004509535946470    0.001391469105707 
   9.427621411935164   -0.911929632376661    0.019606142602840   -0.003541013288667 
 -54.750002589864479    3.863420282873176   -0.083643736445331    0.004845858767306 
   3.796845665908300   -0.166737162326549   -0.002502314028838   -0.000706493213481 
  -1.629891283996187    0.047933484629927    0.002751386596737    0.001444065584695 
   8.905578853633628   -0.426281390484124   -0.003372429337932   -0.003425503160263 
 -19.765246143955210    1.043064931340061    0.000606072848657    0.004271529838679 
  -4.459824150684990    0.237284600903895   -0.000000000000000   -0.000835589481076 
   2.358860588375089   -0.125502996169600   -0.000000000000000    0.001529228593850 
  -9.799091045433272    0.521359885362171   -0.000000000000000   -0.003684020416053 
  19.925822815882203   -1.060151870297878    0.000000000000000    0.004723294085886 
-1658.613234423732365   96.171126587715051    0.000000000000000   -0.047903526513899 
-1104.092362989046933   64.018424670559696    0.000000000000000   -0.031885129866036 
-215.276183138103391   12.482327181651740    0.000000000000000   -0.006217208772381 
 243.615872141351190  -14.125543190075037    0.000000000000000    0.007035590263283 
3331.563841973409126 -192.342253175430102    0.000000000000000   -0.000003022279328 
2234.282416699321402 -128.036849341119392    0.000000000000000    0.000000893838030 
 392.520326569965107  -24.964654363303488    0.000000000000000   -0.000000064529232 
-433.220297395917783   28.251086380150081    0.000000000000000    0.000000000004551 
-3771.498859389988411  194.004896758892926    0.064269878481145   -0.094975908329236 
-2574.708281422890650  131.063286446416328    0.116987637592875   -0.062263758694722 
-355.168479881090377   20.554242063357314   -0.170485524010468   -0.014631072348512 
 401.064068095120945  -21.987610859843734    0.242116118309210    0.017190865674189 
 788.728193033002867  -81.309041298358338    2.806481125372423   -0.032880807151641 
 547.869716446618213  -56.886677940369999    1.921915860288374   -0.018910454240061 
  74.210084361371869   -5.372541031490610    0.198928516518333   -0.011726535262526 
-115.588071137685802    7.289483504275655   -0.115531196917869    0.015841851077346 
 -35.305446792162989    0.072709247708356    0.012466250699873   -0.000448583403864 
  62.231063975984284   -0.356941854547934   -0.046901799861277    0.002188781969028 
-149.657638946857446    2.284528446748563    0.092720458163779   -0.008220719042786 
  98.580869750448073   -4.637007338222437   -0.024302830550386    0.015788504226986 
 162.943394829576448   -1.745525059851950   -0.016250480722845   -0.000391760481488 
 -55.061697139456328    2.847964634335012   -0.004139152822836    0.001593267529639 
  63.995299531601404   -5.422856057504521    0.038845721650441   -0.006712884826829 
  57.262868106625092    0.439918058149651   -0.096353013683560    0.014503514740978 
-101.195801039715676    3.188046154926497   -0.001691681415446   -0.000566058274138 
-140.233800899574419    1.180816332139692    0.036521752410820    0.001784982787426 
 335.801477542656926   -3.485217726227258   -0.051059971150644   -0.006807416515196 
-102.737780894952380    2.173713024567164   -0.069974660863085    0.013634740498935 
  21.760740392835515   -0.908368822100565    0.029068831942588   -0.000257047075600 
 261.793332615280463   -4.495860332191419   -0.008209339036956    0.002148257168593 
-542.097621057017477   10.108055786906844    0.038304385681860   -0.007305964174615 
 -62.450890960378715   -1.985121433390574   -0.067429926099061    0.012833915940564 
   2.935605602347684   -0.466938057668127    0.019769167251256   -0.000095292576832 
  -7.020645835293966    0.814787598598969   -0.033100323464063    0.001968121757704 
  -3.734320354742241   -0.888746846655737    0.100644277302670   -0.006752385593014 
  62.553611441750846   -3.251978352707680   -0.102842583944524    0.012267888612440 
   1.207347494515294    0.043900510062517   -0.004769085292195    0.000053287987056 
   9.133586598241010   -0.406908074749507   -0.009441310640804    0.001419389933257 
 317.955776727761531   -1.538573533162351   -0.040152209489022   -0.004633569503661 
-933.095446907218047    7.633270418356132    0.151293843854861    0.007569065635921 
   3.847043802261746    0.068947373154790   -0.003988728492396    0.000022807695860 
  23.925479462288763   -0.217428497323127   -0.013758673762645    0.001337664462644 
-172.651508370830413    5.057534749892458   -0.015818165859536   -0.004879660247193 
 254.543751736769366  -11.724134153963497    0.123005024941121    0.008671745583194 
  -2.478147565946350    0.167500640700526   -0.001969626244202   -0.000003830162074 
  -3.484903806409192    0.395492566175209   -0.012238129961580    0.001219218104485 
 -12.777900055536394    0.634561898207838    0.032788396537510   -0.004753449546841 
  72.880220449501294   -5.203252210206949   -0.021543128822845    0.009025702536925 
   6.908775650234432   -0.136858554421527   -0.000715167625610    0.000026231411874 
   0.347884284731187   -0.032513631749263    0.002621891269097    0.001141935103058 
   9.952188473966501   -0.934784265715188    0.020497571004786   -0.003224337762571 
 -53.529647888852907    3.747693867879911   -0.081132338603507    0.004423674154736 
  -4.301205067761622    0.219035536098344    0.000695902566668    0.000008576953736 
  -0.206074159280732   -0.014592951242528    0.001813018835924    0.001179130629640 
   8.676083173224058   -0.422113823810700   -0.002801878658849   -0.003097603633471 
 -18.670100124372212    0.990203059706719    0.000222622264902    0.003864525598849 
   4.485581778232265   -0.238655033496366    0.000000000000000    0.000116890168986 
   0.686426531868513   -0.036521270830655   -0.000000000000000    0.001215882538446 
  -9.418430155402906    0.501106851987143   -0.000000000000000   -0.003340881524516 
  18.729083037852092   -0.996479422456615    0.000000000000000    0.004285053719953 
6648.414535752561278 -385.494039632218403    0.000000000000000    0.192006036088911 
-1726.072325897949213  100.082597140953013    0.000000000000000   -0.049848952308749 
-569.046769248977625   32.994954908090811    0.000000000000000   -0.016433969044230 
 196.215427103900566  -11.377130175274450    0.000000000000000    0.005666672437356 
-13370.335433125677810  770.988079264437033    0.000000000000000    0.000000810269258 
3483.618857439355452 -200.165194281905968    0.000000000000000   -0.000000239516718 
1107.257985837298975  -65.989909816181623    0.000000000000000    0.000000017260932 
-342.737633184890967   22.754260350548893    0.000000000000000    0.000000000001727 
15182.736198466034693 -779.512296317207756   -0.329505613576820    0.379765556263636 
-3989.020353694141249  203.815122731001452    0.141088842023304   -0.097879724318186 
-1175.634559270718682   62.414043210534501   -0.138225964058445   -0.034649007725125 
 309.071982503005927  -16.991550937216601    0.222758886751699    0.014203610580065 
-3186.888478873543136  328.805390927208066  -11.296488737857173    0.128948589788582 
 843.642788833995951  -87.377568427254488    2.974346282303037   -0.031240756921926 
 248.149147521448498  -23.405571827443659    0.810961284342259   -0.017995436657775 
 -96.210861521018316    5.570254811235191   -0.055153788588078    0.014016337995562 
  -2.890643708385402   -0.020896121679520    0.011613755933309   -0.000286079455087 
  48.991521428919157   -0.329675886657241   -0.042226955848822    0.002020563192579 
-135.754815771244239    2.198701229097910    0.081579363700017   -0.007694550897586 
  80.777069305949794   -4.356876488606748   -0.013421265756847    0.014794237925443 
-154.017802846351145   -0.169764583604391    0.008340740322888   -0.000107491189150 
   6.042075921640276    2.193392736890383   -0.010233083093902    0.001446357349081 
  57.867846879374724   -4.792686386101332    0.037049192160849   -0.006332931716989 
  64.720190348297592   -0.196848730259454   -0.091593711960274    0.013688533785584 
 242.757360079848837   -4.833088307041726   -0.042151090575152   -0.000198940229698 
-178.182226289468701    2.376333640237144    0.035887371880027    0.001572710934624 
 295.999474144026181   -3.040573979680147   -0.042008830614288   -0.006387704799940 
 -63.151397390081797    1.762737716624784   -0.075789808940761    0.012810598208022 
-234.113639698887255    4.993751101288709   -0.039983209201148   -0.001051271000804 
 269.953610262596385   -4.836498640479149    0.002691472941513    0.002051864515243 
-475.629253197282992    8.941510915323022    0.037614652419930   -0.006780948964135 
-126.080071324311874   -0.793636435573376   -0.062713373748893    0.011953734891927 
  -0.216740530094730    0.244603734484714   -0.004562064856183   -0.001165685044191 
  -5.919793734413838    0.639685826973456   -0.025686885744843    0.001932387041392 
  -5.351875300955683   -0.706937668459189    0.093295876151557   -0.006264821993127 
  61.982857410923671   -3.351252640705421   -0.090740630181029    0.011454406197463 
 -46.171808959102300    0.206887693244633    0.021626652286142   -0.000649620458684 
   9.586341908677241   -0.390445383476072   -0.011229717625377    0.001439372928403 
 320.295767791126991   -1.638242715440547   -0.042736088022294   -0.004276224145954 
-893.205904425074323    7.434676531226593    0.146117982570259    0.007012151493770 
   8.928199968097978   -0.750963284187112    0.017864303583693   -0.000505444186752 
  25.368120888145214   -0.191573232390236   -0.015254446947294    0.001346217348591 
-166.489808327027021    5.006409533678301   -0.019444805948278   -0.004544175020789 
 233.343662564440024  -11.095204967659427    0.120804984445801    0.008082733605805 
   6.359111488506364   -0.522241354990341    0.006992017927925   -0.000402096028061 
  -4.414209143639693    0.458305306437962   -0.012976739803157    0.001217781793707 
 -13.765289174292443    0.741286632284478    0.029636537816918   -0.004448824559567 
  71.223691188619370   -5.117425251895614   -0.017639646962564    0.008450564145667 
  -7.957270483466607    0.258767040526287   -0.003794376364807   -0.000554804471311 
   2.938675153569342   -0.083835589657355    0.002353703409493    0.001151771882511 
  10.363008403754073   -0.949327918391013    0.021119520339610   -0.002937624389375 
 -52.266694935216350    3.630070507305326   -0.078530571988598    0.004038525903626 
   3.356344767372239   -0.151138518013287   -0.001946274903083   -0.000583947911143 
  -1.819026059691115    0.067545374794344    0.002073982298424    0.001182346987291 
   8.422945645852536   -0.415494770866721   -0.002316003517056   -0.002802418931355 
 -17.597210427605944    0.937638620648658   -0.000097924963442    0.003495765812616 
  -3.872002822809888    0.206009612367358    0.000000000000000   -0.000693354084659 
   2.368519698705288   -0.126016908391775    0.000000000000000    0.001259716351816 
  -9.036561876581139    0.480789579584337    0.000000000000000   -0.003031431663233 
  17.571265584897816   -0.934877833927250   -0.000000000000000    0.003886669995163 
 927.933920999431621  -53.804255705506165    0.000000000000000    0.026798376411245 
 767.083125009265927  -44.477667721129201    0.000000000000000    0.022153311224593 
-688.920419360063534   39.945571085568808    0.000000000000000   -0.019895924179749 
 111.099885495764610   -6.441888277592380    0.000000000000000    0.003208548216239 
-1869.139329915524968  107.608511411012302    0.000000000000000   -0.000000217612803 
-1530.256929982782822   88.955335442258431    0.000000000000000    0.000000064334254 
1351.428226769371577  -79.891142171137616    0.000000000000000   -0.000000004636876 
-176.012776700562284   12.883776555184763    0.000000000000000   -0.000000000000548 
2132.727905446516161 -109.147548864652421   -0.059491854482350    0.052830413229602 
1704.505720730631310  -88.501988387951954    0.017524236931996    0.044532359280678 
-1461.198888391158562   76.828185003415740   -0.118399329189033   -0.041317428354813 
 129.443001205324123   -7.527669196972434    0.207041588749490    0.009084843524030 
-453.693118639176703   46.538490119870453   -1.582948634198103    0.017484490802811 
-351.440390743585567   35.924453170448771   -1.261836994393410    0.017114964248792 
 309.674447282750123  -29.837211234544402    1.025024945330963   -0.019761160741916 
 -58.234691065606000    1.921481855283585    0.070627078049562    0.011530624300866 
   4.166944025812899   -0.274011996451854    0.008256147982361   -0.000365957606237 
  47.907530038275993   -0.337511932287106   -0.037871797373831    0.001913283396921 
-123.642434337845089    2.115302751729873    0.071567019547185   -0.007202820073898 
  64.567564068378147   -4.087230833436182   -0.003860958362426    0.013863431614193 
  63.108010851429988   -0.059413930889395    0.002532324274263   -0.000283896546266 
 -51.714600145742224    2.129731018038760   -0.007105305472819    0.001406048153150 
  52.158781351361881   -4.252295916735193    0.034881893590009   -0.005976381029210 
  71.747262623310689   -0.761994338460553   -0.087106164355067    0.012919306710811 
-131.769046346713878    1.851359231067748    0.020617724955205   -0.000199513156023 
 -87.148216259526066    0.563925525096495    0.020080712914345    0.001498108348487 
 262.833168825401799   -2.673041584013436   -0.035012820014991   -0.006003852389551 
 -28.461424938945413    1.410356556693785   -0.080562498930701    0.012036320161247 
 208.255964164965405   -3.482663420241741   -0.001394054334586    0.000092044489380 
 182.160995375515881   -2.963841977495909   -0.012302230508918    0.001657637889942 
-419.114927492519371    7.966468338076146    0.036413307724005   -0.006317261163487 
-181.772956016156172    0.258235557704214   -0.058047580137162    0.011136123390787 
  -6.620055153699310    0.741944189581231   -0.019926478067182   -0.000012232656219 
  -6.001071433199435    0.731412227405241   -0.027397660065911    0.001495255149820 
  -6.841983446907330   -0.535550411661854    0.086660307925213   -0.005836366719226 
  61.220952899856158   -3.429147016547443   -0.079488913534770    0.010699220267242 
  21.250327552349255   -0.410042811093903   -0.000674570308785    0.000036276369928 
  -7.728086450991356   -0.312862498509331   -0.003119723018073    0.001195765256396 
 320.528049723338427   -1.726156200688722   -0.044529768102726   -0.003946831872854 
-853.109326173234422    7.224199560205580    0.140642746784823    0.006498844887574 
   4.567081973330678    0.030802966354239   -0.003297059833267    0.000019030757646 
  28.716195876186944   -0.473184463960506   -0.008555333103409    0.001156675778559 
-159.729268731486229    4.923314821634474   -0.022421028454616   -0.004231313379895 
 212.946251303002072  -10.473863832870158    0.118170924186652    0.007534759178601 
  -2.155247383881488    0.147802115507763   -0.001771896155864   -0.000004033853921 
  -2.029542335450149    0.262464798316609   -0.010354733080186    0.001066995783185 
 -14.570758109178627    0.831382895378797    0.026720103706500   -0.004163227362456 
  69.446478163589404   -5.018623405093425   -0.014124185009858    0.007912703572443 
   5.742320553548343   -0.116899376873534   -0.000506766671374    0.000023263264919 
  -0.045301277730154    0.013202050539985    0.000930812272690    0.000943720205769 
  10.724680138233921   -0.958157110780682    0.021530084799883   -0.002675687878340 
 -50.940943629385558    3.510599990794081   -0.075861266221711    0.003688235688136 
  -3.510428650739521    0.178906718785296    0.000557968368641    0.000009166598273 
  -0.560396771926545    0.010868430539368    0.001344129209767    0.000963366520612 
   8.125517791900315   -0.405693045200009   -0.001888739578532   -0.002534204742867 
 -16.566209143183244    0.886461978353485   -0.000358820747831    0.003162797094609 
   3.658260225566666   -0.194637453921329    0.000000000000000    0.000097389214976 
   0.916518640151490   -0.048763303754011   -0.000000000000000    0.000999708570069 
  -8.625932084223937    0.458942053066110   -0.000000000000000   -0.002749003547997 
  16.471140965104048   -0.876345788148671    0.000000000000000    0.003526069898060 
1061.125693445933848  -61.527094606429984    0.000000000000000    0.030645211057492 
1115.058345384056793  -64.654263610694258    0.000000000000000    0.032202702378810 
-453.652735560898634   26.304079669090903    0.000000000000000   -0.013101422479324 
  38.782877843478474   -2.248741886963741    0.000000000000000    0.001120043760583 
-2133.797984254076709  123.054189212859967    0.000000000000000    0.000000058397790 
-2231.184178701113069  129.308527221388516    0.000000000000000   -0.000000017270547 
 881.248088183885557  -52.608159338181807    0.000000000000000    0.000000001246087 
 -34.645175639113091    4.497483773927483    0.000000000000000    0.000000000000040 
2418.713835391741213 -124.393198517177098   -0.051759719358703    0.060623435678320 
2504.278685273083738 -129.432319212197086   -0.004785208498885    0.064343764241779 
-935.100837640695545   49.586396553397172   -0.116806950634894   -0.027707912914506 
 -22.408473766829374    0.479831553516509    0.192399293774638    0.004719167494278 
-499.266713653779959   52.169397915097520   -1.809170561974940    0.020559148727541 
-521.575310233279424   53.376386965400407   -1.855442732217705    0.023671648299847 
 200.547484660642340  -18.674606217563280    0.635364979504574   -0.014662834173337 
 -25.902760632972885   -1.155954479730831    0.175947296627367    0.009362049920613 
 -42.812027256974318    0.654567450775206    0.007639001502331   -0.000265130020988 
  49.470134047958723   -0.440266430956620   -0.034775741880447    0.001776049294583 
-111.470226327066086    2.018080456324417    0.062486077140400   -0.006741653487460 
  49.868953495545838   -3.828626793092504    0.004509297536034    0.012992259397083 
 150.691326780316672   -1.550256558196604   -0.007737026957798   -0.000157679391120 
 -28.049096076448336    2.107450793955318   -0.006155683869972    0.001299586948300 
  42.188319323587280   -3.722648190235944    0.033224269922160   -0.005638176641528 
  77.582327498647828   -1.260370323729365   -0.082852002108480    0.012193674099111 
-132.535881509430624    3.012348712779360    0.007019295372721   -0.000238759664634 
-136.561608639562365    1.258185236747213    0.027812359772550    0.001423290914978 
 234.869440713017696   -2.445277738783005   -0.029026185929130   -0.005638677481618 
   2.773668866528794    1.088653631019916   -0.084585071299235    0.011308856881366 
  86.029538678493225   -2.352715493744768    0.015919965723451    0.000078807846292 
 260.256981937401861   -4.269840760087005   -0.012825000884386    0.001692154573459 
-363.812680328406941    7.062257995878325    0.033272403799841   -0.005898537105562 
-230.909306469969351    1.200931992072693   -0.053690861785735    0.010372546111775 
   8.442350715811401   -0.607550378171750   -0.004097006787184    0.000105481530794 
  -8.483592115836867    1.009641298498244   -0.034870089341107    0.001490667903738 
  -8.652566390536853   -0.317918720923922    0.078876839249336   -0.005463126337531 
  60.259008432626928   -3.483213392206691   -0.069123382385123    0.009993013897148 
 -63.048949636172331    0.861542862587815    0.010635803011890   -0.000528688259730 
   0.240786381131670   -0.466628552669536   -0.003372686883866    0.001209368895119 
 319.592137214606851   -1.823592582086082   -0.045341319340468   -0.003646190103914 
-813.122566762612678    7.002740693714863    0.135026462579690    0.006024245587883 
   1.033340170201289   -0.446430539289199    0.013506355076590   -0.000434790975280 
  30.428851616192830   -0.461633351577824   -0.009791730540884    0.001163812312676 
-152.336137794939305    4.806462594692194   -0.024714411410152   -0.003941252368491 
 193.437703354110397   -9.865782825371575    0.115228178980097    0.007023955234603 
   5.083098481757814   -0.419958511546824    0.006107992739641   -0.000351366226000 
  -2.837760104405826    0.317890591632040   -0.011019194138636    0.001065483087964 
 -15.179170914160611    0.903927319122376    0.024048362804148   -0.003896667503562 
  67.589212333404049   -4.910310854690529   -0.010949425485603    0.007408964082628 
  -6.588088733284051    0.204333513630917   -0.002719494871899   -0.000456391621131 
   2.108068929850372   -0.030635215787585    0.000740774770925    0.000952443930114 
  10.982526094748984   -0.960336256436634    0.021739033180335   -0.002438667361354 
 -49.589850974739704    3.390808314890727   -0.073156451458620    0.003368565767623 
   2.943406950822769   -0.135040923562853   -0.001529664016644   -0.000476195752082 
  -1.876807515953857    0.077958450083854    0.001553367348008    0.000966803994965 
   7.820867255915282   -0.394589685122105   -0.001526552508810   -0.002292933428420 
 -15.566131924715549    0.836269594115790   -0.000572821394275    0.002861092007148 
  -3.348685553062375    0.178166557282085   -0.000000000000000   -0.000568999593924 
   2.288366224738964   -0.121752348974508    0.000000000000000    0.001036229525685 
  -8.225321476112729    0.437627596475048    0.000000000000000   -0.002494511286028 
  15.414365097831514   -0.820120109413755    0.000000000000000    0.003198255114278 
-4912.165952309132081  284.821394050626054    0.000000000000000   -0.141862639867192 
1512.980480426282384  -87.726924088105520    0.000000000000000    0.043694656525370 
-125.147882334606251    7.256431206740931    0.000000000000000   -0.003614252616301 
   1.571583665003629   -0.091124903897660    0.000000000000000    0.000045387103183 
9867.115018763255648 -569.642788101252336    0.000000000000000   -0.000000015648323 
-3031.358422796392460  175.453848176211039    0.000000000000000    0.000000004628624 
 223.430262996697394  -14.512862413481866    0.000000000000000   -0.000000000334153 
  36.481008403671474    0.182249807795319    0.000000000000000    0.000000000000007 
-11159.712508306225573  574.604162098348638    0.191783077903430   -0.281254124102685 
3411.296373544987546 -176.079768656138555   -0.024195103258399    0.087077552621149 
-195.653955288436464   11.397385569855222   -0.120429489604554   -0.008780248306640 
 -95.442673554774885    4.412795669146715    0.177622562860608    0.002379454844052 
2311.885054409098757 -240.038639820858009    8.332715450812875   -0.097151479604684 
-708.800327853447584   72.939911183562018   -2.533881692958307    0.031381329072675 
  46.750529899801585   -2.885068948942981    0.086699426357573   -0.007781212001771 
  -9.959069572892588   -2.554380855288933    0.222843090120680    0.007939219740989 
  48.940101236108589   -1.496066535122198    0.025452613200849   -0.000447099146124 
  33.415623826595933   -0.194803636915959   -0.031911116317073    0.001676625536712 
-101.109506592747096    1.938696697840352    0.054150219865710   -0.006310069133548 
  36.624528808425680   -3.581967446983354    0.011791606136511    0.012176785649307 
-260.960058883050351    1.024353942964483    0.017354863454958   -0.000203460373263 
  28.460151466162245    1.526104584631685   -0.009057068979146    0.001240457176630 
  42.239701247302492   -3.268453767912582    0.031322675816020   -0.005320671125912 
  82.711919285519798   -1.695800273693539   -0.078810262309456    0.011508900097426 
 393.673534314275912   -6.876948445259808   -0.041713076055558   -0.000192240578880 
-186.262564205593861    2.387816004039322    0.030444595537320    0.001333756040741 
 194.516419107372457   -1.989527583684673   -0.021744066515396   -0.005294046612153 
  29.739714677089751    0.808536551575870   -0.087765066857656    0.010625794789240 
-480.959942934804531    9.058991044870522   -0.012269983576361   -0.001040025398850 
 292.518058941835250   -5.152109070241239   -0.006855013738093    0.001721707515819 
-294.715800218502352    5.884514267087286    0.030812401972032   -0.005471804344402 
-272.151349725517093    2.012402832232414   -0.049701108266520    0.009661822810365 
   3.432459967989169   -0.697594045450825    0.044268807576048   -0.000857489076524 
  -5.317710597407867    0.781809906683864   -0.036406466886301    0.001530223477785 
 -10.377729229692418   -0.093987320276162    0.069967269720910   -0.005085514914841 
  59.061370473241695   -3.508364208865514   -0.059816624591292    0.009333620809567 
   4.950525199568562   -0.100295507650620   -0.002012699743103    0.000033099654417 
 -23.402569732428532   -0.143549979199128    0.000615739245592    0.001011110797721 
 316.696914295694114   -1.899864898569663   -0.045685937795252   -0.003368630142309 
-773.292929803339575    6.769183250722133    0.129326872482329    0.005586335619623 
   4.868460733354890    0.002404938966220   -0.002689624898731    0.000016022578021 
  30.816354180015889   -0.629044803811203   -0.004726847387163    0.001000765696946 
-144.680487070412937    4.670127825268560   -0.026529233651158   -0.003670680117288 
 174.873155178766069   -9.273059956800498    0.112012261363886    0.006548634054803 
  -1.832756329415385    0.127124785646455   -0.001583530777198   -0.000003738073752 
  -0.931598173746868    0.160406149801989   -0.008728696861270    0.000933720753214 
 -15.650340698929689    0.963714411801628    0.021579876429159   -0.003646767023415 
  65.657403894224814   -4.793173130773846   -0.008103625370181    0.006937842555772 
   4.760581356697752   -0.097969251908446   -0.000389930242160    0.000018742651289 
  -0.362464345130583    0.045989851823989   -0.000279035806037    0.000781297072190 
  11.200726667838893   -0.958416926932081    0.021796750550946   -0.002221949736066 
 -48.196963996674384    3.270686696483276   -0.070432809218704    0.003077722893976 
  -2.888820404351750    0.147264181345434    0.000456518533880    0.000007263287611 
  -0.773029909395472    0.027318103747794    0.000979743341766    0.000788230587934 
   7.489637577746620   -0.381430115893150   -0.001209913672588   -0.002073554105557 
 -14.612099793462093    0.787900232454253   -0.000742356718096    0.002588651571188 
   3.009773235361786   -0.160134753486717    0.000000000000000    0.000079816949829 
   1.032609142340702   -0.054939889993733   -0.000000000000000    0.000822854677963 
  -7.810199555227769    0.415541066604018    0.000000000000000   -0.002262125760572 
  14.415415234108139   -0.766971058749909    0.000000000000000    0.002901520962531 
1143.402800155291743  -66.297755951939976    0.000000000000000    0.033021307490096 
-329.081751689642374   19.081098680879286    0.000000000000000   -0.009503833424827 
  22.839458757473736   -1.324296969162346    0.000000000000000    0.000659600271267 
  -0.025655745765266    0.001487593323437    0.000000000000000   -0.000000740934136 
-2279.012629285469757  132.595511903879952    0.000000000000000    0.000000004190483 
 668.809709239828521  -38.162197361758572    0.000000000000000   -0.000000001239497 
 -71.888326197873042    2.648593938324691    0.000000000000000    0.000000000089487 
  36.316524943087003   -0.002975186646875    0.000000000000000   -0.000000000000003 
2497.189021330570995 -131.691794524329538    0.034933407702476    0.066492730484694 
-773.595817069845339   39.396792130742170    0.047723550955387   -0.018392743917358 
 134.058614270956241   -5.687986495819320   -0.117488433642431   -0.000194647218666 
 -88.394225621974584    4.208496234224790    0.162565404495657    0.002093186104289 
-450.702520146901179   50.599376484284413   -1.938276164897063    0.025347132402125 
 158.156567549963313  -17.074578749259697    0.590886601096521   -0.005050475779082 
 -22.079940138133900    4.098097605344805   -0.156174960125150   -0.004489855340072 
 -10.674857961234778   -2.244153830063764    0.210363451827772    0.007267152523925 
-117.801464848046919    4.095447261173786   -0.057120932320547    0.000201061706864 
  51.768161790139118   -0.755828587586835   -0.022366386366755    0.001508963356916 
 -90.461533390655461    1.819867669777507    0.047365532030232   -0.005911870521845 
  24.603545741849643   -3.345596171531534    0.018111484562429    0.011413351041104 
 200.327219210749973   -1.971340850260739   -0.020657029437359   -0.000168557822525 
 -69.399870614986440    1.910237313243440   -0.002548995183536    0.001164159536656 
  37.122236353700146   -2.838911030678197    0.029871917795685   -0.005020094036752 
  87.926884193085471   -2.078510919252885   -0.075002548317567    0.010862800966531 
-173.384795053717625    4.094131170059369    0.000767460189284   -0.000371898862919 
 -38.634988837738916   -0.191039662933179    0.014802192016486    0.001261665823661 
 166.404224976955845   -1.714930541046392   -0.016088218071170   -0.004969618879103 
  51.912808121506146    0.583723688746240   -0.090088849218480    0.009984503430977 
 128.221930790497396   -2.924500669892832    0.016549708890128   -0.000042084074312 
 112.158080341286194   -1.754987428414811   -0.011456257579230    0.001331697991250 
-244.131282808111962    5.021127204755278    0.028523493057366   -0.005090128656019 
-305.359604970407986    2.685158753280319   -0.045980632421346    0.009002717647642 
   5.038507089656282   -0.323435453174025   -0.005412456302026   -0.000024251119178 
  -4.030538109412317    0.520212139639839   -0.019805664045284    0.001208665074089 
 -11.546260318044897    0.068765435514298    0.062940753354462   -0.004743153845856 
  57.687769114820618   -3.509259332478120   -0.051553104406480    0.008720166403700 
 -37.681749564591804    0.553338914309923    0.007923072002486   -0.000443098408599 
 -21.546122782585002   -0.181160794568143   -0.000139023158072    0.001023523168127 
 311.078327731317017   -1.940453745290568   -0.045626348284312   -0.003114300896578 
-734.061811673916964    6.529261280312559    0.123621820129449    0.005181120105811 
  -4.325734496846188   -0.228382691697611    0.010170183695882   -0.000374309701549 
  32.642026955021095   -0.628142951698794   -0.005735456724188    0.001006774163704 
-136.748189428533180    4.512979355829804   -0.027837021665077   -0.003419737634706 
 157.279108541397136   -8.699118106555062    0.108616996993436    0.006105467298255 
   4.083118546841852   -0.339199020055729    0.005323429047581   -0.000306810557921 
  -1.618881797277726    0.208077944419413   -0.009322520902719    0.000932318975557 
 -15.969150695307750    1.009774923579303    0.019323474208661   -0.003413512057319 
  63.682975483187931   -4.669954192611021   -0.005545619538542    0.006496578763688 
  -5.479939016023801    0.162278249329615   -0.001919543367046   -0.000377214558331 
   1.422753663631113    0.009251382358314   -0.000425259646847    0.000788325566423 
  11.333262832651450   -0.951511772659292    0.021708713619336   -0.002025746906240 
 -46.793238658124878    3.151411825856382   -0.067713336916809    0.002812223550462 
   2.571937574836637   -0.120011697680890   -0.001193779656274   -0.000390072106025 
  -1.856337561027186    0.082542171752326    0.001150937791971    0.000790954320788 
   7.160966643943773   -0.367697581455634   -0.000943578530871   -0.001876155991967 
 -13.693615915930323    0.740935938692859   -0.000877395799693    0.002341787597039 
  -2.888224906703152    0.153667784009485   -0.000000000000000   -0.000468630571001 
   2.161274105601101   -0.114990422551237   -0.000000000000000    0.000852786034149 
  -7.410964149235014    0.394299777535895   -0.000000000000000   -0.002052670671558 
  13.461153270904077   -0.716199624395963    0.000000000000000    0.002631768239283 
-363.483271684394765   21.075796941787964    0.000000000000000   -0.010497344103268 
  99.694298368592072   -5.780559801098205    0.000000000000000    0.002879156883959 
  -5.833972907657536    0.338270390810289    0.000000000000000   -0.000168484296342 
  -0.079417177178405    0.004604834473250    0.000000000000000   -0.000002293556299 
 665.540350410033625  -42.151593883575941    0.000000000000000   -0.000000001122303 
-185.820026742222524   11.561119602196413    0.000000000000000    0.000000000331934 
 -11.514615885672306   -0.676540781620577    0.000000000000000   -0.000000000023958 
  33.329439333652019   -0.009209668946500    0.000000000000000    0.000000000000000 
-474.996983724930715   35.028262107086903   -0.275354063979454   -0.024542645770282 
 162.850065929118301   -9.987630815881385    0.060823578843816    0.006542030014403 
  57.715395378365450   -2.011841331461723   -0.103920042417530   -0.001675986456536 
 -78.847011172535147    3.855862263109890    0.148693260085950    0.001911337192475 
-115.293013673586216    0.354172300845166    0.585601373816590   -0.017346362489820 
 -10.856877505123766    1.900187432346926   -0.135966960739878    0.004454698871715 
  -3.667478882529011    2.201298690730711   -0.099310005080570   -0.004564327453493 
 -11.843932470195227   -1.899855015156978    0.196288489319697    0.006676513040341 
 247.787202715899895  -11.541874222364942    0.200815345286405   -0.001477134417167 
   7.592612472121708    0.779964135353387   -0.043786735986960    0.001584361496990 
 -83.041436607873038    1.822884613248321    0.039096391736017   -0.005525204915106 
  13.874650609957314   -3.121923614058410    0.023571136958289    0.010698337476972 
 -93.970991890706330    1.219193371671532    0.023608953883433   -0.000177593731595 
   5.722836589034557    1.170984494395727   -0.010295381222544    0.001100950353209 
  29.162607100457308   -2.453758304723312    0.028266370744924   -0.004736955300518 
  91.874054858959425   -2.407377615166400   -0.071348732403469    0.010253149990200 
  23.065052560141417   -1.626043657427212    0.019502773614250    0.000088264127340 
-103.654286982874737    1.344259525838838    0.015089989587468    0.001122203750066 
 148.618065499378275   -1.570778058183159   -0.012351695370676   -0.004671635182387 
  71.771022365197041    0.374368726323631   -0.091867093281437    0.009382288234617 
  57.293970335767902   -0.692368289649865   -0.011780399947460    0.000112032012420 
 160.241304387719339   -2.851675179624534   -0.005250116745433    0.001315916463383 
-210.081359716986412    4.445294378750362    0.026435196266784   -0.004759176849190 
-333.873111857514232    3.279666059934861   -0.042561876163675    0.008387177151296 
  -4.122165046167026    0.469877142542062   -0.013284859130592    0.000018430929224 
  -2.141097950791394    0.398923844699601   -0.021835335158545    0.001199570904397 
 -12.317714825570343    0.183657433556725    0.057735628453984   -0.004442124348546 
  56.191350251264922   -3.493167048226441   -0.044005544941594    0.008146110199283 
  11.101045870281499   -0.247440226810707   -0.000382427079120    0.000024290071016 
 -35.676778869304968    0.026341298298067    0.002832128842860    0.000857361264902 
 303.925465024830373   -1.959806182324326   -0.045289710073714   -0.002879190342450 
-695.587276043098655    6.284954664803122    0.117931829107070    0.004806959616661 
   4.976851048935108   -0.017144990884769   -0.002212065951100    0.000013484043117 
  31.019876518702283   -0.713786461085368   -0.001921637838232    0.000866408025623 
-128.790451494317466    4.345238179231776   -0.028794158485380   -0.003185589861040 
 140.687167833813362   -8.145256480641354    0.105067616414017    0.005692999866589 
  -1.572029930478813    0.110351590431153   -0.001416146156207   -0.000003556669473 
  -0.087712342211891    0.080878311898506   -0.007326235009877    0.000817265016337 
 -16.182474962743974    1.045894455619045    0.017242379719586   -0.003194814058332 
  61.669511459103788   -4.541143607368101   -0.003265452329206    0.006083858001146 
   3.953126949323098   -0.082720755591790   -0.000284965381258    0.000015554156197 
  -0.632223467378374    0.070105725856928   -0.001145088409489    0.000646870107049 
  11.432079107183128   -0.941592134132389    0.021512420112293   -0.001846347447056 
 -45.365053283939872    3.032934356829041   -0.065010141504513    0.002570586026973 
  -2.370959408611596    0.120918006406682    0.000370923907349    0.000006285108137 
  -0.891860970463048    0.037537785121972    0.000703270420868    0.000644677281029 
   6.817441827507444   -0.352687586846344   -0.000711802504267   -0.001696702041740 
 -12.822477044252551    0.696029064597502   -0.000979691313944    0.002118864899723 
   2.469234272288810   -0.131375419532691    0.000000000000000    0.000065765886517 
   1.078189765587005   -0.057365003547658   -0.000000000000000    0.000677049570024 
  -7.006031165336462    0.372755349273531    0.000000000000000   -0.001861441221037 
  12.562911595878822   -0.668408745165696    0.000000000000000    0.002387593893038 
 134.481007501253913   -7.797592426989194    0.000000000000000    0.003883791853538 
 -36.611928513056000    2.122864052072285    0.000000000000000   -0.001057347154766 
   2.051323324284477   -0.118941577817952    0.000000000000000    0.000059241919808 
   0.039131356365071   -0.002268947665694    0.000000000000000    0.000001130107769 
-108.821999437236343   15.595184853978388    0.000000000000000    0.000000000300698 
  63.757604661540135   -4.245728104144569    0.000000000000000   -0.000000000088930 
 -26.772418645757618    0.237883155635903    0.000000000000000    0.000000000006418 
  30.286557926990344    0.004537895331387    0.000000000000000    0.000000000000000 
-580.695125118897749    2.975564961649649    0.717856698708933    0.017017223207273 
 -15.273802967730907    3.147967474276212   -0.042434195148479   -0.002661462149453 
  76.162428248538916   -2.866799249162371   -0.101621369455613   -0.001190915473417 
 -70.015782953934703    3.516739939606933    0.136115822296983    0.001756123249363 
 671.047448003277509  -39.414335623655155   -0.168802409772973    0.027880339494546 
 -54.091757632718824    2.033002045163855    0.083633554441343   -0.002050187061967 
 -11.786058274759306    2.692947375419560   -0.105851680867887   -0.004263763477275 
 -12.697187708860142   -1.594310507410130    0.182894007606300    0.006141697164287 
-616.219144541183596   29.824999929920356   -0.498614771929089    0.002752068216074 
 100.512813490587462   -3.548238698033499    0.031519018495441    0.001030436090552 
 -69.528258362534615    1.476850292913311    0.037562927049578   -0.005198355216664 
   4.097064984154656   -2.904418820878032    0.028166235646757    0.010029557482815 
  93.814669481674855   -1.910352299893510   -0.019412320032078   -0.000135628433361 
 -29.516285369985724    1.628182008772688   -0.001442023516256    0.001034352703861 
  26.188426002838469   -2.103862491827272    0.026799195152574   -0.004470042418384 
  95.425262974683619   -2.693419533477837   -0.067930190153902    0.009677886064147 
  32.226727225394335    0.930151627024387   -0.029305100751893   -0.000429693970640 
 -95.004892272823483    0.734493154303605    0.022403529692813    0.001155302797819 
 123.785668092416245   -1.310933973165362   -0.007665005460641   -0.004386946863901 
  88.773731249292950    0.195849657623562   -0.093137182760752    0.008816040661287 
-150.468560807305039    2.234692395616754    0.013399287905543   -0.000576591894744 
 181.726543263637808   -3.111313288243334   -0.009667766725731    0.001357928468041 
-167.335378760567437    3.699920820266883    0.024570460832888   -0.004424946232762 
-357.517609155267166    3.789418150781303   -0.039362518298122    0.007813060052412 
   7.578610659556167   -0.817660172409192    0.022981094501944   -0.000430331457168 
  -3.686909843104120    0.575127773152885   -0.026817157332517    0.001206482502856 
 -13.046215799807275    0.305413885788286    0.051654066892601   -0.004141367672639 
  54.610130138981717   -3.463058955164392   -0.037155715487188    0.007609623949005 
 -27.685256751720328    0.501129589955267    0.004620768299360   -0.000369336262586 
 -31.513886667947929   -0.066448786755953    0.002688718688189    0.000866470041534 
 295.526631832673729   -1.964819618381562   -0.044599604132333   -0.002663711429145 
-658.132360854612443    6.039907193105499    0.112314120433136    0.004460504535164 
  -7.766808916614277   -0.073211135216956    0.007579876316225   -0.000322574403399 
  32.886195662051676   -0.720215832667130   -0.002751162569895    0.000871464541792 
-120.802192471723089    4.165987892512714   -0.029378258536395   -0.002968355790114 
 125.082767379833413   -7.613288108002166    0.101434000570812    0.005308365095381 
   3.253205700083749   -0.272180639199643    0.004630469819375   -0.000268022319476 
  -0.677223566141353    0.122260158310181   -0.007857289818454    0.000815931265285 
 -16.278091951288140    1.071286764395131    0.015344439116045   -0.002990664523129 
  59.642261212455772   -4.408927546342245   -0.001227393196749    0.005697269063115 
  -4.529404243726830    0.127369041396496   -0.001297982808892   -0.000311415913147 
   0.850199138617544    0.039085442510012   -0.001251950427461    0.000652702915623 
  11.459326066088046   -0.927943238086521    0.021212790257675   -0.001683900819222 
 -43.938200936146877    2.916169178053242   -0.062339537569885    0.002349930320725 
   2.237941178083981   -0.105955687256880   -0.000930291697262   -0.000319081035833 
  -1.780970748692242    0.082882037524470    0.000842366886124    0.000647034196580 
   6.483337862613013   -0.337635109015538   -0.000518597840893   -0.001535238107039 
 -11.988862923572555    0.652765812115502   -0.001056953565894    0.001916862502623 
  -2.484418387875932    0.132183289234598   -0.000000000000000   -0.000385514194760 
   2.004152617695140   -0.106630785872409    0.000000000000000    0.000701711777468 
  -6.620738367426165    0.352255875596021    0.000000000000000   -0.001689096052600 
  11.708827138487138   -0.622967247303212    0.000000000000000    0.002165621088937 
 -50.220261321116368    2.911914006558167    0.000000000000000   -0.001450353779774 
  13.818449299914230   -0.801233108048664    0.000000000000000    0.000399074790310 
  -0.797861577358243    0.046262290185001    0.000000000000000   -0.000023042125749 
  -0.013856393339983    0.000803433211729    0.000000000000000   -0.000000400170585 
-232.152167433543525   -5.823828013116336    0.000000000000000   -0.000000000080583 
  22.949354872576375    1.602466216097327    0.000000000000000    0.000000000023832 
 -15.934048703993041   -0.092524580370002    0.000000000000000   -0.000000000001720 
  27.723675201456356   -0.001606866423457    0.000000000000000   -0.000000000000000 
1708.566429121957981  -32.745517794062508   -1.490907126927351   -0.022111162609449 
-233.034474887316890    4.263804334894816    0.226762066867371    0.003719996553274 
  45.123893516657859   -1.940327773015991   -0.078580385490752   -0.001058598672939 
 -61.868302760486003    3.213388675562924    0.124152180680503    0.001598910233177 
-1477.426427958941531   91.977349578105859   -0.049627901276887   -0.053161775222801 
 197.551035368509616  -12.747373813706789    0.020332650776478    0.008404940248487 
   6.146351442214595    1.353650904351689   -0.092855905215659   -0.003469419328960 
 -13.704989159334886   -1.302907552791952    0.170639629579373    0.005631146344860 
1196.794004540941160  -60.464962072962372    1.034198475459578   -0.006175672286506 
-130.569365712358064    7.636136275686617   -0.155461520977966    0.002062461671580 
 -73.285327390255702    1.987837490119951    0.022070114239262   -0.004811742996397 
  -4.227007617053857   -2.717001810932512    0.032380229215522    0.009401238777882 
-138.996846895169568    1.170057898569633    0.016300494372292   -0.000186132936237 
   5.664215685657069    0.911799896312516   -0.008721643528287    0.000983492041351 
  23.206917292296225   -1.786364753691609    0.025528736772007   -0.004217811825233 
  98.420856042464038   -2.934693157904896   -0.064640737064834    0.009135027623563 
 143.106692367500244   -3.038463984162753   -0.002556595009453   -0.000045329861615 
 -82.919869563317079    1.083300014438091    0.011414116910855    0.000994167558829 
 101.545072862900582   -1.083709827072681   -0.003437799635183   -0.004118263069320 
 102.825431145694608    0.045276068910418   -0.093802489816788    0.008284884663479 
-142.484112506345468    2.754507580902092   -0.006388121782925   -0.000281465549375 
 125.300832960914889   -2.273303639887374   -0.004643033761151    0.001141706507512 
-128.956956732499719    3.026843704250576    0.022781610772028   -0.004112491860818 
-375.888938169670269    4.207658616771043   -0.036416099064910    0.007280033249585 
   0.333856410184715   -0.135875263050298    0.011318764486708   -0.000242769139506 
  -0.844930845770570    0.268505208499449   -0.018199246894289    0.001045108206418 
 -13.612695885916613    0.410868008494826    0.046027016364250   -0.003859918833980 
  52.936547171651767   -3.417492840509579   -0.031073090258734    0.007109963787905 
   2.285375825468247   -0.077779335494477   -0.001074250095178    0.000021768940951 
 -41.895857949844753    0.121474809477281    0.004421506800450    0.000727968943064 
 286.350413755450006   -1.957941365541397   -0.043710825946253   -0.002464406556070 
-621.738009121807863    5.794245247245123    0.106790206084182    0.004140357841032 
   4.918855325118630   -0.030368382413505   -0.001822104681779    0.000011376762037 
  29.973642318322707   -0.747670008373515    0.000091291048690    0.000750499140518 
-112.944712724176554    3.982502162382637   -0.029710742476546   -0.002765610329825 
 110.481170579422283   -7.103935984321968    0.097733535784538    0.004950307226950 
  -1.346926180284157    0.095642468981059   -0.001264709198567   -0.000003334311126 
   0.542728571389857    0.020192418610325   -0.006120863636188    0.000715422895481 
 -16.294903825632048    1.089093336510192    0.013597169934215   -0.002799245253033 
  57.603272017706743   -4.273637988630195    0.000576935425710    0.005335661442651 
   3.283681703760524   -0.069783260202084   -0.000206057152900    0.000012768916529 
  -0.848327452779234    0.086848833033684   -0.001738693980796    0.000535921948193 
  11.459560026817748   -0.912201453643557    0.020838959706643   -0.001535322711245 
 -42.501347309008516    2.801035750990624   -0.059710035635778    0.002149032967173 
  -1.947696110631724    0.099370143046281    0.000301982539140    0.000005280090857 
  -0.941742806911233    0.043148654803167    0.000493507499650    0.000527378808143 
   6.142998668162633   -0.321881272474587   -0.000351613542671   -0.001388436481448 
 -11.201902379830798    0.611649510623206   -0.001110433289382    0.001734444443417 
   2.027705223764948   -0.107883900466773   -0.000000000000000    0.000054094058420 
   1.072495722242129   -0.057062052409459    0.000000000000000    0.000557143954433 
  -6.236157324934048    0.331794270810790   -0.000000000000000   -0.001531739086113 
  10.907697347546526   -0.580343198396180    0.000000000000000    0.001964695371473 
  17.970728658482610   -1.041994109789482    0.000000000000000    0.000518992000158 
  -5.014148695504409    0.290734644410649    0.000000000000000   -0.000144807877105 
   0.302675998192985   -0.017550017769751    0.000000000000000    0.000008741238401 
   0.004237731908591   -0.000245715784348    0.000000000000000    0.000000122385069 
  87.105061146079095    2.083988219578963    0.000000000000000    0.000000000021595 
 -64.107707915002379   -0.581469288821299    0.000000000000000   -0.000000000006387 
 -21.078842834296303    0.035100035539502    0.000000000000000    0.000000000000461 
  25.637080581322593    0.000491431568695    0.000000000000000    0.000000000000000 
-636.890742733464094   12.185188050919667    0.551578362345709    0.008145114389068 
 407.677936033416870   -8.015764837878615   -0.332328105730386   -0.004571689425269 
  66.954326159920413   -2.409322835888967   -0.091776140348628   -0.001165060281939 
 -56.531935934139270    2.973513557227128    0.114960861806681    0.001481524480733 
 554.769624485407007  -34.306910987529584    0.013293815948809    0.019605487936502 
-356.483875116092918   21.744132278082883    0.001722187797645   -0.011530725460063 
 -13.720253526233364    2.478245712398704   -0.090099050393894   -0.003860142480407 
 -12.735558793532419   -1.153235644692421    0.159253409601116    0.005224964527890 
-474.130479082760814   22.934764394698490   -0.377835940100690    0.002051094245685 
 318.228385990493280  -15.038224501674238    0.232362907319375   -0.000253415435860 
 -49.827949855488697    1.062576461871494    0.031682787531938   -0.004585612216932 
 -13.090331589972379   -2.467303124408673    0.034729826127531    0.008819935007016 
 142.818966200402713   -1.483006279701907   -0.009579989946750   -0.000074930862306 
 -46.459601900024552    1.350571608276085   -0.002608958138677    0.000913692190262 
  18.107494015499697   -1.503568315618036    0.024112411563636   -0.003980663796281 
 101.138745857497497   -3.141456609403324   -0.061554083745392    0.008622804667664 
-125.340611498443238    2.841241053598572    0.004128140598454   -0.000175854380029 
 -29.254859925513756   -0.056123979622774    0.010455393782311    0.000977168860723 
  87.523231676797479   -0.955312822720778   -0.000704110798537   -0.003871846016876 
 114.502447550160639   -0.079195596717142   -0.094058862544082    0.007785547113035 
  97.360133642012229   -2.232557986447012    0.012341322064234    0.000089224979828 
  71.869290771045840   -1.240363297049299   -0.007038579429747    0.001036156926496 
-104.310691266005676    2.587635337133515    0.021321409123166   -0.003840258931567 
-390.329021528457758    4.555873608048076   -0.033653421921281    0.006783261193762 
   3.673771978766373   -0.257544386588631   -0.004496459711581    0.000100697388884 
  -0.719734691951226    0.217551984855592   -0.013954710211774    0.000954069779103 
 -13.808279078131841    0.471625157664206    0.042007771725992   -0.003610021585790 
  51.222410204748158   -3.362204326938066   -0.025581969484038    0.006643329590907 
 -16.748292413068505    0.381745991621966    0.002707842525561   -0.000309666321154 
 -41.038842015296993    0.092307558666870    0.004018663014758    0.000736132295920 
 275.983576259807649   -1.931218569523380   -0.042655804719352   -0.002281393901197 
-586.594366558184106    5.551248707685893    0.101393340739941    0.003843724053722 
  -9.832280754207362    0.034296571297538    0.005584827310069   -0.000278224803964 
  31.818213065243665   -0.759058151778621   -0.000591998206977    0.000754765426281 
-105.220730801230815    3.794161142363624   -0.029773330871332   -0.002577452258975 
  96.841026789431012   -6.617864871151873    0.094017560599399    0.004616354705031 
   2.579272430868233   -0.217586028839349    0.004019662309278   -0.000234155756355 
   0.037631253783370    0.056058344478219   -0.006595129585651    0.000714172528809 
 -16.222358847485399    1.098624681896261    0.012007670781485   -0.002620545824997 
  55.572258458234856   -4.136999013328405    0.002178473038018    0.004996927756437 
  -3.732397304905914    0.099193041078455   -0.000827236903958   -0.000257295648987 
   0.383053186130724    0.060680110457908   -0.001815965413133    0.000540710291891 
  11.401400743486700   -0.893760335707109    0.020394627282402   -0.001400743681234 
 -41.075743981278301    2.688231286871249   -0.057132735221275    0.001965516347998 
   1.940712564270508   -0.093075200291234   -0.000722186771916   -0.000261150024089 
  -1.672128848398014    0.080412458445515    0.000606750951828    0.000529358842214 
   5.816264711248962   -0.306436133318501   -0.000214081236236   -0.001256344275154 
 -10.452546371634526    0.572282631605820   -0.001146084117887    0.001569140489791 
  -2.132053173903257    0.113435725127820   -0.000000000000000   -0.000317260481330 
   1.832885181153892   -0.097518515084494   -0.000000000000000    0.000577429226340 
  -5.872984712009537    0.312471699874046   -0.000000000000000   -0.001389917438516 
  10.148895789354945   -0.539971219856827    0.000000000000000    0.001782039012455 
  -6.101945713752623    0.353808218510060    0.000000000000000   -0.000176223293069 
   1.724874551426570   -0.100013146760406    0.000000000000000    0.000049814122954 
  -0.108483269816745    0.006290169436529    0.000000000000000   -0.000003132980868 
  -0.001174762273443    0.000068116067667    0.000000000000000   -0.000000033926960 
-204.348397072599937   -0.707616437020119    0.000000000000000   -0.000000000005787 
 -31.443309985222456    0.200026293520812    0.000000000000000    0.000000000001711 
 -33.022720071824430   -0.012580338873059    0.000000000000000   -0.000000000000124 
  22.170669363414579   -0.000136232135334    0.000000000000000    0.000000000000000 
1170.890001347147518  -24.405022384336934   -0.970734955731216   -0.012860442533862 
 168.843907508366243   -3.446319318783709   -0.125486219850744   -0.001517271529369 
 139.019556602643490   -3.842083355471761   -0.149002931046270   -0.001926180401268 
 -43.036604645528371    2.570901072561106    0.099373519100022    0.001280367724762 
-972.392368463383832   61.068246817415712   -0.078614247504323   -0.034061880152881 
-148.445265934063599    8.879040657759205    0.006707368778449   -0.004178667483875 
 -76.836396157503145    6.306142329378975   -0.089045355821882   -0.005823816598399 
 -18.937116610177441   -0.570708549320056    0.148043901970493    0.004600571101152 
 772.482465599111038  -39.264153954106860    0.671308333328634   -0.004088487502592 
 140.429456334454102   -6.437687853662215    0.090674429781617    0.000515744906272 
   7.504280435130141   -1.621912582545572    0.072062454669562   -0.004552821033130 
 -15.272542882765549   -2.524658862805000    0.041582884175379    0.008246779907163 
 -40.035670976535911    0.518776119245420    0.006177957899144   -0.000227360932118 
   7.097510425134260    0.794444253387761   -0.006201454368708    0.000885593116897 
  13.187232581137664   -1.235441332910041    0.023011110000213   -0.003755753132886 
 102.955194623107445   -3.311196464116311   -0.058599508188719    0.008139351784261 
   6.001038377229289   -0.693416827273000    0.004415377769288   -0.000153324599767 
 -76.257589237435965    1.009341415476817    0.012003446506731    0.000911223468212 
  74.334175531429423   -0.836160643239033    0.002103244237593   -0.003635796975760 
 124.740938441591197   -0.193937337806034   -0.093975448091444    0.007316491158788 
  51.185003175279370   -0.450494262960787   -0.011019829601888   -0.000205254251388 
 108.379340886806574   -2.077572541967045   -0.002410583655659    0.001069616293932 
 -81.779612308775071    2.172893357256483    0.020140263737490   -0.003577037279013 
-402.054743757391350    4.855586883856093   -0.031074119439819    0.006319593046831 
  -5.612389306476826    0.587826799248078   -0.010091203011365   -0.000284541958503 
   0.657929800086175    0.120972839884862   -0.015640882603618    0.000991831299935 
 -13.816004689614971    0.513940760756761    0.038308322624068   -0.003366783950910 
  49.492304801315967   -3.300354948846727   -0.020557822513222    0.006207180907570 
  16.865110591454737   -0.388811517756962    0.001452659383062    0.000012580251044 
 -47.319451670200934    0.235462305525116    0.005034103961844    0.000620007425488 
 264.938789549120600   -1.890247336499382   -0.041524208847277   -0.002111876436021 
-552.770362940816085    5.312034289739527    0.096129445514560    0.003569447066162 
   4.761365484551700   -0.038938661815180   -0.001505284990620    0.000009609872153 
  28.131107782418916   -0.746196937542102    0.001502312034299    0.000650431124795 
 -97.727065695273410    3.606004256198542   -0.029659541642917   -0.002401802690090 
  84.166391345073549   -6.155388026487145    0.090297552134338    0.004305422974625 
  -1.156293525275553    0.083037627148874   -0.001128710374506   -0.000003118789560 
   1.004858415358739   -0.025536416336519   -0.005087756219672    0.000626364120176 
 -16.092047638842615    1.102439922913971    0.010547310055819   -0.002452978743874 
  53.550089232106082   -3.999219989171477    0.003584233888875    0.004680061138613 
   2.729744020353922   -0.058975129280065   -0.000143614008627    0.000010506399364 
  -1.016595803208771    0.097877500862319   -0.002126179252117    0.000444224423521 
  11.322207916351921   -0.873940634292079    0.019901859199245   -0.001277626841808 
 -39.651873520795327    2.577653108042120   -0.054613396967633    0.001798369455591 
  -1.599578769204385    0.081643095230228    0.000245620183468    0.000004472033106 
  -0.944361636796570    0.045509258336305    0.000335930912359    0.000431427583181 
   5.489203400599639   -0.290695918720774   -0.000096246003213   -0.001136245971980 
  -9.747849841757542    0.535052772103650   -0.001164774309833    0.001419858628665 
   1.664654892820234   -0.088567835533358    0.000000000000000    0.000044518985802 
   1.033365240940116   -0.054980118161558    0.000000000000000    0.000458456545841 
  -5.514703409247767    0.293409370718288   -0.000000000000000   -0.001260431716993 
   9.439247364954028   -0.502214430020127    0.000000000000000    0.001616702014925 
   1.970081139377347   -0.114230924190688    0.000000000000000    0.000056895652689 
  -0.563355091230665    0.032664935180866    0.000000000000000   -0.000016269611947 
   0.036706662707743   -0.002128357010913    0.000000000000000    0.000001060083008 
   0.000298131143331   -0.000017286494120    0.000000000000000    0.000000008609983 
 434.378624213823855    0.228461848381375    0.000000000000000    0.000000000001550 
-108.073958887447134   -0.065329870361732    0.000000000000000   -0.000000000000459 
 -50.462378680908174    0.004256714021826    0.000000000000000    0.000000000000033 
  17.152409672885000    0.000034572988241    0.000000000000000   -0.000000000000000 
-2398.621724893650480   50.601485274520059    1.964843552331367    0.025430954404572 
 607.927658013545056  -12.598202712910027   -0.489511828249948   -0.006339937479567 
 236.116002292882627   -5.847648609433483   -0.225877687058857   -0.002908331527385 
 -20.734079481498583    1.989125854426733    0.076891463823658    0.000990769755133 
1981.906462977157616 -124.494416278253681    0.166818011497176    0.068644337783936 
-513.092404107831157   31.779633214290016   -0.022772974035672   -0.016951872541205 
-159.528604912740150   11.388476563385140   -0.091053556479035   -0.008465134101534 
 -32.760327254740133    0.475568171695067    0.136864491677764    0.003740775237243 
-1564.802137523891361   80.000641461993041   -1.363485801203934    0.007748428520565 
 430.110380934118837  -21.161745586452223    0.342415054779854   -0.001017437907200 
  78.821760093702011   -5.071841762559885    0.126198640239746   -0.004615532658246 
 -10.631542757525153   -2.904674609028284    0.053318628062944    0.007677750465029 
 -55.475645248426602   -0.586836944347580   -0.000212642835608    0.000001455991772 
  -7.915866191064310    0.988985298104756   -0.003884720156530    0.000800332767353 
  13.084938110396422   -1.012512638973476    0.021750338184558   -0.003545012397355 
 104.636302626266001   -3.452200204662976   -0.055807950839182    0.007683275970781 
 161.700518599076702   -2.266518693983124   -0.029010441518022   -0.000117496968459 
 -74.007199845977283    0.749310105249478    0.013659213170214    0.000853726743299 
  55.551076896002684   -0.616329203148243    0.005311076697211   -0.003415178199321 
 132.852906329265181   -0.284040788334853   -0.093516364925371    0.006875954941400 
-243.589736454343779    4.279132601591242   -0.001853511851665   -0.000524354933938 
 127.573717077540223   -2.246507890577397   -0.006543019756367    0.000992645949661 
 -52.285480063231908    1.632383303188435    0.019021063310987   -0.003319254498564 
-410.483797385305309    5.093856610937577   -0.028615774946943    0.005888775254337 
   5.500017902111203   -0.662243547831480    0.022603470019445   -0.000416544723953 
  -1.446716189842789    0.341407889602914   -0.019425083732881    0.000885128065496 
 -13.914602988334519    0.571738351942730    0.033925076832006   -0.003132164030231 
  47.764622670376227   -3.233074053911650   -0.016033380356777    0.005801274531755 
  -9.133115595471647    0.294840491441530    0.001292290825163   -0.000260204933881 
 -40.995035198405120    0.089657986366250    0.005578851230493    0.000624725019629 
 253.899478690544527   -1.849607300012960   -0.040197589448234   -0.001956284880382 
-520.359441010399109    5.078673073705316    0.091020414508412    0.003315174698485 
 -10.864411331500525    0.105370685138977    0.004059799652944   -0.000240189716777 
  29.916619839124827   -0.760798935722794    0.000937830162817    0.000654034826852 
 -90.471099742579966    3.417629772040423   -0.029354523868277   -0.002238744446134 
  72.399356234226644   -5.716372873685284    0.086610643044762    0.004015379393970 
   2.029868891799489   -0.172952955483673    0.003482693879179   -0.000204603332516 
   0.571248343380693    0.005602693844285   -0.005511022610112    0.000625194574091 
 -15.895034294000233    1.099948207602446    0.009222462702096   -0.002296533907091 
  51.552025804199168   -3.861651822446963    0.004820946942470    0.004383219643621 
  -3.062065680278550    0.076349899035992   -0.000472145737150   -0.000212617725375 
   0.007058204423730    0.075761827382307   -0.002180034505353    0.000448164323282 
  11.196015716503830   -0.852235718261503    0.019363582479562   -0.001166078248457 
 -38.247150309386711    2.469824678907210   -0.052159166614652    0.001645627627293 
   1.677705904393013   -0.081387323239834   -0.000558643914558   -0.000213716234059 
  -1.544203675248204    0.076125419047641    0.000428038481160    0.000433104595595 
   5.178132736594044   -0.275491584047781   -0.000000749829023   -0.001028179449632 
  -9.079579244541137    0.499586323595429   -0.001171076412808    0.001284577672595 
  -1.825716462514360    0.097137103960669   -0.000000000000000   -0.000261057880163 
   1.657610825747669   -0.088193056486566    0.000000000000000    0.000475151165517 
  -5.178331400911802    0.275512723887273   -0.000000000000000   -0.001143730753073 
   8.769307049775284   -0.466570307080391    0.000000000000000    0.001466398384973 
  -0.607317942989783    0.035214026731527    0.000000000000000   -0.000017539252543 
   0.175425336035840   -0.010171661390642    0.000000000000000    0.000005066257812 
  -0.011784556691610    0.000683302212865    0.000000000000000   -0.000000340336258 
  -0.000068144593334    0.000003951217906    0.000000000000000   -0.000000001968006 
 127.104851656860333   -0.070428053463053    0.000000000000000   -0.000000000000415 
  54.818025192737231    0.020343322781283    0.000000000000000    0.000000000000123 
 -57.119370392746958   -0.001366604425730    0.000000000000000   -0.000000000000009 
  10.004352480572742   -0.000007902435813    0.000000000000000    0.000000000000000 
-693.278152451864912   14.669375687282685    0.564325751899315    0.007236303018726 
-291.555488821575921    6.377354265035046    0.247304503874316    0.003196670422147 
 275.662523441878989   -6.625254665417860   -0.256153602605811   -0.003301239909563 
  13.594482405140482    1.160153886785125    0.044845715688043    0.000577836623913 
 571.793904936730542  -35.938922349283608    0.046777082212495    0.019665330046425 
 230.122519508604455  -14.905772890055211    0.039783780275769    0.008789754127771 
-194.899840487643615   13.497709103914501   -0.088927205699023   -0.009485398903213 
 -56.847560622515275    2.152531354298028    0.125452785827283    0.002551831438329 
-450.307487780676411   23.059335030588262   -0.396199079311415    0.002024637473386 
-156.690420637340708    8.838494961795213   -0.168892120671622    0.001888222788012 
 112.999255130799099   -6.612248090642016    0.147889007003275   -0.004506684548145 
   2.885397781431891   -3.713055851281129    0.071780635118371    0.007100045064902 
  69.227100725774164   -0.131549029144621   -0.002604597515293   -0.000259392361902 
 -28.719233159226505    0.768921443974442   -0.003964461219882    0.000800878764268 
   8.505550691610381   -0.792774296213580    0.020769190512507   -0.003344860955902 
 106.039883611204345   -3.564457555158707   -0.053150272636596    0.007252657464336 
-107.688885768618590    1.964496850962782    0.015894625525467   -0.000227910969638 
 -13.369505371322212   -0.100634404994234    0.002780297600956    0.000809665380127 
  44.628988743840125   -0.535244740616335    0.007366015543607   -0.003207254183892 
 138.956249769061344   -0.353800762658047   -0.092695716151025    0.006462167660582 
 124.640703746368402   -2.394758770214572    0.010088945342565    0.000079674127072 
  36.227565907160781   -0.641833164980667   -0.007238086700742    0.000796012849434 
 -31.810319690144308    1.271340671243674    0.017298425003848   -0.003095672148677 
-415.501904267885095    5.271160518908342   -0.026343996857099    0.005488354404250 
  -1.078278003893917    0.133658927938348   -0.005200348033419    0.000076934354381 
   0.615790523448924    0.093066559166112   -0.010948782475589    0.000728923794014 
 -14.018468696633759    0.626047658038858    0.030128343555947   -0.002930407547792 
  46.013434578833184   -3.157565706073122   -0.012052115283721    0.005422770590085 
   0.508970906635846   -0.053977309941876   -0.000578423392131    0.000014554988559 
 -44.419953546707859    0.200223170656830    0.006063460289929    0.000527148169424 
 243.222605097405449   -1.813372155385076   -0.038742300508182   -0.001812300731750 
-489.280391715453447    4.849448927575515    0.086085409383377    0.003079892204108 
   4.511166518660962   -0.043418523284041   -0.001251927392057    0.000008142288123 
  25.842465589812548   -0.721284928795689    0.002460255032671    0.000563963683061 
 -83.501214063962919    3.232369288975612   -0.028929763218841   -0.002086494632395 
  61.536696398008488   -5.300850833431486    0.082963910453719    0.003745286511832 
  -0.993676644974784    0.072148188120590   -0.001006595955706   -0.000002905340636 
   1.332449177805509   -0.059254664462094   -0.004205012405420    0.000548468324397 
 -15.657072103851958    1.093241711275220    0.008007958325155   -0.002149826044780 
  49.578036860493754   -3.724408553146520    0.005894447188432    0.004105521954571 
   2.270853708275761   -0.049892415123557   -0.000095465231924    0.000008626143164 
  -1.141216425680457    0.104393039520803   -0.002357089156784    0.000368432676267 
  11.054245938846709   -0.829716359898614    0.018796442021795   -0.001064003623514 
 -36.853518657411399    2.364628113573924   -0.049773704003496    0.001506455144793 
  -1.313845613614168    0.067086837949027    0.000199782135737    0.000003773262839 
  -0.915063961101110    0.045605172832716    0.000218547013201    0.000352961007823 
   4.870724282050411   -0.260275260062737    0.000080073357772   -0.000929921249205 
  -8.453164065548116    0.466180375646373   -0.001165573141563    0.001162405086177 
   1.366777122653380   -0.072719271683295   -0.000000000000000    0.000036631807213 
   0.972967152305107   -0.051766642501332   -0.000000000000000    0.000377254460456 
  -4.849509153655249    0.258017761513788    0.000000000000000   -0.001037180049827 
   8.144349941347766   -0.433319512195912    0.000000000000000    0.001330346399128 
   0.179643678941393   -0.010416252945285    0.000000000000000    0.000005188082918 
  -0.052318892585328    0.003033598633681    0.000000000000000   -0.000001510961892 
   0.003603748739704   -0.000208955631755    0.000000000000000    0.000000104075732 
   0.000013638838373   -0.000000790818754    0.000000000000000    0.000000000393888 
 -81.358921298746651    0.020832505890571    0.000000000000000    0.000000000000111 
 102.482344564060199   -0.006067197267362    0.000000000000000   -0.000000000000033 
 -37.456824173147318    0.000417911263510    0.000000000000000    0.000000000000002 
   3.969214488508197    0.000001581637508    0.000000000000000   -0.000000000000000 
 442.500290095960167   -9.414012166598983   -0.363095567414384   -0.004668138665892 
-551.534795991027067   11.878370147766093    0.458926660836560    0.005910284054170 
 170.276237840303850   -4.343289113817724   -0.167874707016951   -0.002162870600023 
  42.142684431030673    0.460294338388289    0.017792846969531    0.000229263014897 
-361.218266652211469   22.887866211139528   -0.035238309940975   -0.012702027717375 
 444.545233859879772  -28.382868771036659    0.057325186105455    0.016164252895180 
-110.566371316583300    8.086628896278029   -0.076788584901370   -0.006366148025344 
 -76.497591345569248    3.536649083166783    0.115049868170410    0.001541905331421 
 275.306552071169165  -14.382989742836525    0.257275529123981   -0.001535593414107 
-325.555728555094163   17.485745598265865   -0.317466775413404    0.002647461840532 
  52.718486481744833   -3.321718020634388    0.087094144992647   -0.003939723969577 
  13.682510038251678   -4.356447615101713    0.086853995281507    0.006570167347512 
  -8.438871181680046   -0.204672696780790    0.006853467518189    0.000035137089162 
  -2.759070387064924    0.719590558045268   -0.004941185288117    0.000703606628555 
   4.570762748324341   -0.606710295961123    0.019655984699007   -0.003156800281800 
 106.789548610647671   -3.651796876320851   -0.050621155633615    0.006846556949833 
  20.022703451610731   -0.460183342000285    0.000143336435894    0.000074782837425 
 -53.752837534553962    0.636051914116756    0.008740782173006    0.000724198766513 
  36.238695880605491   -0.468317551976014    0.008806150515353   -0.003015521165562 
 144.115644985597413   -0.418441859901087   -0.091700477867580    0.006073466770548 
 -28.072077208203890    0.350337464762827   -0.001338853839648    0.000042121695013 
  82.967829812052258   -1.539867703811177   -0.003454732197281    0.000825890647086 
 -16.910895225242921    0.998628062644699    0.015961822641595   -0.002892934211612 
-418.668699637348936    5.415372196387905   -0.024275083864945    0.005113988699967 
   2.584193605251680   -0.219122869652253   -0.000451596053704    0.000040407867136 
   0.211436271988533    0.143188657143014   -0.012898912988122    0.000757774176906 
 -13.915065347204056    0.655579560077497    0.027147381622984   -0.002744570301427 
  44.268641706956501   -3.077594531237665   -0.008467303995161    0.005068009343304 
  -3.716855767660817    0.230564840096542    0.000212094349065   -0.000218705820113 
 -44.229089456716210    0.179981679428617    0.005846551517880    0.000532606290134 
 232.141474721977033   -1.765846549124394   -0.037253549032206   -0.001679831424305 
-459.570633768643006    4.625800470760413    0.081336233653697    0.002861619730499 
 -11.322221225692818    0.153457314740969    0.002867654127921   -0.000207442870110 
  27.534153034307209   -0.737566875027148    0.001990782260650    0.000567017041107 
 -76.829136735947486    3.050012813497751   -0.028373383557176   -0.001945122041874 
  51.511644036960860   -4.908159551125257    0.079383686365561    0.003493302518237 
   1.583995470285784   -0.136594463981095    0.003011651192329   -0.000178815187939 
   0.959820435940226   -0.032199093916898   -0.004582485888809    0.000547378821659 
 -15.370538402133775    1.081809991477849    0.006909521038376   -0.002012845151523 
  47.639781591218266   -3.588538278939415    0.006827772652515    0.003845357842049 
  -2.500997858277095    0.057947456378298   -0.000208084422783   -0.000175769768779 
  -0.289646285077191    0.085683383849476   -0.002392888618756    0.000371667479954 
  10.875388100002024   -0.805956806977331    0.018202694799852   -0.000971491103986 
 -35.485134160557848    2.262447263705822   -0.047461164724377    0.001379228300356 
   1.446344470487410   -0.070887289924901   -0.000430275759555   -0.000174919354074 
  -1.407756066206376    0.070762737063601    0.000293465314102    0.000354375981388 
   4.580371778636970   -0.245729271325698    0.000144074898685   -0.000841504125554 
  -7.861187509398107    0.434489577944411   -0.001151758975277    0.001051687315428 
  -1.560344379299170    0.083018002684651    0.000000000000000   -0.000214822101205 
   1.485508573300045   -0.079036369382563    0.000000000000000    0.000390991388161 
  -4.542199687954597    0.241667385028301    0.000000000000000   -0.000941149318750 
   7.556033395463309   -0.402018175623278    0.000000000000000    0.001206665040343 
  -0.051357926462181    0.002977879076669    0.000000000000000   -0.000001483209330 
   0.015047487017694   -0.000872496220801    0.000000000000000    0.000000434569202 
  -0.001055176956250    0.000061182169855    0.000000000000000   -0.000000030473355 
  -0.000002508705378    0.000000145461894    0.000000000000000   -0.000000000072451 
 -59.889575995011306   -0.005955758153338    0.000000000000000   -0.000000000000030 
  71.972749077030230    0.001744992441603    0.000000000000000    0.000000000000009 
 -15.649937468011018   -0.000122364339710    0.000000000000000   -0.000000000000001 
   0.729493957516608   -0.000000290923788    0.000000000000000   -0.000000000000000 
 327.367176882252750   -6.951092665012690   -0.268926341876049   -0.003468103401818 
-385.597187205042246    8.348115585291476    0.322765823056166    0.004159732054460 
  53.134739940795178   -1.814978397185527   -0.070163146530361   -0.000904118586444 
  55.673741352802523    0.084595990207030    0.003270066637877    0.000042134919909 
-269.736678871428921   16.946235696559565   -0.025716034599104   -0.009411066064706 
 309.088383865300841  -19.799918941859346    0.044110819877590    0.011400992501165 
 -16.362169100935777    2.063780432166030   -0.064109084153489   -0.002920492350801 
 -84.077872908136627    4.148698234347721    0.106278176266533    0.000973894631855 
 207.931741654504179  -10.885460072581770    0.182736228298348   -0.001223686600780 
-222.315771528405378   12.092124444702193   -0.220988451991911    0.002071614310242 
 -15.765451028692723    0.375515734736616    0.019787241566982   -0.003349839450730 
  15.723220699310502   -4.526539369549584    0.093282836307573    0.006116069236686 
 -14.663562026437603   -0.176953010410585   -0.007168926283122   -0.000242689231289 
  -5.923647080201690    0.642838296752513   -0.002371134968794    0.000716783036990 
   3.485423064916972   -0.436406689111409    0.018741944666893   -0.002979251573607 
 107.301301309113683   -3.716791812207434   -0.048227977887620    0.006463019395306 
  59.936016815720279   -0.620933741236869   -0.015221684143601   -0.000348141686611 
 -46.244323740193877    0.463483160866486    0.008794533336467    0.000752242330547 
  23.739050721261179   -0.330875667603086    0.010998064954037   -0.002830966028430 
 147.844700726874606   -0.467942038329866   -0.090462854377731    0.005707988290809 
 -90.513529585056943    1.805281520905318    0.000759150149246   -0.000519339637679 
  72.440800858972224   -1.408491154525035   -0.003956802387150    0.000841686282716 
   2.515183608635613    0.630083205352661    0.015035380818542   -0.002684487095387 
-419.541017475488161    5.516824524207303   -0.022336451174233    0.004765358733812 
  -0.855625060054478   -0.030844265024496    0.012757687885256   -0.000459647779772 
   1.180508873957826    0.061017581023428   -0.013068261508261    0.000772927127082 
 -13.741072203960757    0.681105339848301    0.023901484810936   -0.002553232638429 
  42.537609483441059   -2.993837737814907   -0.005276308831270    0.004736857198755 
   6.378369536043607   -0.179735614680978    0.000543022075969    0.000009597960882 
 -45.622910369585128    0.266443494464815    0.005926086898779    0.000450591607591 
 220.909974743688906   -1.710043402387714   -0.035781969230123   -0.001556931687090 
-431.251288435078209    4.408332187814249    0.076771306638913    0.002659535615939 
   4.299598685054042   -0.047414017753037   -0.001027745183355    0.000006867422419 
  23.288320074668139   -0.680020381999210    0.003066152558621    0.000489225964816 
 -70.476327597325067    2.872814406369448   -0.027741266704767   -0.001813091666134 
  42.316109372797008   -4.538132710542484    0.075873720280706    0.003258616742414 
  -0.854824485144527    0.062732765420656   -0.000896933689738   -0.000002688936076 
   1.553818737297741   -0.083422017909842   -0.003453116691685    0.000480323126181 
 -15.056333505479063    1.067357352499511    0.005905070715814   -0.001884382408043 
  45.736555226416016   -3.454081926909597    0.007625743571535    0.003601955743783 
   1.890378304752935   -0.042254401544059   -0.000058568448358    0.000007078928397 
  -1.227520481931043    0.107413679991347   -0.002470920277300    0.000305753816661 
  10.685742254125984   -0.781819673997228    0.017594718687845   -0.000886813441909 
 -34.135121132703873    2.163154644332043   -0.045223623173952    0.001263255916402 
  -1.079131464620137    0.055125293725929    0.000162439088488    0.000003185362121 
  -0.865376889773823    0.044180003341775    0.000132111904269    0.000288781223610 
   4.296230159139469   -0.231361428775027    0.000197272050981   -0.000761109474929 
  -7.307812334059044    0.404740635057183   -0.001130004599751    0.000951694785079 
   1.122169076811661   -0.059704919418639   -0.000000000000000    0.000030144527424 
   0.900379431063086   -0.047904618375831    0.000000000000000    0.000310433100209 
  -4.243963687409225    0.225799761558502   -0.000000000000000   -0.000853471257704 
   7.008421958310993   -0.372882551229850   -0.000000000000000    0.001094711041523 
   0.014309584862053   -0.000829710548924    0.000000000000000    0.000000413258697 
  -0.004211735405624    0.000244208432950    0.000000000000000   -0.000000121634296 
   0.000299291995259   -0.000017353803627    0.000000000000000    0.000000008643509 
   0.000000402709621   -0.000000023350253    0.000000000000000    0.000000000011630 
-221.596278393380146    0.001659421097848    0.000000000000000    0.000000000000008 
  49.514158078901019   -0.000488416865899    0.000000000000000   -0.000000000000002 
  -0.464074073519615    0.000034707607253    0.000000000000000    0.000000000000000 
  -0.219145849771428    0.000000046700505    0.000000000000000    0.000000000000000 
1212.173683582399235  -25.695909244620232   -0.993217265712897   -0.012796855761539 
-262.834495874197501    5.741455835911720    0.221918444852648    0.002859193278779 
 -27.919220444109769   -0.053781969535128   -0.002077613041759   -0.000026752919790 
  56.930016812671290   -0.025413356282334   -0.000982357454642   -0.000012657729502 
-995.506745651032247   62.791008789450935   -0.090587805554897   -0.034714888756532 
 207.937129288514967  -13.445080555649511    0.034467306902926    0.007871842726900 
  48.266020043291206   -2.091844505022577   -0.054286818305925   -0.000511387947293 
 -81.820467498779038    4.130395171496765    0.098903545677858    0.000768592607428 
 771.824464269190344  -39.926356149612417    0.695811308822875   -0.004055824641890 
-144.341368407965774    8.010076917484021   -0.152462366380031    0.001612731834949 
 -61.597593520739139    2.888290905009895   -0.026894110729510   -0.002889296182581 
  10.684972073511517   -4.311921122463297    0.092660203636968    0.005727318266050 
 -13.825944452754545   -0.177313215531457    0.007363546753614    0.000027460298692 
 -11.422482840117340    0.576480917848565   -0.005059482324965    0.000625774575257 
   1.317156824877088   -0.283991787286273    0.017813117505173   -0.002811431872076 
 107.615782437017401   -3.761643911308058   -0.045936285597292    0.006101338681153 
  21.192909210467281   -0.595932709991961   -0.000440520918878    0.000069502804489 
 -23.768317434296961    0.230633007902635    0.003086401782617    0.000621689198068 
  14.987470574449787   -0.244111146506947    0.012483181843922   -0.002659224587353 
 150.206577041435196   -0.503272333605064   -0.088980411526937    0.005365191359438 
 -14.666763255492711    0.261958129396338   -0.004946961106587    0.000007122362026 
  38.498227264572378   -0.731510584185491   -0.003672121081182    0.000646933918587 
  16.382562124079055    0.362582988013841    0.014081765385000   -0.002498409570224 
-418.271516248458170    5.577103191057448   -0.020517370894079    0.004441934859826 
   0.767973236272009   -0.035566697367064   -0.003416128651785   -0.000018885465433 
   0.859649476437588    0.049450981639221   -0.008284128551290    0.000600559209668 
 -13.486052410161360    0.694913910181136    0.021232436053492   -0.002381546846335 
  40.836749766406143   -2.907806413335505   -0.002467897456819    0.004428882355742 
   3.463915203032627    0.098071945289471    0.000209482283916   -0.000186825478060 
 -43.231021793570278    0.199042638959461    0.006129720177267    0.000454190842922 
 209.803233223294626   -1.651857635709682   -0.034274993345618   -0.001443833880775 
-404.337941813641805    4.198388895994374    0.072392216182933    0.002471978394939 
 -10.813037743753270    0.169932126594139    0.002062762947281   -0.000179541764872 
  24.900669581564255   -0.697800638656617    0.002680748114863    0.000491801248223 
 -64.452703890296092    2.700586778787471   -0.027022904120581   -0.001690463264504 
  33.878846077979738   -4.189748833718461    0.072451963261527    0.003039637852782 
   1.223608517790127   -0.107075429471569    0.002599515599185   -0.000156268895786 
   1.233259555368549   -0.059897230877093   -0.003789466825337    0.000479314775153 
 -14.707948718895782    1.049442446401143    0.004999747776187   -0.001764427670376 
  43.877122376928867   -3.321843201944538    0.008308170639091    0.003373907739796 
  -2.033005896583099    0.043204767211099   -0.000015290129718   -0.000145349459585 
  -0.518628617648915    0.091568279412328   -0.002492883445434    0.000308408414810 
  10.467473616678518   -0.756946929071769    0.016974243222503   -0.000810043162975 
 -32.814891213341831    2.067022995704238   -0.043063005858805    0.001157195465581 
   1.243708949440939   -0.061522151307586   -0.000329819991629   -0.000143166017189 
  -1.270051189006238    0.064851988488990    0.000193026562452    0.000289975734406 
   4.029301649291952   -0.217732429796181    0.000237914359322   -0.000688764855177 
  -6.786412756711155    0.376618435601829   -0.001102964081029    0.000861074528742 
  -1.331093488623170    0.070820726679372    0.000000000000000   -0.000176765842843 
   1.321192834867336   -0.070293963157814   -0.000000000000000    0.000321737297993 
  -3.966267154167925    0.211024938866797    0.000000000000000   -0.000774449957928 
   6.494186662473320   -0.345522701867898    0.000000000000000    0.000992936527531 
  -0.003907995473183    0.000226596725237    0.000000000000000   -0.000000112862332 
   0.001154358917646   -0.000066933022897    0.000000000000000    0.000000033337715 
  -0.000082880065738    0.000004805622630    0.000000000000000   -0.000000002393564 
  -0.000000045748751    0.000000002652643    0.000000000000000   -0.000000000001321 
 129.092236808248714   -0.000453193450475    0.000000000000000   -0.000000000000002 
 -33.584446318616543    0.000133866045794    0.000000000000000    0.000000000000001 
   1.527139896515946   -0.000009611245260    0.000000000000000   -0.000000000000000 
   0.063698379784378   -0.000000005305286    0.000000000000000   -0.000000000000000 
-708.651151124863532   14.969819067630109    0.578644356037885    0.007455652134802 
 191.730635469202241   -3.894510130820867   -0.150538029789688   -0.001939627631798 
 -36.807202994734176    0.177086243601229    0.006844938841111    0.000088192786083 
  51.700851984870113    0.007386822218497    0.000285539143865    0.000003679191596 
 584.555387814661572  -36.760685540436178    0.048410490053694    0.020189498868653 
-165.377900330622310   10.101547740394595    0.000496879819839   -0.005146240556800 
  53.585923663027813   -2.509786106929442   -0.049916294965579   -0.000170687676030 
 -74.482546460834271    3.781473913728816    0.092479315752251    0.000759864139521 
-460.045949843977837   23.554314191672411   -0.405804970657768    0.002152103842448 
 145.092805692981415   -6.962306638620642    0.108466874428547    0.000091797594241 
 -61.503663860112368    3.019262189867818   -0.032393547223446   -0.002676230003932 
   2.237408658820300   -3.903708471856084    0.088275221783636    0.005383433645645 
  58.217810959286069   -0.138101711875001   -0.003825816803427   -0.000200225675646 
 -16.607212009902966    0.509988462024303   -0.002298152292359    0.000636072187266 
  -2.186555031374951   -0.148183114802173    0.016893413178007   -0.002653701026760 
 107.574946947990725   -3.788481685251547   -0.043774318393220    0.005759741058278 
 -83.745926400167207    1.624606844900524    0.011176896137849   -0.000193055025496 
 -15.820976480370458    0.007158241655602    0.002921206438037    0.000647752749751 
  10.038808835116043   -0.214387240312160    0.013234132871504   -0.002500544343875 
 151.750023304132242   -0.531346517244156   -0.087372649161013    0.005042637927404 
  89.379878279709573   -1.765435663246758    0.009276641796781    0.000047809793210 
  32.998191043762425   -0.633276285661860   -0.005527231496153    0.000649604804346 
  25.319614412620918    0.191984629282918    0.012931846312833   -0.002336342229857 
-415.650807203922795    5.611507848652758   -0.018824189146259    0.004139755916889 
  -0.366937204780607    0.047693269024342   -0.002338531898155    0.000057450169007 
   1.147639440039653    0.036113470126573   -0.009565176795710    0.000593477160131 
 -13.235141295601704    0.705609466651860    0.019001272885117   -0.002232292300110 
  39.165925185932409   -2.820238969180545    0.000050045414981    0.004140535851927 
  -1.232574161366084   -0.016159203524187   -0.000509401440719    0.000010659126048 
 -41.932053592436446    0.235819618443023    0.006208276033736    0.000384131288650 
 199.157848800044178   -1.597499853534372   -0.032732743819242   -0.001339043614329 
-378.781256916873758    3.995208279532549    0.068204028037587    0.002298230998250 
   3.762267085217456   -0.041729402999529   -0.000909708176156    0.000005956258298 
  20.845780427659534   -0.634076091183875    0.003454284220093    0.000424473086396 
 -58.734397639143417    2.534102187557417   -0.026256025078712   -0.001575928972677 
  26.190211839561435   -3.862746722664287    0.069120015769631    0.002835663671713 
  -0.736967977800015    0.054652061232815   -0.000799357626510   -0.000002512213086 
   1.692112749539758   -0.100050516928921   -0.002814648475643    0.000420713939233 
 -14.342277180782231    1.029448977925390    0.004174233363564   -0.001651924081078 
  42.060288328005825   -3.191807922075036    0.008879005870873    0.003160538361673 
   1.575552652196168   -0.035860297125587   -0.000030040216846    0.000005793632692 
  -1.281005828867572    0.107770067116490   -0.002498617244078    0.000253902367466 
  10.242519310863949   -0.732029635755667    0.016350305636314   -0.000739754315191 
 -31.518531298049542    1.973919768247044   -0.040980206623362    0.001060475066027 
  -0.886450279508841    0.045301678108114    0.000132078797585    0.000002681295127 
  -0.803660332965913    0.041781181748646    0.000069344065591    0.000236288477960 
   3.770087709045432   -0.204403283516476    0.000270710687827   -0.000622981828631 
  -6.300165481336009    0.350295033745674   -0.001070852925747    0.000779230171568 
   0.921444049309527   -0.049025359769420    0.000000000000000    0.000024802788326 
   0.822032776633696   -0.043736190653053    0.000000000000000    0.000255450106927 
  -3.698363952730285    0.196771169640438   -0.000000000000000   -0.000702301532313 
   6.016447114277183   -0.320104605952094   -0.000000000000000    0.000900812182284 
   0.001050333992471   -0.000060901361000    0.000000000000000    0.000000030333491 
  -0.000311139384797    0.000018040749067    0.000000000000000   -0.000000008985659 
   0.000022522375868   -0.000001305911599    0.000000000000000    0.000000000650443 
  -0.000000001702538    0.000000000098718    0.000000000000000   -0.000000000000049 
 -54.475185482493906    0.000121802722000    0.000000000000000    0.000000000000001 
  14.825142484476723   -0.000036081498134    0.000000000000000   -0.000000000000000 
  -0.817773082751531    0.000002611823197    0.000000000000000    0.000000000000000 
  -0.018032831863402   -0.000000000197436    0.000000000000000   -0.000000000000000 
 297.499101316115855   -6.317131490805943   -0.244185494146507   -0.003146288554976 
 -74.013546202621626    1.719172019540425    0.066453603724519    0.000856241918752 
 -22.092566836411596   -0.094831020308827   -0.003665614417035   -0.000047230428048 
  48.711658510193878   -0.002091190258961   -0.000080835458574   -0.000001041571315 
-243.453778369443768   15.399870742380648   -0.023176570380262   -0.008542190036123 
  53.830370099875822   -3.683709337268974    0.018650813589975    0.002424821518945 
  39.642482384184518   -1.707556306538739   -0.047522833289352   -0.000510865055762 
 -69.226625953796244    3.553789119860137    0.086342094367125    0.000697550786295 
 184.451039839562952   -9.719929507907160    0.172177403584124   -0.001027379170949 
 -27.424425498507990    1.870561183256507   -0.043709989568116    0.000898836535159 
 -46.795116335803399    2.382794007947301   -0.024298936615892   -0.002552400737757 
  -4.082001480529811   -3.589082219445443    0.085128235460335    0.005054542560381 
 -40.018217789548970   -0.220681114995947    0.001529898124494   -0.000002952954035 
   5.224467099820544    0.458200320071291   -0.003732833593643    0.000560987558899 
  -3.609398145134435   -0.027159517040233    0.016139539942257   -0.002504068558490 
 107.155846543444000   -3.799305734788692   -0.041706022673982    0.005437575992086 
  95.183891180776044   -1.432345617013655   -0.015153451965336   -0.000051131374026 
 -47.225698880427885    0.616385808493146    0.007112542489732    0.000575357115190 
   2.157974415015829   -0.136444234043552    0.014488351487475   -0.002347655610758 
 152.594105388515516   -0.554860014513357   -0.085650908826212    0.004739813960537 
-135.984223544077139    2.420706717159957   -0.001817137046627   -0.000282547943989 
  66.515645398649909   -1.295314659379334   -0.002048490822360    0.000667533476800 
  37.758843967922807   -0.049089238847235    0.011984881023019   -0.002171699944714 
-411.795688592521117    5.622162868819878   -0.017275952908273    0.003857956591728 
   2.551452393556262   -0.337821653941649    0.012267088782137   -0.000226195870668 
   1.010037988247081    0.053998446010688   -0.010442126257518    0.000615020973508 
 -12.965431617065878    0.716873456169019    0.016500360003463   -0.002081230033405 
  37.528747716004730   -2.731380361962272    0.002271181193074    0.003870884602401 
   5.436102995367790    0.106168603235561   -0.001169924298287   -0.000153323526185 
 -42.394268902952163    0.229759917121468    0.006017250493467    0.000388128460918 
 188.617058488120904   -1.539302411588812   -0.031204553003342   -0.001242511145633 
-354.544121525658852    3.799173918434542    0.064208444448520    0.002136873416450 
 -11.786782213558386    0.218942537913861    0.001078258675583   -0.000154539253265 
  22.256630584618932   -0.649724617308755    0.003113143654035    0.000426706683258 
 -53.346596262608770    2.373627098995842   -0.025435096594446   -0.001469531501470 
  19.181475631751614   -3.555972890884590    0.065890209051949    0.002645316575421 
   0.931203462645260   -0.083010327897855    0.002239025587388   -0.000136705876219 
   1.415749757864573   -0.079555993966598   -0.003114407585585    0.000419771859326 
 -13.953794367356680    1.006998164063449    0.003433101355911   -0.001546863356258 
  40.292503551537962   -3.064583346854282    0.009355244913523    0.002960616600173 
  -1.642247007040003    0.031357492759890    0.000124406379558   -0.000120274410755 
  -0.690173584293880    0.094322455694390   -0.002509882325396    0.000256074979726 
   9.996121884218766   -0.706768070404307    0.015724243190130   -0.000676007146792 
 -30.255154848993786    1.884029931433457   -0.038975517985560    0.000971984316809 
   1.067254073384524   -0.053240131272040   -0.000251342866798   -0.000117207003717 
  -1.136079187781755    0.058769311039190    0.000118873614686    0.000237293963632 
   3.527620268951976   -0.191834471917997    0.000294237897862   -0.000563784023432 
  -5.843193058610087    0.325485934110992   -0.001035672622342    0.000705054687362 
  -1.133846399954514    0.060326210498278    0.000000000000000   -0.000145477858850 
   1.167574295124794   -0.062120700566587    0.000000000000000    0.000264751152549 
  -3.449663068760481    0.183539058237983   -0.000000000000000   -0.000637276374879 
   5.568795577729596   -0.296287340381793    0.000000000000000    0.000817064341611 
  -0.000278661935594    0.000016157613919    0.000000000000000   -0.000000008047716 
   0.000082735862379   -0.000004797261308    0.000000000000000    0.000000002389399 
  -0.000006028064435    0.000000349524371    0.000000000000000   -0.000000000174090 
   0.000000003475137   -0.000000000201498    0.000000000000000    0.000000000000100 
  20.136378123250307   -0.000032315227839    0.000000000000000   -0.000000000000000 
  -5.603052071458493    0.000009594522616    0.000000000000000    0.000000000000000 
   0.334988218875748   -0.000000699048742    0.000000000000000   -0.000000000000000 
   0.004991537467110    0.000000000402997    0.000000000000000    0.000000000000000 
-111.764020601373446    2.335096971476582    0.090262473085282    0.001163022941578 
  37.548616790921912   -0.649752289511804   -0.025115956580421   -0.000323616289364 
 -26.650683012874072    0.038846445944751    0.001501591475977    0.000019347775626 
  45.374678928484499    0.000578847564775    0.000022375504238    0.000000288310326 
  93.133825347505521   -5.823514178110968    0.005379343543470    0.003131743897346 
 -37.464796788665957    2.091242191123775    0.009959599697376   -0.000778499744601 
  41.688179048085786   -1.906614699806890   -0.043946531628433   -0.000305074833969 
 -63.905711783840424    3.312864495691679    0.080647892429275    0.000654896525644 
 -71.271158767684085    3.786125503571477   -0.064693912085594    0.000217142531202 
  41.744714441331013   -1.774412382208709    0.020856536775929    0.000513569346053 
 -45.005080217950848    2.394812608078280   -0.027155618214915   -0.002375850002606 
  -9.999641733732830   -3.280989687283780    0.081744183787722    0.004747530189080 
 -16.602991954232319    0.115653160483996    0.002286761550551   -0.000138241241969 
  -9.782364571267550    0.375444901947929   -0.003159121796957    0.000559880201136 
  -4.179135329064366    0.077046135712155    0.015278045518432   -0.002363960088485 
 106.708143492116676   -3.795972312220332   -0.039743917623826    0.005133327085395 
  18.329764324617170   -0.387049285787429   -0.000452333035025   -0.000120449885617 
 -11.531739687634207    0.079256202112925    0.001429998002732    0.000556182849931 
  -5.186705405992384   -0.049488982717778    0.015556169049033   -0.002206213115118 
 152.311856682848116   -0.565082065544328   -0.083758327999745    0.004455247098153 
 -14.513699750658050    0.354941195371660   -0.000885579148373   -0.000151992157915 
  15.521561569620673   -0.387549640444343   -0.002729917214845    0.000561577997804 
  48.013494838956817   -0.259447276325199    0.011387580018368   -0.002018061010388 
-406.302120323786710    5.600515365218125   -0.015813399545289    0.003596372457760 
  -0.839726841446932    0.060521361302722    0.001923730196116   -0.000146238600167 
   1.966832635830697   -0.072684674217428   -0.005841967964216    0.000530197522008 
 -12.593322789056160    0.714537677643176    0.014464848225747   -0.001938077721466 
  35.928833912894021   -2.641587262140082    0.004194527128511    0.003619898762127 
   1.033592585774594   -0.085603464398208    0.000468845201719    0.000005093128646 
 -40.355730279691343    0.269573143334808    0.005578528881610    0.000330632138598 
 178.273308590290668   -1.476885779031778   -0.029755080581457   -0.001152666070694 
-331.618782277589617    3.610558476244158    0.060399609853667    0.001987324570436 
   4.356105693016748   -0.064161210112106   -0.000566795687519    0.000004583568057 
  17.836587254536205   -0.567621165591095    0.003517490657379    0.000368754463284 
 -48.334944032714631    2.221458876133366   -0.024606267305519   -0.001370098858152 
  12.837889892799232   -3.268993828511194    0.062761570821213    0.002467990595184 
  -0.633381459704429    0.047433165176521   -0.000709641603569   -0.000002222616419 
   1.764951056356560   -0.110684866928290   -0.002274772990314    0.000368507155744 
 -13.556206765579033    0.983218056451588    0.002759453783924   -0.001448328479374 
  38.572219102347994   -2.940113768298754    0.009740093061337    0.002773550612278 
   1.311791851132920   -0.030356984986411   -0.000010558609771    0.000004764701042 
  -1.306016211934024    0.106081515479354   -0.002463229933061    0.000210972075692 
   9.746598159690288   -0.681717574007589    0.015102604157823   -0.000617626264864 
 -29.019631089406651    1.797218956106191   -0.037048961516918    0.000891249684060 
  -0.727933034567469    0.037217791131046    0.000107249063961    0.000002274137884 
  -0.735858910262531    0.038804261812173    0.000024620039637    0.000193341337238 
   3.293628006696434   -0.179637775311576    0.000312174604652   -0.000509954610824 
  -5.417907281688102    0.302320910974839   -0.000997526388917    0.000638060482685 
   0.756348261872705   -0.040241451097406    0.000000000000000    0.000020418332246 
   0.742381895141841   -0.039498371629732    0.000000000000000    0.000210196955480 
  -3.210918544977142    0.170836674213443   -0.000000000000000   -0.000577907861375 
   5.153616498745954   -0.274197769418518    0.000000000000000    0.000741257395067 
   0.000073169021860   -0.000004242548605    0.000000000000000    0.000000002113111 
  -0.000021762363469    0.000001261843912    0.000000000000000   -0.000000000628494 
   0.000001593622929   -0.000000092402803    0.000000000000000    0.000000000046024 
  -0.000000001546661    0.000000000089680    0.000000000000000   -0.000000000000045 
  -6.906818912396258    0.000008485097210    0.000000000000000    0.000000000000000 
   1.948089724760371   -0.000002523687824    0.000000000000000   -0.000000000000000 
  -0.121882074461517    0.000000184805607    0.000000000000000    0.000000000000000 
  -0.001353760267987   -0.000000000179360    0.000000000000000   -0.000000000000000 
  36.655150381881818   -0.800945639898986   -0.030960413958917   -0.000398923133127 
  -4.362890934593060    0.225909074791914    0.008732470826559    0.000112517313728 
 -22.502467280832970   -0.014133955895235   -0.000546344243256   -0.000007039596329 
  42.411751586496344   -0.000156989943338   -0.000006068490089   -0.000000078193060 
 -28.298946507003265    1.874827090773109   -0.004829818646597   -0.001098410916364 
  -2.539612283351715   -0.092575625667833    0.011976853526178    0.000395904216904 
  36.687627914083613   -1.656781379124897   -0.041204474975489   -0.000352899274931 
 -59.098174850020754    3.095839266323004    0.075320701251351    0.000610714800188 
   9.626615000438239   -1.045086037339275    0.023708013957356   -0.000198093274119 
  15.018029903452696   -0.354615318369433   -0.003403680256169    0.000594997795254 
 -37.909737174853234    2.128684145506014   -0.024974011149945   -0.002237279109943 
 -15.112217079799052   -3.001968528371844    0.078549259600939    0.004458997566292 
  58.075809646047759   -0.549314329293454   -0.003662582839074   -0.000050386594044 
 -16.008486554113702    0.418814837129564   -0.002301586215499    0.000508039735398 
  -7.402991719736008    0.176328603096827    0.014595457016875   -0.002230470096418 
 106.000474410897027   -3.780249333584306   -0.037879056880946    0.004846310200051 
 -72.787050367135421    1.209094736900165    0.002996321889666   -0.000083600886928 
  -4.658078065898675   -0.065887280057499    0.001260373114598    0.000511014142825 
  -7.210432625184467   -0.047817867460834    0.015892465438699   -0.002072813491023 
 151.519135395426218   -0.570785765862340   -0.081792346612783    0.004187925562110 
 103.735499980500236   -1.737331500098911   -0.004131368409573   -0.000001848967463 
  10.078924163122515   -0.254446692179943   -0.003062009395486    0.000504580938586 
  51.213555555550030   -0.339696817903238    0.010663589192077   -0.001884791143340 
-400.086256139217085    5.562722237067742   -0.014434336646249    0.003352592627994 
  -2.706245277377792    0.367010550240970   -0.013397318824458   -0.000077148598535 
   1.651935070288135   -0.049989163728909   -0.005120569140673    0.000475358046945 
 -12.140976825791313    0.699203447899884    0.013094531087636   -0.001812383275347 
  34.383760232709655   -2.553287544685538    0.005915109692828    0.003385637760959 
   9.154603435840144   -0.103915946260434    0.001863458550586   -0.000147581386095 
 -39.968133060027839    0.237471844185485    0.005754345832254    0.000332542061841 
 168.232825672826010   -1.413505155591742   -0.028338471242224   -0.001069769295639 
-309.963158253904339    3.429992639963389    0.056768305008045    0.001848417386281 
  -5.858518656415052    0.085999633109364    0.001739565072072   -0.000136637305841 
  19.470126889419326   -0.591681619383170    0.003304942274559    0.000370473301305 
 -43.671604764720414    2.076546028011585   -0.023753463189027   -0.001277695387579 
   7.083226583493634   -3.000305864570388    0.059739641176718    0.002302498978685 
   0.703151100112486   -0.064083440087751    0.001926714178889   -0.000119159559438 
   1.527433008967317   -0.092897429987083   -0.002540888591653    0.000367673674587 
 -13.144658757413540    0.957770269337165    0.002157496086178   -0.001356305875583 
  36.904033543742699   -2.818848319387325    0.010048095437597    0.002598263135617 
  -1.323427800448747    0.022275623359586    0.000215140902133   -0.000099439854576 
  -0.814094267759351    0.094697646109451   -0.002467189411725    0.000212758838583 
   9.481584349728633   -0.656620178808988    0.014486301739725   -0.000564659900580 
 -27.819150729297590    1.713602492048305   -0.035199644587178    0.000817352145691 
   0.913144951654082   -0.045898559339984   -0.000190491187728   -0.000095878063030 
  -1.008833798225218    0.052760933486307    0.000064838438622    0.000194194138945 
   3.075541418135455   -0.168192125899266    0.000323356914434   -0.000461512676301 
  -5.019123320532035    0.280545196650010   -0.000957910404388    0.000577341556402 
  -0.963614859726149    0.051269054494013    0.000000000000000   -0.000119631128078 
   1.026012493344014   -0.054588915791254   -0.000000000000000    0.000217853830073 
  -2.989869246416403    0.159075763285819   -0.000000000000000   -0.000524401513181 
   4.765328640434357   -0.253538943782727    0.000000000000000    0.000672343119380 
  -0.000019060142725    0.000001105161445    0.000000000000000   -0.000000000550454 
   0.000005676019729   -0.000000329111815    0.000000000000000    0.000000000163923 
  -0.000000417170038    0.000000024188709    0.000000000000000   -0.000000000012048 
   0.000000000527522   -0.000000000030587    0.000000000000000    0.000000000000015 
   2.254852931936409   -0.000002210322890    0.000000000000000   -0.000000000000000 
  -0.641967367388226    0.000000658223630    0.000000000000000    0.000000000000000 
   0.041383220210001   -0.000000048377418    0.000000000000000   -0.000000000000000 
   0.000360001685430    0.000000000061174    0.000000000000000   -0.000000000000000 
 -13.110290767287955    0.261483399767855    0.010107616832546    0.000130236333826 
   9.382790458612650   -0.074445540170206   -0.002877684408035   -0.000037078861195 
 -21.874979840330528    0.004798985932478    0.000185504059060    0.000002390210238 
  39.602365096128814    0.000041747910453    0.000001613777655    0.000000020793682 
  11.007734189511837   -0.695548781544132   -0.000454430608585    0.000342122235056 
 -13.151717223478116    0.610484533372085    0.010165671533704   -0.000015999876733 
  34.726211725729904   -1.592042765661866   -0.038436659343004   -0.000305411232410 
 -54.607174182584174    2.890956871442998    0.070347846976217    0.000570643060390 
   0.102658760355620    0.440240056488158   -0.009235432377539   -0.000048437995175 
  18.628010528619278   -0.746522582371677    0.005486824977839    0.000520712817459 
 -33.703982120844501    1.991041907913378   -0.024713618059736   -0.002097815283353 
 -19.597475526991445   -2.743465058199793    0.075420630417954    0.004188247617174 
 -44.029011563744412    0.445526993689351    0.005970267077469   -0.000076723728793 
   5.769942063145137    0.212821963644619   -0.003675054780151    0.000489144762632 
  -8.682809781106158    0.255283203193589    0.013848376892418   -0.002105822034165 
 104.938397159236729   -3.752737155916455   -0.036097740520561    0.004575341147548 
  42.407462571231505   -0.887575611011067    0.001508843861078   -0.000016350062846 
 -31.953221953567372    0.387523246279890    0.002383993823224    0.000479663810227 
 -11.786845127618463   -0.007613371683019    0.016348011305927   -0.001948978746892 
 150.402886639750221   -0.575430974887833   -0.079780242911839    0.003936645188732 
 -47.208976717881612    0.829082224884013    0.000719571379657   -0.000053407877566 
  48.979736655804210   -0.905946004716920   -0.004611272549076    0.000503887575788 
  58.595888157916427   -0.484745905015358    0.009704428949007   -0.001758732579043 
-393.324470106325350    5.512891179678396   -0.013157300972969    0.003124874200977 
   0.799083680849392   -0.128582556021549    0.005456268427159   -0.000025229828318 
   0.637093091271484    0.087639792611450   -0.010144563699844    0.000446427322494 
 -11.854848305596359    0.703909776510202    0.011186389482571   -0.001697160104167 
  32.886663979651601   -2.465951376900378    0.007445750547630    0.003166366640168 
   0.509463073785245    0.010469761733800   -0.001394852924243    0.000014585995848 
 -36.535156771587687    0.198503364337821    0.006453142788724    0.000277199042055 
 158.669914443874006   -1.359008254526328   -0.026812535164602   -0.000993551657652 
-289.540677039028481    3.256812032247280    0.053319547323877    0.001719603949148 
   0.819136051155001    0.021038758578234   -0.001176967684608    0.000005609537153 
  17.273182393263738   -0.559431756967158    0.003957279176586    0.000319234311614 
 -39.078691104384973    1.932656855967794   -0.022845685507634   -0.001191481935964 
   1.917054301300031   -2.749814668338384    0.056825495589161    0.002148308830832 
  -0.555174269092207    0.042023321935266   -0.000638461200817   -0.000002396746990 
   1.791114671509491   -0.116928720019988   -0.001818370774570    0.000322988839797 
 -12.729840297353942    0.931542000586281    0.001612588665400   -0.001269973061285 
  35.286190681823534   -2.700703721032649    0.010281844177755    0.002434237068820 
   1.102317929560217   -0.026161638482477    0.000010901421936    0.000003803815202 
  -1.310379692927710    0.103051004869297   -0.002386511573425    0.000175468893117 
   9.216025104642769   -0.631901597436645    0.013879589116581   -0.000516131434117 
 -26.649257728438009    1.633048127494516   -0.033426986507197    0.000749899796505 
  -0.598738790055132    0.030622436853833    0.000087498292338    0.000001858194802 
  -0.666404441354899    0.035548973733811   -0.000006595756776    0.000158239865309 
   2.866136638187934   -0.157153387496750    0.000330637249665   -0.000417458425769 
  -4.648660185128675    0.260255924874614   -0.000916849742581    0.000522499493444 
   0.621921126327300   -0.033089265690354   -0.000000000000000    0.000016769440237 
   0.664656920946683   -0.035363020355998   -0.000000000000000    0.000172992157044 
  -2.778535569630062    0.147831771267413   -0.000000000000000   -0.000475545764791 
   4.405744369567910   -0.234407290309179    0.000000000000000    0.000609963241780 
   0.000004938032330   -0.000000286321200    0.000000000000000    0.000000000142610 
  -0.000001471533793    0.000000085323727    0.000000000000000   -0.000000000042498 
   0.000000108390704   -0.000000006284802    0.000000000000000    0.000000000003130 
  -0.000000000157766    0.000000000009148    0.000000000000000   -0.000000000000005 
  -0.710138405009574    0.000000572642401    0.000000000000000    0.000000000000000 
   0.203602482087927   -0.000000170647454    0.000000000000000   -0.000000000000000 
  -0.013412390452537    0.000000012569604    0.000000000000000    0.000000000000000 
  -0.000093826271073   -0.000000000018295    0.000000000000000    0.000000000000000 
   2.728420318219775   -0.082351128194838   -0.003183280079298   -0.000041016527986 
   4.466431420879633    0.023610734742740    0.000912671904170    0.000011759763990 
 -20.143827105393996   -0.001555364745955   -0.000060122503923   -0.000000774676913 
  36.988992680348460   -0.000010880647975   -0.000000420594712   -0.000000005419405 
  -0.554403083798994    0.116819591587907   -0.002344564160303   -0.000127925045016 
  -9.023816902411188    0.349653740293034    0.009995260055484    0.000112295961414 
  31.954269959993756   -1.472025481453726   -0.035916542894355   -0.000293374221825 
 -50.450393817645889    2.700131852855250    0.065701215616273    0.000532884865755 
 -13.461705914530466    0.059615736234138    0.003723692713298   -0.000092930436792 
  18.666507563753406   -0.581432561188622    0.002023537836261    0.000502548569269 
 -29.042167359297949    1.825047514968341   -0.023774822707974   -0.001969907610012 
 -23.519210122196057   -2.505389391199849    0.072399121846903    0.003934062239069 
  29.380608516749639   -0.633663566423491   -0.006130815621494   -0.000079540549507 
 -10.740937273259419    0.379894586278161   -0.001436204626100    0.000460373364334 
  -9.304184182370562    0.329372771933934    0.013209469466637   -0.001987132268294 
 103.857207118124904   -3.716631242425759   -0.034412455462063    0.004319606429161 
  13.296166830636302    0.255917288342153   -0.009943260562841   -0.000175757446385 
 -16.050423489357506    0.054682392150763    0.002949810271129    0.000473532536659 
 -17.787300807983755    0.047662333120808    0.017014736817720   -0.001829829203531 
 148.513088981107813   -0.572061141740342   -0.077696544634444    0.003700485658689 
 -44.214454724890842    0.794147297714704    0.004225641878348   -0.000230665063062 
  31.276370386600952   -0.595040170385471   -0.004341433281704    0.000483859621700 
  68.627901538216761   -0.672369176903148    0.008585340720159   -0.001635264179357 
-385.326880733990834    5.439761836448252   -0.012014893075072    0.002912801559708 
  -0.309640972610859   -0.102771657974779    0.008900643305242   -0.000179450877614 
   0.936749471590101    0.039421334103361   -0.008098463039660    0.000436966136875 
 -11.658117985238675    0.719792417349554    0.008906011140133   -0.001586735921746 
  31.416323231317335   -2.376844420881778    0.008696197199413    0.002961147777052 
  36.493020290046282   -0.156653743099823   -0.006147302305698   -0.000069382238384 
 -36.344108118918328    0.202429524988005    0.005930072942133    0.000282668790498 
 149.560006332560789   -1.308891643360601   -0.025264633198245   -0.000923568178583 
-270.276804513034165    3.090058064252654    0.050066086462258    0.001599769715247 
 -25.268153576504879    0.600407241563341   -0.003078693040836   -0.000107315314370 
  17.580358412446202   -0.551542222500314    0.003515916294858    0.000321337888047 
 -34.721998503671173    1.793785108534360   -0.021911536073703   -0.001111410411006 
  -2.696288736753456   -2.516932591219673    0.054029318622832    0.002004372581083 
   0.495567952259297   -0.046910342485989    0.001647787063917   -0.000105557745842 
   1.582924320600055   -0.101169974294273   -0.002057793724876    0.000322090059676 
 -12.308085423340266    0.904279663796999    0.001128068102969   -0.001189338198851 
  33.721862486652306   -2.586005905409021    0.010453758723045    0.002280532455635 
  -1.040392770672304    0.013953935796134    0.000298582312207   -0.000082717966625 
  -0.897010469342798    0.093240390438375   -0.002382423540199    0.000176895323818 
   8.940101334358973   -0.607365173023187    0.013283472227378   -0.000472085907001 
 -25.515576308353484    1.555619502815857   -0.031729305819119    0.000688132498022 
   0.782796221245124   -0.039640167941958   -0.000142478868106   -0.000078744054030 
  -0.890931487625551    0.047032387553996    0.000026216102851    0.000158936688359 
   2.671469647065376   -0.146830717335774    0.000333089792924   -0.000377811356560 
  -4.301975086450682    0.241227013599091   -0.000875452249971    0.000472793317405 
  -0.820545449759542    0.043657057541113    0.000000000000000   -0.000098737192651 
   0.897877343319409   -0.047771494989880   -0.000000000000000    0.000179280697133 
  -2.583218786596803    0.137439956849178   -0.000000000000000   -0.000431511658019 
   4.070027377453814   -0.216545493565867   -0.000000000000000    0.000553255776448 
  -0.000001275853844    0.000000073977645    0.000000000000000   -0.000000000036846 
   0.000000380228330   -0.000000022046723    0.000000000000000    0.000000000010981 
  -0.000000028022479    0.000000001624823    0.000000000000000   -0.000000000000809 
   0.000000000042951   -0.000000000002490    0.000000000000000    0.000000000000001 
   0.217468979021540   -0.000000147955291    0.000000000000000   -0.000000000000000 
  -0.062699419790663    0.000000044093446    0.000000000000000    0.000000000000000 
   0.004200492334622   -0.000000003249647    0.000000000000000   -0.000000000000000 
   0.000023924632700    0.000000000004981    0.000000000000000   -0.000000000000000 
  -2.183352765712149    0.025218795528720    0.000974832748957    0.000012560722647 
   5.489589040212145   -0.007270938330324   -0.000281058125567   -0.000003621434005 
 -18.899324547757530    0.000487109805597    0.000018829218402    0.000000242614336 
  34.546131229059476    0.000002774441880    0.000000107246895    0.000000001381887 
   2.665064584235068   -0.134162784714852   -0.001676084901977    0.000019756966021 
  -9.231718058836021    0.393461087138506    0.009116048495371    0.000064324069533 
  29.672328089837869   -1.379136128024784   -0.033527629325499   -0.000271296717956 
 -46.598190030269883    2.521820170630433    0.061363244465970    0.000497717858821 
   4.787665450147815    0.140821199754308   -0.001447077631555   -0.000088165719897 
  13.618367845805363   -0.559076660100835    0.003419922603748    0.000467699655472 
 -25.006557933103196    1.682483862307160   -0.023094390152973   -0.001848626581920 
 -26.884109255788957   -2.286226898612546    0.069466159624429    0.003695494604453 
 -31.768725350098130    0.387386485440262    0.007620506570504   -0.000047287298064 
   0.276790920520220    0.142270748869383   -0.003735260484160    0.000430545658269 
 -10.612202476462784    0.394643438827376    0.012563036327855   -0.001875767390468 
 102.583740951443303   -3.670761417176593   -0.032795686725277    0.004078252876806 
  13.036322492761464   -0.574501347333658    0.005732029701057    0.000036423421895 
 -11.064360927869251    0.150651375279056   -0.000778912439936    0.000407623494265 
 -21.176648860137092    0.073329054049537    0.017286099046619   -0.001719684699665 
 146.064857588929840   -0.564749099269093   -0.075543032177529    0.003478812677870 
   2.264293741370531   -0.046789859741951   -0.002651277971168    0.000041194793335 
  14.695949864768581   -0.297234933742485   -0.002756817577324    0.000397360223052 
  74.374441569637668   -0.783903564919143    0.007698059362781   -0.001525111698763 
-376.346056111307576    5.347969255613934   -0.011001307173285    0.002715503326176 
   0.655844143408354   -0.000857189294678   -0.002973461758722    0.000021827845947 
   0.820634106860992    0.000881962362825   -0.004760721800194    0.000369672057769 
 -11.438445037932281    0.724830329407827    0.007298613035151   -0.001485906147415 
  29.973090426131474   -2.286455136262201    0.009700294175890    0.002769282892727 
 -21.564912477976662    0.113269341396408    0.003546994387163   -0.000025536064872 
 -22.659225510151046    0.143684371325571    0.003624834577496    0.000256650451104 
 142.184589628927057   -1.265627406321404   -0.024070269758291   -0.000856153273382 
-252.078404980568223    2.929303605818524    0.046988658252383    0.001488604880591 
  14.375934202351944   -0.334102614802157    0.002019905516633   -0.000002722698193 
   8.104800821257140   -0.326389506914063    0.002361406404544    0.000281094645158 
 -31.511353599458253    1.684043642357562   -0.021176870736278   -0.001036106344355 
  -6.811197311971970   -2.300154629485768    0.051339299733381    0.001870257583985 
  -0.448959231297029    0.034178944360575   -0.000541234868525   -0.000000885121040 
   1.768762302697243   -0.118761352726515   -0.001439873575907    0.000282505904986 
 -11.889124595428100    0.876788247919401    0.000690859690371   -0.001113763703268 
  32.209052907400903   -2.474643350045412    0.010565832543074    0.002136691670489 
   0.892774780543127   -0.020960980379136   -0.000000103671198    0.000003436419866 
  -1.287157758344865    0.098473116361923   -0.002270455173122    0.000145876086334 
   8.667080305898011   -0.583400984673150    0.012701862388213   -0.000431739480732 
 -24.414111447272312    1.481182991069410   -0.030105513989934    0.000631724190553 
  -0.488902041122535    0.025028828039334    0.000069745798361    0.000001774342639 
  -0.597382904658648    0.032167324575763   -0.000027213472688    0.000129407668098 
   2.485430348029855   -0.136930753319554    0.000332965121695   -0.000341768312003 
  -3.980433286192039    0.223530632784639   -0.000833684678287    0.000427896486610 
   0.507380922343620   -0.026995162947415    0.000000000000000    0.000013919996104 
   0.590172799659606   -0.031400098411964   -0.000000000000000    0.000142254249888 
  -2.397212518724435    0.127543507673948    0.000000000000000   -0.000391319789642 
   3.759551734787011   -0.200026660878426    0.000000000000000    0.000501925234009 
   0.000000329775106   -0.000000019121301    0.000000000000000    0.000000000009524 
  -0.000000098216861    0.000000005694894    0.000000000000000   -0.000000000002836 
   0.000000007228954   -0.000000000419155    0.000000000000000    0.000000000000209 
  -0.000000000010693    0.000000000000620    0.000000000000000   -0.000000000000000 
  -0.065080001452193    0.000000038242603    0.000000000000000    0.000000000000000 
   0.018851447342415   -0.000000011389788    0.000000000000000   -0.000000000000000 
  -0.001280504221410    0.000000000838311    0.000000000000000    0.000000000000000 
  -0.000005948160050   -0.000000000001240    0.000000000000000   -0.000000000000000 
  -0.251395833478233   -0.007547010012034   -0.000291729967473   -0.000003758944438 
   4.670831753070185    0.002186109992946    0.000084504155292    0.000001088836988 
 -17.629271948597246   -0.000148493736576   -0.000005740027882   -0.000000073960291 
  32.265226128472570   -0.000000689783814   -0.000000026663803   -0.000000000343566 
   0.848914388433277   -0.025898540665094   -0.001105555505692   -0.000018947960608 
  -8.232318839748080    0.343150042870444    0.008487516657130    0.000071732931791 
  27.489323477514869   -1.287059736773666   -0.031327183681436   -0.000254289592791 
 -43.028189409443378    2.355313947424978    0.057311455454699    0.000464849420487 
 -10.613869968853564    0.061693280705938    0.000125556652927   -0.000053069911677 
  15.413742389611230   -0.506268710192984    0.002877268491915    0.000434637510510 
 -21.377544153676155    1.549315691020434   -0.022307241266015   -0.001735834436172 
 -29.787791090753842   -2.084376947232457    0.066629970822491    0.003471551890158 
  66.310833975211793   -0.484922164411087   -0.007139887692750   -0.000086428844216 
 -11.636481085765702    0.287540680909489   -0.000877570520221    0.000412812921495 
 -12.032163747118460    0.448369867549733    0.011986432452307   -0.001770347567998 
 101.199492208318873   -3.618451392642712   -0.031268786827465    0.003850416870904 
 -49.958575539750413    1.522825508148609    0.003335263439215   -0.000139713240335 
  -6.175739993086028   -0.064786629971031    0.001370598697960    0.000421282277476 
 -23.331661475256354    0.084062147213039    0.017360059828872   -0.001616071478198 
 143.270357409283406   -0.554351112718178   -0.073383244933066    0.003270292347006 
 -17.169413517483129   -0.499502048620800    0.017143338158006    0.000059817173211 
  15.545060017786062   -0.314781131145777   -0.003751046816512    0.000412808270552 
  78.154567804956756   -0.860405573030170    0.006884576313551   -0.001423840637062 
-366.815204249752298    5.245245627714504   -0.010087303304870    0.002531153575896 
  10.274244351659291   -0.847794762795845    0.008033074281493    0.000147591323739 
   1.066575660639022    0.000560516377332   -0.005875769959715    0.000377857500000 
 -11.202543816994771    0.725010639250345    0.005969051565163   -0.001392464952694 
  28.557388149902234   -2.195839238622144    0.010532426984659    0.002589363382715 
-101.800401010764091    0.940074924099068    0.013385776223969   -0.000233777958280 
 -30.746067689390927    0.186160374349218    0.004954957472682    0.000247074426777 
 135.508927978984190   -1.224396813112055   -0.022997795752019   -0.000793187663647 
-234.701500645231988    2.773566477512725    0.044043440296282    0.001385546009590 
  44.166946466801782   -1.171811437067236    0.011783290129407   -0.000129923036996 
  13.495776147138201   -0.451677987464850    0.003118870973282    0.000280073633335 
 -28.811281478408755    1.586785205560195   -0.020491836064050   -0.000965960309544 
 -10.595401002583145   -2.095401554406141    0.048733032994379    0.001745131077001 
   0.424705165329724   -0.040346053371368    0.001432304835840   -0.000087248056186 
   1.600402590960837   -0.105944248591301   -0.001642836651604    0.000282173984595 
 -11.467978983720840    0.848700047754674    0.000305520911933   -0.001043178717070 
  30.749672370453414   -2.366833709441134    0.010628634880394    0.002001883633594 
  -0.880077453548973    0.011815054409383    0.000264272175823   -0.000067090314099 
  -0.952367215641102    0.090612748719744   -0.002270494049821    0.000147164743784 
   8.387139684149753   -0.559765251537941    0.012134243735345   -0.000395109376967 
 -23.349094548265953    1.409755571013618   -0.028553257255970    0.000580042781068 
   0.658759603459238   -0.033520672320610   -0.000108437429890   -0.000063524534850 
  -0.780721170079593    0.041553135090514   -0.000001058798303    0.000130073046588 
   2.313167338687571   -0.127715695861270    0.000329431087821   -0.000309333222668 
  -3.680043487372664    0.206965787495955   -0.000792353026324    0.000387200907936 
  -0.687489683750207    0.036577835744747   -0.000000000000000   -0.000080146360400 
   0.780440645538433   -0.041523284517243    0.000000000000000    0.000147474248428 
  -2.225885838074668    0.118428084807796   -0.000000000000000   -0.000355103727352 
   3.470112598305087   -0.184627073884501    0.000000000000000    0.000455260170450 
  -0.000000085556414    0.000000004960805    0.000000000000000   -0.000000000002471 
   0.000000025448804   -0.000000001475594    0.000000000000000    0.000000000000735 
  -0.000000001867053    0.000000000108257    0.000000000000000   -0.000000000000054 
   0.000000000002380   -0.000000000000138    0.000000000000000    0.000000000000000 
   0.019094099980118   -0.000000009921610    0.000000000000000   -0.000000000000000 
  -0.005553553202158    0.000000002951188    0.000000000000000    0.000000000000000 
   0.000381732546123   -0.000000000216514    0.000000000000000   -0.000000000000000 
   0.000001433299162    0.000000000000276    0.000000000000000    0.000000000000000 
  -1.028096252363521    0.002214250845343    0.000085592003308    0.000001102854726 
   4.576558315515737   -0.000644018761567   -0.000024894582510   -0.000000320767176 
 -16.473348190023994    0.000044267667347    0.000001711168716    0.000000022048435 
  30.134057873552372    0.000000166213824    0.000000006425045    0.000000000082787 
   1.970152115649923   -0.072835282110338   -0.001632818894861   -0.000010315382223 
  -7.913975944085256    0.333438090121025    0.008072933342495    0.000064627446563 
  25.471036629535661   -1.202486220149732   -0.029257127431483   -0.000237244545497 
 -39.718995920710199    2.199742616660884    0.053526015654190    0.000434147040712 
  -0.784587605992375    0.130446950514150    0.000348657304416   -0.000072476794245 
  11.433541151289774   -0.483133729928230    0.002924352236763    0.000414736293631 
 -18.021633711063359    1.425640386005279   -0.021582038674930   -0.001629662710654 
 -32.239874599908575   -1.898502439762789    0.063886768212264    0.003261260144567 
 -74.890953148623112    0.090040604408410    0.004133701569779   -0.000032018537638 
  13.230081654939781    0.105694869255288   -0.003555028405002    0.000380402104914 
 -11.832963675971854    0.497524311320336    0.011432357586654   -0.001671195689697 
  99.643165070571854   -3.558859449662149   -0.029798139903455    0.003635404820466 
 129.543915261305642   -2.177494395017678   -0.016934150335277   -0.000058118029905 
 -24.910205820491701    0.506272935584686    0.002621322487665    0.000368889812350 
 -27.217404701953747    0.139247935414748    0.017859049977076   -0.001517299966970 
 140.159828444633263   -0.541881366839240   -0.071185307663397    0.003074593070394 
-156.950735473305514    3.066454753137886   -0.004939085693027   -0.000364818155919 
   9.106529948729278   -0.502094399378558    0.002677704992740    0.000435239710507 
  81.236016550771424   -0.962515014345716    0.006750408585580   -0.001317834639430 
-356.836525722131057    5.131800885972869   -0.009251858289845    0.002359740455907 
  -0.629569355085920   -0.117392941723875    0.015002126267444   -0.000306533056051 
   4.919417292511168   -0.317362519671103   -0.002863367104155    0.000433204246402 
 -10.454294697850989    0.685410388838624    0.004876659432179   -0.001291082234394 
  27.193802300974710   -2.106859999793540    0.011202439122890    0.002421497551370 
  28.491518598031000   -0.226947272653753   -0.004971294978704    0.000045819499297 
 -68.921218068424537    0.538688470886359    0.009974623556671    0.000159407692422 
 123.050517259256878   -1.133790707457607   -0.021131598123350   -0.000742377398747 
-218.442120863729940    2.625261715559057    0.041272281131978    0.001289801491978 
 -12.687494534481097    0.364119647895367   -0.004022731366232    0.000010011412529 
  30.058381072186336   -0.891107276365011    0.007537604771810    0.000231352494462 
 -23.367011825992879    1.418937047581458   -0.019159776595913   -0.000902032043569 
 -13.899676117767221   -1.906399566478274    0.046243300083864    0.001628508432897 
  -0.503425521136661    0.039092404221498   -0.000579579750562   -0.000005688709984 
   1.759667027959587   -0.121074018605576   -0.001105722338163    0.000249455963526 
 -11.047970281355799    0.820322764355066   -0.000038048961788   -0.000976724973555 
  29.342010790248104   -2.262480383241531    0.010643953142087    0.001875724856109 
   0.850629045647889   -0.022736918827124    0.000089998666111    0.000001560862597 
  -1.282396260721959    0.095043394123263   -0.002171391983887    0.000122005875996 
   8.107794249604371   -0.536558233682565    0.011579007981131   -0.000361463049494 
 -22.317301726768090    1.341223815048265   -0.027071437101987    0.000532822522299 
  -0.412553254860085    0.021081822133203    0.000061578814682    0.000000708934779 
  -0.533686318782381    0.028982882970286   -0.000041722834512    0.000106251346019 
   2.148866402579827   -0.118898693603670    0.000324083383719   -0.000279792673592 
  -3.401809698468707    0.191585123185960   -0.000751402475925    0.000350442575099 
   0.428868325143723   -0.022817906252295   -0.000000000000000    0.000011006201161 
   0.522632014132094   -0.027806596112962    0.000000000000000    0.000117419363278 
  -2.063001755615857    0.109761849729021    0.000000000000000   -0.000321992025889 
   3.202728500343722   -0.170400923518670    0.000000000000000    0.000413019953803 
   0.000000022340622   -0.000000001295373    0.000000000000000    0.000000000000645 
  -0.000000006634851    0.000000000384708    0.000000000000000   -0.000000000000192 
   0.000000000484691   -0.000000000028104    0.000000000000000    0.000000000000014 
  -0.000000000000467    0.000000000000027    0.000000000000000   -0.000000000000000 
  -0.005503760972845    0.000000002590746    0.000000000000000    0.000000000000000 
   0.001606734290386   -0.000000000769415    0.000000000000000   -0.000000000000000 
  -0.000111619817849    0.000000000056208    0.000000000000000    0.000000000000000 
  -0.000000331237332   -0.000000000000054    0.000000000000000   -0.000000000000000 
  -0.817779226816208   -0.000638244931030   -0.000024671407666   -0.000000317891730 
   4.191022220879447    0.000186325305436    0.000007202418731    0.000000092803346 
 -15.377400622974601   -0.000012944014670   -0.000000500351756   -0.000000006447044 
  28.144390072986408   -0.000000038412225   -0.000000001484836   -0.000000000019132 
   1.387694099642526   -0.060334940539364   -0.001508322729824   -0.000013078004250 
  -7.175168900716567    0.306124859329650    0.007460626256922    0.000060759178229 
  23.584893523935445   -1.122540851468398   -0.027315432481556   -0.000221571217398 
 -36.654924262793678    2.054499552889936    0.049991825209327    0.000405481129146 
  -1.147876508850990    0.082848701238522   -0.000733992073942   -0.000079867937902 
  11.139320799042224   -0.434216123485425    0.003055098725919    0.000387557495789 
 -15.200025967271841    1.310971654328573   -0.020834607304595   -0.001529375986977 
 -34.315462130970587   -1.727591576842035    0.061235387352894    0.003063891004084 
  12.897387398538678    0.023732937557018    0.001095663213668   -0.000073860060816 
 -14.854025775791982    0.139460095908420   -0.002004890316335    0.000368395153300 
 -12.035956691078525    0.528168681965799    0.010737367746487   -0.001577596032420 
  98.224493244065513   -3.494841567859509   -0.028416568888073    0.003432386605937 
 -26.962815305239221    0.414237746185977    0.005515929446800   -0.000047125473093 
  23.668762402496352   -0.310287462546907   -0.003728983888064    0.000347095551136 
 -27.372585129202974    0.163746119544466    0.017720592302026   -0.001427801796534 
 136.621446350438703   -0.520817779034157   -0.068945042764766    0.002890580966064 
  41.990061578330739   -0.677219402276620    0.001967422546893    0.000036482738673 
 -49.749995853758641    0.647826133048122    0.000825547857854    0.000298432902037 
  76.155583312642520   -0.944298547637016    0.007188315191904   -0.001226125562862 
-346.846278528057042    5.009630453629086   -0.008375864727880    0.002201099210995 
  -2.846991669615723    0.174576292468691   -0.001431391528267    0.000031803909759 
   4.683328784353883   -0.361384872817550    0.002762430246136    0.000318254350383 
  -9.253951438242849    0.600566964777541    0.004864042324926   -0.001197149909796 
  25.962651731292169   -2.026371773647878    0.011796582468776    0.002266282391046 
  57.095892932318677   -0.320842147148841   -0.009915528458759   -0.000019473012525 
 -58.236898594161566    0.453583243641197    0.008110387939657    0.000176590004659 
 107.155752676433536   -1.009756743141662   -0.018870971686309   -0.000700377686612 
-204.082052741380153    2.491511628092553    0.038776975299127    0.001199584553538 
 -34.026927446658576    0.863632927262955   -0.006162064379023   -0.000084502314464 
  25.300570621754581   -0.754562408404226    0.006029080509473    0.000235106774160 
 -16.447142864250125    1.213228336985301   -0.017463940935753   -0.000843724634991 
 -16.375670654526111   -1.742244815536501    0.043958246186735    0.001519388863717 
   0.015483114032260   -0.008066241443758    0.001143882457453   -0.000095334196195 
   1.570882457533484   -0.106414367022526   -0.001323064744624    0.000247322697282 
 -10.631651595669178    0.791886716151554   -0.000341647347137   -0.000914627640954 
  27.987526049419529   -2.161755466885865    0.010620788118629    0.001757520873083 
  -0.475249222286453   -0.006164648419357    0.000561283013131   -0.000060961429803 
  -0.963410368604149    0.086517049563097   -0.002137642484096    0.000122591199470 
   7.827068420938622   -0.513863178221771    0.011040378672633   -0.000330888415061 
 -21.322203502286534    1.275594680826536   -0.025657813325449    0.000489549031485 
   0.594764176196469   -0.030646321916769   -0.000070802297503   -0.000055547321629 
  -0.688393789354900    0.036888566270236   -0.000018630779006    0.000106517196561 
   1.996106389062663   -0.110664762448604    0.000316539182029   -0.000253196605769 
  -3.142346014953102    0.177216819465766   -0.000711423701127    0.000317130052820 
  -0.613522972804774    0.032642442578143   -0.000000000000000   -0.000070073779747 
   0.683457636060990   -0.036363310957573    0.000000000000000    0.000121546688713 
  -1.912240549341716    0.101740611345204   -0.000000000000000   -0.000292121269390 
   2.953857039560099   -0.157159736589956    0.000000000000000    0.000374627124605 
  -0.000000005877207    0.000000000340777    0.000000000000000   -0.000000000000170 
   0.000000001742882   -0.000000000101057    0.000000000000000    0.000000000000050 
  -0.000000000126805    0.000000000007353    0.000000000000000   -0.000000000000004 
   0.000000000000084   -0.000000000000005    0.000000000000000    0.000000000000000 
   0.001560547824980   -0.000000000681554    0.000000000000000   -0.000000000000000 
  -0.000457176074431    0.000000000202115    0.000000000000000    0.000000000000000 
   0.000032074959145   -0.000000000014705    0.000000000000000   -0.000000000000000 
   0.000000071975574    0.000000000000010    0.000000000000000   -0.000000000000000 
  -0.501329944251599    0.000180969347271    0.000006995386305    0.000000090135761 
   3.884355010823402   -0.000053016543700   -0.000002049359144   -0.000000026406052 
 -14.367978469011748    0.000003719580548    0.000000143780692    0.000000001852618 
  26.286102492263449    0.000000008346708    0.000000000322644    0.000000000004157 
   0.674103148073440   -0.036415388324769   -0.000874691263471   -0.000006855246066 
  -6.654783613350652    0.283499256627391    0.006895005233238    0.000055854926635 
  21.856149459677042   -1.048837836973768   -0.025520978545286   -0.000206994454290 
 -33.816214246337083    1.918847305702672    0.046691022491565    0.000378708546154 
   3.387750247588940    0.033139237366841   -0.000987370089275   -0.000052589771438 
  10.708867108222790   -0.403147860520980    0.002779851698191    0.000357607019076 
 -12.469002478863658    1.206301156327772   -0.020105238501581   -0.001436230422619 
 -36.043655435700856   -1.570342933110817    0.058677363779143    0.002878618599517 
 -26.547281394160436    0.207608739533840    0.003145478813175   -0.000042635200833 
 -10.017505501338853    0.148359947492285   -0.001594016611210    0.000340697630494 
 -15.144898100720013    0.564146187390891    0.010287504380544   -0.001488959434446 
  96.513094714696649   -3.426595065221547   -0.027103584363740    0.003240799018224 
  33.756006939357647   -0.596185139032632   -0.000776270293449   -0.000017033616744 
  13.557706663030991   -0.154948307727149   -0.001660510345514    0.000329423498726 
 -22.719276496011958    0.105591648260208    0.017046905522829   -0.001343236915301 
 133.517035873184341   -0.504388697595374   -0.066777460800563    0.002717437067544 
 -48.692431417799725    0.770261007648343    0.001572598559507   -0.000053126043286 
 -34.003722761883800    0.393868857194380    0.001563331312939    0.000312113929039 
  65.686368485687140   -0.814086673856703    0.007486925088253   -0.001149807208978 
-338.022162460171671    4.900392724358265   -0.007460583521451    0.002052567785080 
   2.229849656971893   -0.217496616164409    0.005310326894709   -0.000022328055863 
   3.615706908247931   -0.295918763141784    0.002225658423036    0.000330180816542 
  -8.216571976667616    0.518404010282624    0.005487553408573   -0.001116095513930 
  24.873524283162624   -1.956606572367232    0.012444955045409    0.002121673493557 
 -20.372638120158022    0.170530032957403    0.002586034721686   -0.000010904607402 
 -36.825938744541759    0.333267438460378    0.004392064767622    0.000169287624962 
  95.272898009095599   -0.911400407878964   -0.017308165097899   -0.000657142982910 
-191.486019781476273    2.371752628563089    0.036525462383374    0.001114758528307 
   9.799318190823060   -0.252107757854336    0.002021914859439    0.000008396003607 
  12.540472829257428   -0.430700060680615    0.003718306367339    0.000203418406236 
 -11.717012432873586    1.065070528349694   -0.016245517576152   -0.000788908987442 
 -18.102700939261684   -1.600694527983594    0.041857422670736    0.001417431784107 
   0.001805747264138   -0.001069590090768   -0.000140044313289    0.000013379998176 
   1.576688625295606   -0.109439207563937   -0.000894108823079    0.000211572373709 
 -10.238205210315547    0.764905019328247   -0.000618794043100   -0.000857265757080 
  26.683144878816940   -2.064448106229467    0.010559643459027    0.001646870635507 
   0.315299468664039   -0.000847813231529   -0.000218541028593    0.000005977972410 
  -1.141628826961592    0.084205306405840   -0.001927161354172    0.000099730663294 
   7.563938521492910   -0.492522883725654    0.010532278192850   -0.000303098182216 
 -20.359801457815927    1.212701572119294   -0.024310070399299    0.000449984401801 
  -0.297616583998743    0.015394314653718    0.000031238582923    0.000003571719342 
  -0.465357223281239    0.025396195551448   -0.000045181640570    0.000085686950950 
   1.851887512483146   -0.102879167220894    0.000308562629582   -0.000229171087331 
  -2.902427220497308    0.163900251910169   -0.000672285695032    0.000287036317432 
   0.305893126484628   -0.016275020266438    0.000000000000000    0.000010766357634 
   0.453386521259227   -0.024122394990771    0.000000000000000    0.000095269021308 
  -1.770135029676689    0.094179898101661   -0.000000000000000   -0.000265019305638 
   2.724307709399583   -0.144946582134858    0.000000000000000    0.000339874270091 
   0.000000001556852   -0.000000000090271    0.000000000000000    0.000000000000045 
  -0.000000000461071    0.000000000026734    0.000000000000000   -0.000000000000013 
   0.000000000033421   -0.000000000001938    0.000000000000000    0.000000000000001 
  -0.000000000000013    0.000000000000001    0.000000000000000   -0.000000000000000 
  -0.000435524229824    0.000000000180541    0.000000000000000    0.000000000000000 
   0.000128029359937   -0.000000000053468    0.000000000000000   -0.000000000000000 
  -0.000009068380166    0.000000000003876    0.000000000000000    0.000000000000000 
  -0.000000014085725   -0.000000000000001    0.000000000000000    0.000000000000000 
  -0.616824647968119   -0.000050505693847   -0.000001952302487   -0.000000025155481 
   3.696356281729084    0.000014846961527    0.000000573910720    0.000000007394858 
 -13.420389557442693   -0.000001051617224   -0.000000040650361   -0.000000000523781 
  24.549819070633731   -0.000000001633463   -0.000000000063142   -0.000000000000814 
   1.601229234723457   -0.045077808963494   -0.001100052773892   -0.000008989266188 
  -6.401994932823099    0.269843486005605    0.006566996009437    0.000053284209361 
  20.224052141405323   -0.979669994144644   -0.023838228389951   -0.000193352062290 
 -31.186859950124976    1.792101128160432    0.043606926248800    0.000353693583444 
 -10.983355667212459    0.120138598029937    0.001481562568189   -0.000035001580334 
  11.979273451067961   -0.390720646508411    0.002409587914713    0.000337885854787 
  -9.632984908952224    1.107067592949097   -0.019456558549968   -0.001349293813386 
 -37.428337997290527   -1.425789748817504    0.056205715692024    0.002704574691966 
  81.923585514098789   -0.445505400297698   -0.004103912537178   -0.000029727991217 
 -19.972736024147281    0.226213224817444   -0.000414462056269    0.000324709430182 
 -18.893678291406047    0.610967833929611    0.010036444547109   -0.001405783551861 
  94.411608769675325   -3.353353181798718   -0.025836409312416    0.003059919217518 
-131.185347906835318    2.034962394831577    0.011937853139715   -0.000032305922770 
  26.216209265289411   -0.378517734864364   -0.001951611705558    0.000323035892447 
 -17.747537004971832    0.038908392936265    0.016595390266445   -0.001261679491404 
 130.954895178846130   -0.494775232970757   -0.064674059237275    0.002554646426516 
 184.535767124152301   -3.275432092002517   -0.004800254547991    0.000176993845213 
 -52.263384543558281    0.682716735062502    0.002153055772754    0.000292191662807 
  54.902980072506786   -0.679513474824591    0.007951473473965   -0.001074269009997 
-330.437776972727988    4.806290507050402   -0.006497219352093    0.001913614902296 
  -1.873989746655764    0.467995901539496   -0.023783810580233    0.000051825953706 
   4.451900529612388   -0.377479994203436    0.004217031008551    0.000321807795594 
  -7.208121046935073    0.434229165614471    0.006292889587521   -0.001034596937413 
  23.907303381631817   -1.896854599834440    0.013176046866556    0.001987277020090 
 -40.016750765389673    0.141894112744040    0.011592801446108   -0.000118877881283 
 -44.465678039601613    0.397216200819406    0.005361827788255    0.000165198397186 
  85.111445911077709   -0.820089952968991   -0.016088928528414   -0.000615332230141 
-180.192103132051216    2.263367947774781    0.034435618607197    0.001035239476522 
  23.714492396127525   -0.688267942812909    0.007814560141346   -0.000045159511905 
  16.215217150816631   -0.525240469876002    0.004476524439629    0.000206566907589 
  -8.122551185364385    0.945577962030119   -0.015221163725281   -0.000737660823214 
 -19.352243312072257   -1.474782798352576    0.039888780563167    0.001322012971718 
   0.979776976544390   -0.080751929490466    0.001247663140369   -0.000013850278466 
   1.577365780519627   -0.109840303847972   -0.000946625440562    0.000216589873025 
  -9.843948409588638    0.737495080401758   -0.000848885826055   -0.000803745476239 
  25.428008514147859   -1.970547055474768    0.010468050229230    0.001543044367020 
  -1.136289833429994    0.039581555116328   -0.000437813837082   -0.000030886346816 
  -1.023391526212573    0.083887376444016   -0.002009114239894    0.000101972402948 
   7.293310977346138   -0.471511298369422    0.010040243743592   -0.000277885298935 
 -19.431531273775857    1.152450263680961   -0.023024074359298    0.000413667096366 
   0.378364503877352   -0.018952526363337   -0.000083590464855   -0.000032486458711 
  -0.576963442280756    0.031169063546592   -0.000033467171974    0.000087026345703 
   1.721597429287899   -0.095808509833639    0.000298731528014   -0.000207581925249 
  -2.678793770441304    0.151467238583857   -0.000634360316611    0.000259735766139 
  -0.400511476276809    0.021309182289435    0.000000000000000   -0.000042411258573 
   0.568096443690951   -0.030225527590684   -0.000000000000000    0.000099306405421 
  -1.642449659057921    0.087386407778979   -0.000000000000000   -0.000240697377297 
   2.510722442597333   -0.133582794442839    0.000000000000000    0.000308256463386 
  -0.000000000414950    0.000000000024060    0.000000000000000   -0.000000000000012 
   0.000000000122749   -0.000000000007117    0.000000000000000    0.000000000000004 
  -0.000000000008869    0.000000000000514    0.000000000000000   -0.000000000000000 
   0.000000000000001   -0.000000000000000    0.000000000000000    0.000000000000000 
   0.000119636809478   -0.000000000048120    0.000000000000000   -0.000000000000000 
  -0.000035292226247    0.000000000014235    0.000000000000000    0.000000000000000 
   0.000002523761545   -0.000000000001028    0.000000000000000   -0.000000000000000 
   0.000000002192241    0.000000000000000    0.000000000000000   -0.000000000000000 
  -0.971933553825425    0.000013873718844    0.000000536290002    0.000000006910115 
   3.465047038741087   -0.000004092673666   -0.000000158202712   -0.000000002038447 
 -12.525214142383925    0.000000292668759    0.000000011313140    0.000000000145770 
  22.928821207214849    0.000000000254225    0.000000000009827    0.000000000000127 
   3.242745126001592   -0.070935863828455   -0.001725197794323   -0.000013974644632 
  -5.801533969801858    0.252939307644298    0.006154476219227    0.000049913234540 
  18.698611028577204   -0.914322144938406   -0.022248044361368   -0.000180452381803 
 -28.755757202425599    1.673770640765557    0.040727608472129    0.000330339584269 
 -33.705678244406670    0.263653766997247    0.004903076457813   -0.000025290883608 
   7.860515075862729   -0.345668672247187    0.002965173877784    0.000324760262162 
  -7.153011343085822    1.015018928104648   -0.018784713325906   -0.001266463048767 
 -38.466736829774121   -1.293276664101282    0.053814189361336    0.002541124069312 
 151.007431413941219   -1.472192288268457   -0.015843544824348   -0.000033939045590 
  10.748608543642106    0.059148699705776   -0.001953429257712    0.000313561433475 
 -20.046694226469498    0.646638074495018    0.009740458132862   -0.001325999693904 
  91.897831985829612   -3.274317748654702   -0.024596345167830    0.002889211795899 
-138.434615542898001    3.099983942751264    0.000585117531297   -0.000188558570966 
 -22.978296199774846    0.384593163197517    0.002525083221835    0.000310921171409 
 -17.342797871782352    0.039667821477904    0.016667074205979   -0.001182434858422 
 128.889859940364232   -0.491851487533574   -0.062606813267455    0.002401920828404 
 140.560940940494561   -2.503861539200603    0.008628813405884    0.000043654361386 
  16.937528127998675   -0.545570299438444    0.000352960317258    0.000358564354762 
  50.487248020561864   -0.662370170371584    0.008264725485216   -0.000992924507801 
-324.031098426993481    4.725621443377989   -0.005479019168562    0.001784242461882 
  -4.188514541337594    0.347508519381313   -0.005952194175372    0.000030974957786 
   3.749154374616530   -0.201981531126130   -0.004701897959036    0.000341242528234 
  -6.182989183906466    0.361796474948276    0.006232281218711   -0.000951715646935 
  23.072189060316191   -1.847560024546866    0.013982096419466    0.001863081872286 
  43.659804167219534   -0.381354638361926   -0.007915435074111    0.000037498093645 
 -59.471959576622950    0.450426493098426    0.009709128330545    0.000120619191705 
  72.119241209049591   -0.714134616229263   -0.014205059013564   -0.000579605031530 
-170.326106328873948    2.167340343730414    0.032530923290661    0.000960671989349 
 -15.767800718388713    0.524383885616907   -0.006926370481286   -0.000021036919502 
  25.108151799364276   -0.783340948430842    0.007406984492634    0.000189632090624 
  -2.957130066591709    0.782005284741762   -0.013735725108748   -0.000688135948437 
 -20.067882074300158   -1.366136708766430    0.038071343604652    0.001232944774576 
  -1.506936183837967    0.120445598796881   -0.001419973364843   -0.000051763735830 
   1.944782146723814   -0.140122277406901   -0.000478751762924    0.000211396018600 
  -9.403679918683215    0.706249757744899   -0.001027057976490   -0.000750247239786 
  24.224074930177217   -1.880234143784459    0.010349585320535    0.001445933347931 
   1.634170641763676   -0.064632114215771    0.000864978975835   -0.000011425600927 
  -1.449500213748831    0.098730459612639   -0.002173294428800    0.000090390022892 
   6.984199509850964   -0.448684068862340    0.009517442660005   -0.000253839995705 
 -18.538077210285579    1.094899399366558   -0.021801291406498    0.000380464427899 
  -0.391510182519388    0.019549469287382    0.000090859810718   -0.000007355975950 
  -0.435076753326743    0.024061866160340   -0.000064813596295    0.000074843923687 
   1.595092404836961   -0.088904643620273    0.000286446431980   -0.000187348141575 
  -2.471870152394318    0.139941174819514   -0.000597705062798    0.000235084362020 
   0.415583140166978   -0.022111069007455   -0.000000000000000    0.000002991060862 
   0.417904640087132   -0.022234584232145    0.000000000000000    0.000083402183456 
  -1.519199523585660    0.080828893801125    0.000000000000000   -0.000217858803687 
   2.313510493170660   -0.123090147842412    0.000000000000000    0.000279638119320 
   0.000000000111179   -0.000000000006447    0.000000000000000    0.000000000000003 
  -0.000000000032858    0.000000000001905    0.000000000000000   -0.000000000000001 
   0.000000000002368   -0.000000000000137    0.000000000000000    0.000000000000000 
   0.000000000000000   -0.000000000000000    0.000000000000000    0.000000000000000 
  -0.000032326860515    0.000000000012893    0.000000000000000    0.000000000000000 
   0.000009571577307   -0.000000000003810    0.000000000000000   -0.000000000000000 
  -0.000000691319573    0.000000000000275    0.000000000000000    0.000000000000000 
  -0.000000000112957    0.000000000000000    0.000000000000000    0.000000000000000 
  -0.548071489634123   -0.000003748794280   -0.000000144910026   -0.000000001867171 
   3.100571956056553    0.000001109970901    0.000000042906039    0.000000000552846 
 -11.704511768034219   -0.000000080169087   -0.000000003098944   -0.000000000039930 
  21.415412491674871   -0.000000000013099   -0.000000000000506   -0.000000000000007 
  -2.268815429014659   -0.040012171380010   -0.000973846257854   -0.000007903775776 
  -4.585504547551229    0.226338358708627    0.005507527046356    0.000044672742803 
  17.400231213908064   -0.854412436644291   -0.020790293953170   -0.000168629134635 
 -26.502746305557384    1.563294002721159    0.038039397090942    0.000308535636605 
  38.854669789565520   -0.274110778365410   -0.011777684539444   -0.000181036216410 
  -4.779114265790048   -0.246798509623216    0.004803827549464    0.000315276180809 
  -6.767836241826700    0.940960530370847   -0.017813588147500   -0.001186458493396 
 -39.303874102420622   -1.171285422328398    0.051522007358645    0.002387841171055 
-102.825267813060250    1.726908895346726    0.013162068560643   -0.000267435536151 
  67.376395323870611   -0.492923408394907   -0.007894758566842    0.000300834291379 
 -10.281068743030389    0.592416235908877    0.008509434654792   -0.001249200228297 
  89.854878605495571   -3.195439166472945   -0.023440254656859    0.002728294944360 
  37.904774606796103   -1.386416330048160    0.016598526398778   -0.000064400271357 
 -74.891277028361657    1.547087141729246    0.002744502296071    0.000240211707297 
 -29.576494525299459    0.281127859593751    0.017325772395718   -0.001113543248584 
 126.092594219787756   -0.474829085535690   -0.060482831758688    0.002258606335946 
  22.682936619402142    0.147972298776225   -0.000112248244006    0.000000266157181 
  69.647880980683794   -1.484518376638666    0.003588765344464    0.000374934740282 
  61.310424159147303   -0.916131254881224    0.008757441192931   -0.000901237120920 
-317.181010459648803    4.629410281584063   -0.004423560326770    0.001665814728874 
 -11.610376152588087    0.608110413137990    0.005000294856846    0.000013285870088 
   2.178461421614960   -0.071665836358141   -0.006933970774800    0.000352858137403 
  -5.442037209377533    0.327590554012742    0.004777797626981   -0.000864953063730 
  22.349715256967713   -1.804812699025261    0.014676039036946    0.001749509828887 
 220.344567627143078   -1.412265866243319   -0.041644665393558    0.000083458477930 
 -43.099533013915348    0.307418503712705    0.006740840177753    0.000134680976822 
  59.297804635232296   -0.619403991627872   -0.012148812950027   -0.000547692510464 
-162.155177491113363    2.084366597378368    0.030891536210001    0.000890179273742 
-113.013820116513713    3.158862366145923   -0.029566738751550   -0.000199190326373 
  19.195226529968210   -0.586696991324496    0.004809595562151    0.000181743245811 
   2.580792224574926    0.610750542272344   -0.012208652601900   -0.000641714031383 
 -20.076004946537136   -1.279601563216346    0.036456584031409    0.001149849694704 
  -3.499692892528379    0.263683152496145   -0.000340570857137   -0.000291698213274 
   1.379681077784578   -0.094955177858071   -0.001011241774740    0.000191984617664 
  -8.988122015619670    0.676865075836778   -0.001213307168698   -0.000699824660253 
  23.076058926650308   -1.793907089340680    0.010210949191700    0.001355354404702 
   2.408181445699688   -0.166139399873752    0.003652779988915   -0.000103834506957 
  -0.836686223087405    0.074493416781725   -0.001848927312861    0.000086105422544 
   6.698426205246430   -0.427031084313044    0.009014664942297   -0.000231778065026 
 -17.684508972859337    1.040230319592135   -0.020643879387385    0.000350124456916 
   0.770530379521297   -0.042085936740232    0.000077319321249   -0.000077905663650 
  -0.581893071771563    0.031392917143111   -0.000030741167275    0.000072085432705 
   1.467971176699678   -0.081972795707341    0.000274502086534   -0.000168981972026 
  -2.280046344385662    0.129242243582937   -0.000562734510675    0.000212820913490 
  -0.750044922518477    0.039906082411894    0.000000000000000   -0.000093727003248 
   0.573748317649808   -0.030526235109944    0.000000000000000    0.000084523831279 
  -1.395242903868551    0.074233791383365    0.000000000000000   -0.000196868051845 
   2.130951998544455   -0.113377137177554    0.000000000000000    0.000253714769891 
  -0.000000000029916    0.000000000001735    0.000000000000000   -0.000000000000001 
   0.000000000008835   -0.000000000000512    0.000000000000000    0.000000000000000 
  -0.000000000000635    0.000000000000037    0.000000000000000   -0.000000000000000 
  -0.000000000000000    0.000000000000000    0.000000000000000   -0.000000000000000 
   0.000008580593408   -0.000000000003469    0.000000000000000   -0.000000000000000 
  -0.000002550995386    0.000000000001025    0.000000000000000    0.000000000000000 
   0.000000186253167   -0.000000000000074    0.000000000000000   -0.000000000000000 
  -0.000000000110408   -0.000000000000000    0.000000000000000    0.000000000000000 
   1.908573515362857    0.000000995051095    0.000000038463800    0.000000000495607 
   2.895045147443789   -0.000000295826954   -0.000000011435221   -0.000000000147343 
 -10.955059630096679    0.000000021598906    0.000000000834908    0.000000000010758 
  19.999724505355786   -0.000000000012804   -0.000000000000495   -0.000000000000006 
  -7.749080503081727    0.139324089178004    0.003390214716385    0.000027499177004 
  -5.436310333431854    0.211333794441126    0.005142334699661    0.000041708826887 
  16.147504353785191   -0.799703417500572   -0.019459061234918   -0.000157831438423 
 -24.403797192509160    1.459950836223218    0.035524763413423    0.000288139569320 
 101.181412733899123   -0.660233657120027   -0.014525772434312   -0.000006361124334 
   9.791386905297806   -0.349590051510256    0.000387195847172    0.000247387599655 
  -6.141302161888298    0.866411960229164   -0.017164710222920   -0.001116125520838 
 -40.148639266119133   -1.058056955358900    0.049347365355552    0.002244106463346 
-439.203674219866343    4.550619982637121    0.052259332315104    0.000061583268909 
  28.816919893971864    0.154667427360145   -0.002958982856601    0.000200545965322 
   1.743095659200009    0.550134238279529    0.007152716976862   -0.001186527696210 
  89.421670588354829   -3.125716196304281   -0.022474223762460    0.002576323116594 
 353.764116969834276   -8.747510983778417    0.009901758474917    0.000601026565010 
 -60.676986550813623    1.027181017961181    0.008968949695613    0.000216061605538 
 -46.522527472696332    0.602911379555055    0.018789953894678   -0.001056509084480 
 121.299388963461055   -0.418222710891576   -0.058241808363975    0.002123040956019 
-288.501748999957385    5.572891762193604   -0.032934530488476    0.000011077163814 
  78.153982212961211   -1.429028764597608    0.003546672252962    0.000375034549225 
  79.785657058352740   -1.280324647535756    0.009649370892610   -0.000807490959732 
-308.384656688847429    4.491987283484978   -0.003273024953998    0.001559018963914 
   4.539111038261944   -0.279553756759246    0.002858403635945   -0.000046009841002 
  -2.175429635605632    0.156375568568612   -0.005058860203483    0.000357840338686 
  -5.441658236126361    0.338179270539051    0.003278693754696   -0.000776115754219 
  21.680822549585237   -1.763795942816103    0.015174686647855    0.001646930053282 
 -57.605111511158604    0.510318349937145    0.016243881822305    0.000065073420682 
  39.529679846264671   -0.222181196128543   -0.008875909344831    0.000165977906045 
  58.851572989275795   -0.608749328179851   -0.012415696595912   -0.000510110150106 
-154.986021631404981    2.008986180775389    0.029396922981928    0.000823985105036 
   7.649756686753124   -0.684720649182481    0.015037868769719    0.000182756212662 
 -23.184956013725799    0.597876395980251   -0.006277931469680    0.000107046873421 
   2.082076039105377    0.612147967854310   -0.012392194590341   -0.000605615266479 
 -19.674210621349616   -1.206255232862869    0.034947904850206    0.001072086135391 
   6.081237158758114   -0.488749780078749    0.005017244179655    0.000266002907007 
   0.067296243086543    0.003926004327973   -0.001138955846166    0.000082597787686 
  -8.807249850510789    0.665486429145517   -0.001482081871311   -0.000665501859584 
  21.967265853857516   -1.710267623357896    0.010042819965427    0.001270306358749 
  -5.283969248671487    0.258130862712645   -0.004424080600462    0.000069515069001 
   0.066381819049910    0.012191141829071   -0.000479134817019    0.000047167482435 
   6.602138154741750   -0.416195514486695    0.008723657176062   -0.000215118951904 
 -16.855575440053144    0.987690902674840   -0.019538801422946    0.000322294794244 
   0.326117509528150   -0.014064027568253   -0.000233181531544    0.000042905862252 
  -0.292944179451071    0.015610690865523   -0.000001746421807    0.000042870808837 
   1.358616520296847   -0.076097344706262    0.000270441137899   -0.000154612441833 
  -2.104137084397132    0.119403959354685   -0.000528751066298    0.000192672342373 
  -0.387898060122343    0.020638086453115    0.000000000000000    0.000031493838986 
   0.292481471705373   -0.015561454205483   -0.000000000000000    0.000049376205061 
  -1.286964180199147    0.068472830218936   -0.000000000000000   -0.000180130547303 
   1.964046521534874   -0.104496944111015   -0.000000000000000    0.000230243887721 
   0.000000000008076   -0.000000000000468    0.000000000000000    0.000000000000000 
  -0.000000000002384    0.000000000000138    0.000000000000000   -0.000000000000000 
   0.000000000000171   -0.000000000000010    0.000000000000000    0.000000000000000 
   0.000000000000000   -0.000000000000000    0.000000000000000    0.000000000000000 
  -0.000002232073077    0.000000000000936    0.000000000000000    0.000000000000000 
   0.000000666727142   -0.000000000000276    0.000000000000000   -0.000000000000000 
  -0.000000049280363    0.000000000000020    0.000000000000000    0.000000000000000 
   0.000000000070907    0.000000000000000    0.000000000000000   -0.000000000000000 
  -7.681667942966095   -0.000000258842992   -0.000000010005600   -0.000000000128922 
   3.610760215704909    0.000000077317207    0.000000002988704    0.000000000038510 
 -10.141833959703098   -0.000000005714812   -0.000000000220907   -0.000000000002846 
  18.679304814669706    0.000000000008223    0.000000000000318    0.000000000000004 
  30.500478429654429   -0.560750859883397   -0.013644682369056   -0.000110671674758 
  -8.342215522087718    0.263580327882881    0.006413665218305    0.000052021018264 
  14.425188621845267   -0.740339152210071   -0.018014561245172   -0.000146115207780 
 -22.485436420103468    1.363562116935465    0.033179351251858    0.000269116049267 
-195.203658996535466    2.586318496865159    0.056022004500235   -0.000002373319135 
  47.734416680511430   -0.597177672930285   -0.005059968815695    0.000245002178030 
   1.049423286337692    0.748065994674098   -0.017748806843986   -0.001054576798627 
 -40.565691669214033   -0.956507323746664    0.047179455863513    0.002108443780415 
 343.773387627877128   -7.466690939276290   -0.027757897419730    0.000733990507812 
-135.884457938480722    1.861149920849121    0.016638266761563    0.000223639691163 
 -11.640346596363244    0.802111406805681    0.008862627464982   -0.001133504489149 
  89.232002242887603   -3.045644808313249   -0.021524299239058    0.002431260965099 
 -15.901696378239413    2.942018731843901   -0.073423638340054    0.000046691285242 
  71.984557312874713   -2.253135600955751    0.012682109123708    0.000441446567417 
 -45.109081127438770    0.449667056680737    0.021496336247093   -0.000974320562861 
 115.226940655474209   -0.343894067431744   -0.055733584916125    0.001995527163056 
-128.654417782143582    2.298316655920890   -0.002713891668978   -0.000447451143343 
 -30.034173662022702    0.660805646224988   -0.008803776680217    0.000379188485655 
  85.800633127220067   -1.376352537332333    0.008992232839203   -0.000713213080372 
-297.753773562991341    4.320502682319205   -0.002075762093329    0.001463964143865 
   5.493785951716712   -0.311521840561519    0.010720583112699   -0.000400492683401 
  -0.473262996257357    0.051542909783891   -0.003986958840004    0.000340586648311 
  -5.772744815109240    0.364169080333114    0.002147966374260   -0.000688812380844 
  20.975489633259702   -1.719626169171008    0.015511061496114    0.001555416976326 
-127.500849831826613    0.644477747649281    0.030033658701843    0.000245392514297 
  17.927763029579452   -0.030811814902110   -0.002784453661467    0.000190380438801 
  66.033753348756363   -0.640373454558683   -0.013873241971699   -0.000465565357000 
-147.124433743567891    1.930417649090620    0.027738001155610    0.000762941837580 
  59.662967935453580   -2.000573775954015    0.020656090184846    0.000441735971961 
 -20.316297256192993    0.341106152536809   -0.000638730681035    0.000175580453169 
  -3.355580619634523    0.729520786418944   -0.013256777359180   -0.000570286850655 
 -19.761275123147058   -1.121732263211824    0.033330158684641    0.000998413780206 
   6.400372515958470   -0.472132525022987   -0.000459108754743    0.000509394490181 
   2.347760177620859   -0.179355163201559    0.000742510721205    0.000182348877814 
  -8.505367797922370    0.643557784286319   -0.001531637511931   -0.000632383526397 
  20.879288542667595   -1.627975065311298    0.009849562851455    0.001188928753661 
  -4.597104454396309    0.313943435185027   -0.006935223511020    0.000138457703772 
  -1.915106649201926    0.108990215346315   -0.002138165042192    0.000073235633310 
   6.371047550972753   -0.401047844839772    0.008396494693661   -0.000200068562435 
 -16.039591207226582    0.936361111796318   -0.018464471539877    0.000296277688788 
  -1.391403478517759    0.077131242742983   -0.000220036244237    0.000088663050337 
  -0.170650113378024    0.010336680527429   -0.000089189496136    0.000058960507181 
   1.300667233693211   -0.072853923282143    0.000259074148156   -0.000141883527331 
  -1.938250323903151    0.110108239507331   -0.000495428644580    0.000174099444044 
   1.333105721274217   -0.070927787362797    0.000000000000000    0.000115806650125 
   0.147019699159507   -0.007822171785566    0.000000000000000    0.000061186394681 
  -1.232026533841040    0.065549876970055    0.000000000000000   -0.000166310222335 
   1.806988408606699   -0.096140679293005    0.000000000000000    0.000208560583916 
  -0.000000000002185    0.000000000000127    0.000000000000000   -0.000000000000000 
   0.000000000000645   -0.000000000000037    0.000000000000000    0.000000000000000 
  -0.000000000000046    0.000000000000003    0.000000000000000   -0.000000000000000 
  -0.000000000000000    0.000000000000000    0.000000000000000   -0.000000000000000 
   0.000000566870746   -0.000000000000253    0.000000000000000   -0.000000000000000 
  -0.000000170300262    0.000000000000075    0.000000000000000    0.000000000000000 
   0.000000012772997   -0.000000000000005    0.000000000000000   -0.000000000000000 
  -0.000000000031045   -0.000000000000000    0.000000000000000    0.000000000000000 
   9.116380772815992    0.000000065737312    0.000000002541081    0.000000000032742 
   0.730134737092623   -0.000000019748915   -0.000000000763396   -0.000000000009836 
  -9.599222090603407    0.000000001481224    0.000000000057257    0.000000000000738 
  17.452990440376102   -0.000000000003600   -0.000000000000139   -0.000000000000002 
 -13.234727827076004    0.665482619217212    0.016193092303222    0.000131341444181 
   3.095463889032614    0.053298755426607    0.001296909329909    0.000010519140229 
  13.769344667713391   -0.700729266796385   -0.017050739426646   -0.000138297687968 
 -20.753063712972502    1.274042949009166    0.031001094844995    0.000251448321091 
 -38.348942102075057   -0.700089612233528    0.015002831113254    0.000937040463845 
 -25.466955443188549    0.372691763394142    0.015948282871892    0.000244112183354 
   3.832855941002961    0.720005255982081   -0.016387767586961   -0.000993437503454 
 -40.069920644266432   -0.867278572237748    0.044991210972809    0.001980445204229 
 238.450272115720963   -2.675064255639396   -0.042937431305628    0.000794270725821 
  -6.969437578028518   -0.938859181379453    0.006229055229165    0.000498886131593 
 -29.497083535926720    0.917397749239386    0.011721042713823   -0.001043188761305 
  86.325196660764050   -2.930883795690048   -0.020210712531184    0.002294500849340 
-148.806687735133494    4.544690800382515   -0.024068024308640    0.000333572591734 
  66.021421171035485   -1.149878576514306   -0.014851755253812    0.000458955799383 
 -27.858333816950058    0.024290284496982    0.021225130480830   -0.000861770267011 
 110.682006221819321   -0.317144798775952   -0.052991790473813    0.001880725889231 
  48.562044866878708   -1.479017081338333    0.017298223461667    0.000470689161328 
 -78.279580330327022    1.522674392195326   -0.009821486056083    0.000211394306902 
  72.261413878176427   -1.103417532529794    0.006664074997165   -0.000639390231302 
-287.749256545288688    4.163272603093525   -0.001094592568723    0.001379863400892 
   5.086192954533375   -0.493904433468758    0.003957558320003    0.000535046657946 
   1.586906735636459   -0.065277780426684    0.000033259827258    0.000190401892035 
  -5.633539347686858    0.362452221502766    0.001653753997667   -0.000622438813301 
  20.257231847741480   -1.673908117258842    0.015738199699913    0.001473854882828 
 -12.860757119273725    0.391167976127972   -0.002001660075424    0.000095457979537 
 -29.885055657355792    0.210867340466374    0.008478168351725    0.000282402631663 
  64.539091770284358   -0.617866513863151   -0.013161527635417   -0.000406467473192 
-138.839118374963903    1.851148278263817    0.026018998310340    0.000708200144566 
 -11.704955047921665    0.124366890034069    0.001563326053456    0.000096068768925 
   2.057315719602206   -0.409109013445949    0.007107303138282    0.000341231442655 
  -5.637953311708392    0.721020428805302   -0.012448205802024   -0.000505685363677 
 -20.381635610980510   -1.029119751932228    0.031703425273994    0.000930734134025 
   2.194221575955530   -0.175489733841758    0.001126772380692    0.000111198803465 
   4.747899871105279   -0.356404860085178    0.000570344938176    0.000373371811631 
  -7.618410291831599    0.576587781375477   -0.001367530554509   -0.000562918440216 
  19.865302048272852   -1.551254900538468    0.009668813195696    0.001113724925191 
  -1.053980313127458    0.093998460466896   -0.002209404839566    0.000013760435875 
  -3.639020819600519    0.226719003540700   -0.004738873858824    0.000125157272225 
   5.676781617372443   -0.359084192478895    0.007536864831034   -0.000175269449243 
 -15.282112524386262    0.888546274077979   -0.017461863890373    0.000272683850457 
  -0.769151828692961    0.039704417070999    0.000086422304067   -0.000001798476475 
  -0.692426417822197    0.039260896556049   -0.000171703087725    0.000092209151058 
   1.192782667293186   -0.066654226146708    0.000226462575174   -0.000122987320051 
  -1.781050912632010    0.101313656688787   -0.000464867720227    0.000157458431073 
   0.792049086008036   -0.042140910699550    0.000000000000000    0.000016896057491 
   0.646934344637351   -0.034420092046616    0.000000000000000    0.000104613888477 
  -1.132782278366435    0.060269593991032   -0.000000000000000   -0.000145585186940 
   1.657885996787797   -0.088207696940591    0.000000000000000    0.000188954028405 
   0.000000000000592   -0.000000000000034    0.000000000000000    0.000000000000000 
  -0.000000000000175    0.000000000000010    0.000000000000000   -0.000000000000000 
   0.000000000000013   -0.000000000000001    0.000000000000000    0.000000000000000 
   0.000000000000000   -0.000000000000000    0.000000000000000    0.000000000000000 
  -0.000000139671992    0.000000000000069    0.000000000000000    0.000000000000000 
   0.000000042276267   -0.000000000000020    0.000000000000000   -0.000000000000000 
  -0.000000003230003    0.000000000000001    0.000000000000000    0.000000000000000 
   0.000000000011808    0.000000000000000    0.000000000000000    0.000000000000000 
  -5.400926905747209   -0.000000016197092   -0.000000000626100   -0.000000000008067 
   4.148777526898644    0.000000004902577    0.000000000189509    0.000000000002442 
  -8.989358057604498   -0.000000000374568   -0.000000000014479   -0.000000000000187 
  16.282301465514653    0.000000000001369    0.000000000000053    0.000000000000001 
 -20.510022872128303   -0.394259834645276   -0.009593466089044   -0.000077812142368 
  -1.867559046120940    0.302854737633063    0.007369318943618    0.000059772181797 
  13.922832773077351   -0.656210080163926   -0.015967460892455   -0.000129511272715 
 -19.009378084029454    1.188584354453817    0.028921643758349    0.000234581997919 
 234.656684565734651   -2.510504162941808   -0.109498934637420   -0.001708597970492 
 -39.847808731466706    0.110158158806565    0.021574344539363    0.000595502357296 
  -4.331489580828915    0.780361496257170   -0.011697439160554   -0.000888485685873 
 -40.063635107984027   -0.772821968960848    0.043221234348831    0.001861909926318 
-355.723667367679582    9.574340333927326    0.011763839580582   -0.003141051190678 
  82.449414465367951   -1.942008277244231   -0.009872481510446    0.000796737653775 
 -20.062086425009468    0.557289316911427    0.011265614428663   -0.000881235788134 
  82.994886944342483   -2.836103486618473   -0.018732115374519    0.002173448659994 
-117.517614799051998   -1.196197788076093    0.096321144364766   -0.002412772386577 
  10.218913270358879    0.554380473629167   -0.023877264369552    0.000584045521283 
 -18.328292011775581   -0.050146978363664    0.016384003027910   -0.000731395101928 
 107.940661138515324   -0.323199016752368   -0.050617715699528    0.001780827299188 
 400.961061966261752   -5.953321229773061   -0.000149909711752   -0.001619580128771 
 -60.068813505245814    0.968042986693419   -0.003334652257958    0.000387902742400 
  54.967864648729602   -0.792077860168698    0.005019557707910   -0.000564478100140 
-279.844850509297316    4.046248493668363   -0.000381258321005    0.001304161972793 
 -26.132648384663433    2.180434556849125   -0.025661729286515   -0.001768831150796 
   3.494229093586469   -0.250491942977466    0.001517344197259    0.000391044388765 
  -4.998397369033992    0.322981006077247    0.001847579500732   -0.000549758028201 
  19.587768817639262   -1.630586211986782    0.015953168240516    0.001400070073733 
 185.162031464737652   -2.367030763817247   -0.036485224449413   -0.001021201776193 
 -34.707839577084442    0.357555331514365    0.007727545823441    0.000318199373989 
  56.464979865979430   -0.546813679865559   -0.011135813363521   -0.000331392222485 
-131.263804564573206    1.777973766179085    0.024502369244074    0.000661990692903 
  24.324776782989076    1.474222953983715   -0.042659098743323   -0.001325462162826 
  -2.332042423367367   -0.362471429683192    0.007693550408328    0.000377257231002 
  -5.672294149679136    0.624572873414161   -0.010598099108698   -0.000415874279470 
 -21.077095457153199   -0.945141622584560    0.030261504531475    0.000873042839171 
 -26.925823694158883    2.097373185045501   -0.012160141799802   -0.001567094661482 
   5.570732962088512   -0.422213510275830    0.000992884580936    0.000415071362931 
  -6.328581187682368    0.479260485080350   -0.001172126864620   -0.000464363043396 
  18.991472286295465   -1.485093007191774    0.009508984243347    0.001049411239884 
  20.271737142651045   -1.209581630788058    0.024185221783199   -0.000397199873812 
  -4.034263437023252    0.261968426215782   -0.005567400673661    0.000130317435678 
   4.717621085294466   -0.297998263759334    0.006248580514473   -0.000143335110756 
 -14.631433077820041    0.847386825191540   -0.016598115934365    0.000252757627531 
   2.954380247971021   -0.165316797351635    0.000576686281284   -0.000235921530066 
  -0.980858353582048    0.054150052957673   -0.000139294723700    0.000091534722380 
   0.983622070867654   -0.054977857457493    0.000187587848745   -0.000100019335872 
  -1.644274491664252    0.093672877618728   -0.000439073965513    0.000143522271402 
  -2.801589434127814    0.149058350354797   -0.000000000000000   -0.000291614147018 
   0.943952751890348   -0.050222933558946    0.000000000000000    0.000110949910037 
  -0.933921391300471    0.049689215790337    0.000000000000000   -0.000118639712126 
   1.527943531998066   -0.081294118096150   -0.000000000000000    0.000172423472157 
  -0.000000000000160    0.000000000000009    0.000000000000000   -0.000000000000000 
   0.000000000000047   -0.000000000000003    0.000000000000000    0.000000000000000 
  -0.000000000000003    0.000000000000000    0.000000000000000   -0.000000000000000 
  -0.000000000000000    0.000000000000000    0.000000000000000   -0.000000000000000 
   0.000000032986569   -0.000000000000019    0.000000000000000   -0.000000000000000 
  -0.000000010100730    0.000000000000005    0.000000000000000    0.000000000000000 
   0.000000000791940   -0.000000000000000    0.000000000000000   -0.000000000000000 
  -0.000000000004173   -0.000000000000000    0.000000000000000   -0.000000000000000 
  61.701255957485323    0.000000003825292    0.000000000147867    0.000000000001905 
   2.123429937243456   -0.000000001171333   -0.000000000045278   -0.000000000000583 
  -8.205332124586739    0.000000000091837    0.000000000003550    0.000000000000046 
  15.212907671809095   -0.000000000000484   -0.000000000000019   -0.000000000000000 
 -51.687417772327251    4.504102058222116    0.109597636025594    0.000888940918677 
  -9.558817623169086    0.155007299641086    0.003771769160226    0.000030592628409 
  12.494535689416102   -0.598977325504658   -0.014574824879474   -0.000118215671439 
 -17.338263235912553    1.110520160969302    0.027022119516831    0.000219175052330 
-306.544284876323104   -0.829056533893624    0.235995906366881    0.007883507990980 
  48.148447980683912   -0.831280902296615   -0.019487755949670   -0.000045221881638 
  -3.293909674676790    0.690221153320914   -0.011436615586842   -0.000819700626416 
 -40.769379479974333   -0.678458889140594    0.041882288480475    0.001756816834506 
 480.394062949173644  -16.616120179619713   -0.063480252733901    0.010139667008448 
 -50.946960797512304    1.648369347978520   -0.005461041667727   -0.000381156542729 
 -16.124279716527425    0.520584450753212    0.009348924031391   -0.000829288149253 
  81.080625454410182   -2.778086317871783   -0.017455194845356    0.002069608346711 
 580.891915400513199   -2.070833927327190   -0.252080346998425    0.008300320121962 
 -33.850192279285373    0.105806303100624    0.012243164767235   -0.000320744123683 
 -21.282201887891397    0.032376368727561    0.014929740577620   -0.000698482427228 
 105.579768565488294   -0.323141517952206   -0.048754670341726    0.001693816176649 
-1466.894805502899999   21.443722188955771    0.009325063133369    0.005948975063621 
  90.291584732102578   -1.264452474471479   -0.003390868399865   -0.000219439805890 
  58.745711052086698   -0.829129046140955    0.004178867625682   -0.000543420233076 
-273.129315565072773    3.950736852287460    0.000193789658547    0.001236499948187 
  96.411971735601512   -8.313192495266575    0.098112173244696    0.006538976991382 
  -6.305514050662368    0.567171015840961   -0.008105804285184   -0.000272267292783 
  -5.349807988668474    0.362565890185183    0.001024021989741   -0.000534910891203 
  18.966526147221003   -1.589868861592303    0.016157703616177    0.001334005640441 
-570.414660395455030    8.463909140632577    0.106854477863814    0.003075559977636 
  34.727922222192234   -0.530081204917106   -0.005954413345089   -0.000064751292083 
  56.467490196617916   -0.568379414040901   -0.010914171803727   -0.000299711212247 
-124.386347482013093    1.710585751290221    0.023159875273122    0.000623543995592 
-153.698865438317910   -3.369550546536011    0.142082585438182    0.004030585479916 
   6.789748870253658    0.190362178060700   -0.008303611620418   -0.000119791080058 
  -5.115080843818375    0.603059216961350   -0.010674356760209   -0.000383691010602 
 -21.775061059073913   -0.869854287789591    0.028973635315785    0.000824364405185 
  93.012478312235118   -7.306996072400071    0.050912273073320    0.004902459617284 
  -4.526450923221081    0.364301434116234   -0.003567168593990   -0.000172589135125 
  -6.198045932823937    0.472021475560401   -0.001493912366251   -0.000434052764920 
  18.234852840965150   -1.427686100652748    0.009354231929894    0.000994790617744 
 -72.067572817918332    4.116537951332940   -0.079702126050485    0.001122156112905 
   3.567637991470904   -0.191624685329740    0.003502057495038   -0.000018632517001 
   4.659292904600420   -0.289205296148579    0.005990412617146   -0.000129374495921 
 -14.065172571754980    0.811867834758612   -0.015856797244287    0.000236101167616 
  -7.044596095230343    0.404096763126566   -0.002077799072447    0.000602463722658 
   0.127034239407081   -0.007843746049190    0.000076962631782    0.000003064148605 
   0.876894056595784   -0.049189569093933    0.000179796337256   -0.000088194476998 
  -1.530877370658695    0.087323855644178   -0.000416675624085    0.000131989300217 
   6.494091216607686   -0.345517623677958    0.000000000000000    0.000722797809407 
  -0.106643285907579    0.005673947824103    0.000000000000000    0.000001594604905 
  -0.829257708052625    0.044120592573482   -0.000000000000000   -0.000104571647758 
   1.420480765470259   -0.075576569868680    0.000000000000000    0.000158757541605 
   0.000000000000043   -0.000000000000003    0.000000000000000    0.000000000000000 
  -0.000000000000013    0.000000000000001    0.000000000000000   -0.000000000000000 
   0.000000000000001   -0.000000000000000    0.000000000000000    0.000000000000000 
   0.000000000000000   -0.000000000000000    0.000000000000000    0.000000000000000 
  -0.000000007181989    0.000000000000005    0.000000000000000    0.000000000000000 
   0.000000002269234   -0.000000000000001    0.000000000000000   -0.000000000000000 
  -0.000000000186997    0.000000000000000    0.000000000000000    0.000000000000000 
   0.000000000001423    0.000000000000000    0.000000000000000    0.000000000000000 
-266.249382787218053   -0.000000000832859   -0.000000000032194   -0.000000000000415 
  25.261400921300460    0.000000000263152    0.000000000010172    0.000000000000131 
  -4.782228267268752   -0.000000000021685   -0.000000000000838   -0.000000000000011 
  14.340930014547144    0.000000000000165    0.000000000000006    0.000000000000000 
 283.207266729635478  -19.435818176399700   -0.472928831179897   -0.003835901964964 
 -28.941599287791853    1.844045571474380    0.044870882669824    0.000363945472913 
   7.681983575545991   -0.349095716615225   -0.008494493400718   -0.000068898408773 
 -16.026754787934127    1.046867058670577    0.025473258182888    0.000206612315950 
 881.201080439348743    9.785786094135368   -0.804828764353927   -0.031570438630246 
 -66.805658847936769   -1.142177102506729    0.069010708937911    0.002911093614979 
  -5.626061033083452    0.443538902720497   -0.005246246463312   -0.000461466659748 
 -41.027517996009806   -0.606789260116626    0.040609144850029    0.001669045140848 
-1579.916867751192513   55.167736526489094    0.310209036290562   -0.038044910920172 
 129.200812808426889   -4.582675719378855   -0.029266136442940    0.003421218585439 
  -6.342548215162992    0.153796154328168    0.005008026767558   -0.000449280393914 
  79.207313881580774   -2.719710850191288   -0.016495892986112    0.001979795794200 
-2152.980999359747329    7.331293762836879    0.940987221785558   -0.030918885372354 
 183.984275995907495   -0.670756419647090   -0.082286965357174    0.002791875922053 
  -2.515441423313723   -0.038242395840745    0.006174265503878   -0.000389590952431 
 103.525138597404720   -0.321485845889625   -0.047189497747767    0.001617705809052 
5466.429470941759064  -79.821567526048298   -0.037150342821721   -0.022176320125712 
-459.793967331484964    6.776943346386936    0.000106030275148    0.002011425842968 
  12.557913227163922   -0.140067687151524    0.003768262860093   -0.000319421978441 
-267.240324589120689    3.869220921506529    0.000681378806942    0.001176762764006 
-359.598316853995470   31.068507743095484   -0.366812846025499   -0.024387135152506 
  29.848975350188201   -2.550276169884004    0.028686260681577    0.002179849078985 
  -2.406875326227746    0.114677745929803    0.003596579039290   -0.000296463167928 
  18.387581123891945   -1.551922782288958    0.016350678511307    0.001275659042027 
2105.992293575749954  -31.506890325752117   -0.392241185861443   -0.011311689956362 
-179.177575426103488    2.643884722820110    0.034116015853841    0.001088583699530 
  38.411283546129027   -0.304153974303025   -0.007393971490133   -0.000171732161316 
-117.899378556298984    1.647786878248577    0.021911266241217    0.000591075308203 
 582.334833443865705   12.182686113673711   -0.525870401826142   -0.014834314382172 
 -50.847325669115740   -1.073219276890305    0.044977357918900    0.001391678474911 
 -10.622277943676121    0.492702079607649   -0.006090138472899   -0.000224705086245 
 -22.608549435012741   -0.798078630048427    0.027787101838874    0.000782403530500 
-344.799527592346919   27.100894377341888   -0.190415836599603   -0.018073913913942 
  30.353228443867117   -2.375822093033794    0.015524933808505    0.001665833221357 
  -2.969698742743184    0.220581393195706    0.000000808285563   -0.000247397254141 
  17.571036300390407   -1.377262683003538    0.009211193908178    0.000947412433333 
 267.148565378741296  -15.246425103770335    0.294895150833534   -0.004106198299635 
 -23.457701815248491    1.352077046420114   -0.026386239773894    0.000402176025338 
   2.173034926628225   -0.144148751012282    0.003129889832289   -0.000081431557379 
 -13.567773593223190    0.780763150217959   -0.015208944233726    0.000221829933706 
  25.891150289780050   -1.484710941590373    0.007602932564932   -0.002185350922432 
  -2.514689296304300    0.143692540123272   -0.000702212020386    0.000228988044601 
   0.578437174483631   -0.032208469834673    0.000101640163680   -0.000059187952848 
  -1.433039680341983    0.081841852465899   -0.000397056742120    0.000122189554873 
 -23.876782527114450    1.270362377840674   -0.000000000000000   -0.002628213992036 
   2.328640920320306   -0.123895161055132    0.000000000000000    0.000272643783432 
  -0.551508003751033    0.029342940919603   -0.000000000000000   -0.000070291849216 
   1.327841022528812   -0.070647679470989    0.000000000000000    0.000147122715808 
  -0.000000000000012    0.000000000000001    0.000000000000000   -0.000000000000000 
   0.000000000000003   -0.000000000000000    0.000000000000000    0.000000000000000 
  -0.000000000000000    0.000000000000000    0.000000000000000   -0.000000000000000 
  -0.000000000000000    0.000000000000000    0.000000000000000   -0.000000000000000 
   0.000000001055229   -0.000000000000001    0.000000000000000   -0.000000000000000 
  -0.000000000424012    0.000000000000000    0.000000000000000    0.000000000000000 
   0.000000000043655   -0.000000000000000    0.000000000000000   -0.000000000000000 
  -0.000000000000523   -0.000000000000000    0.000000000000000    0.000000000000000 
 996.196039960949406    0.000000000122369    0.000000000004730    0.000000000000061 
 -74.582117623906271   -0.000000000049170   -0.000000000001901   -0.000000000000024 
 -10.947317855094482    0.000000000005062    0.000000000000196    0.000000000000003 
  13.617842544777586   -0.000000000000061   -0.000000000000002   -0.000000000000000 
-1063.353980733429808   72.720863790347266    1.769505806185055    0.014352372597275 
  77.261125735821395   -5.444386244675504   -0.132477429022637   -0.001074517763948 
  13.721924381549696   -0.799138300765366   -0.019445311694820   -0.000157719945153 
 -14.965580137031314    0.994082723772180    0.024188864926116    0.000196194666843 
-3270.523527687622845  -36.997045581499066    2.998178703348709    0.117972758585597 
 263.644746316819237    2.527492682794033   -0.232800077694812   -0.008927820871363 
  18.978824900526789    0.616703350256411   -0.025719917557925   -0.001213557566796 
 -41.053518184411146   -0.550080551038123    0.039459725188891    0.001595186633164 
5884.670765456123263 -205.429359063645279   -1.163483268897285    0.141993306357205 
-463.268012598271525   16.105225478054567    0.087062252166021   -0.010845623009626 
 -48.100948188893426    1.594114874162630    0.012232541232943   -0.001377330946937 
  77.347482922490542   -2.664341153612264   -0.015721295998083    0.001902785818718 
8031.032082038535918  -27.254341124023767   -3.511868540143749    0.115375221367453 
-623.383598763996247    2.078478741416710    0.270583242812410   -0.008802706092580 
 -57.440356769325028    0.137722894380463    0.029711300185782   -0.001140944723747 
 101.880421717552053   -0.322427781296162   -0.045865582725938    0.001552241553287 
-20398.823078264089418  297.842547915236480    0.139276308153517    0.082756305439226 
1590.117084271673775  -23.156144475881153   -0.013825348282998   -0.006304694204174 
 153.848302844687652   -2.187467828338304    0.002053348109112   -0.000856080523592 
-262.178246114846502    3.801700701325571    0.001081509124179    0.001124950420252 
1341.981295680378707 -115.960838477115317    1.369139210857298    0.091009563618641 
-105.000393470060089    9.100414233776805   -0.108868556577985   -0.006965326603205 
 -11.800802591211735    0.933445003916403   -0.006426207947761   -0.000894647858455 
  17.850771485354706   -1.516755450016437    0.016532042374474    0.001225030164550 
-7853.554513907414730  117.563652162375703    1.462110265581946    0.042171199847810 
 610.569534664802632   -9.171199149336932   -0.112974428844200   -0.003153300034105 
  92.335278450966484   -1.120068277617628   -0.017251273113928   -0.000429821703138 
-111.784351530675565    1.589541435087278    0.020753986486531    0.000564524763898 
-2175.640468337267066  -45.361193908156281    1.961399021866391    0.055306672048773 
 167.528236872334134    3.495288015737327   -0.152224042765903   -0.004171189418404 
   3.962835956726163    0.795460671963528   -0.019495974078774   -0.000572143954182 
 -23.593450919982121   -0.729465612483112    0.026701515118678    0.000747087100612 
1286.185632057157136 -101.096581436968094    0.710751073325111    0.067393196038484 
 -98.946594403262921    7.787013298469412   -0.055881004916346   -0.005111884496372 
 -11.543869487667662    0.896980293875158   -0.005043700602917   -0.000678153663518 
  17.000656574654133   -1.333880794726982    0.009081966103773    0.000907215807536 
-996.526688697045302   56.869162463748424   -1.099878477283656    0.015302637085634 
  76.723010201779459   -4.365332367493760    0.084199441788682   -0.001137648337025 
   8.831198474944600   -0.520805666146488    0.010356540084137   -0.000173365596340 
 -13.140896276502566    0.754092586160937   -0.014654025909685    0.000209915070875 
 -96.520005063891261    5.534747003235020   -0.028333931187282    0.008138939967072 
   7.194492062363233   -0.413074062973118    0.002148887691464   -0.000590518551311 
   1.163412520240998   -0.065881160190903    0.000282474622565   -0.000104379266186 
  -1.349458400876558    0.077161163618198   -0.000380474306812    0.000114100735443 
  89.013038891851153   -4.735931887684793    0.000000000000000    0.009790058158739 
  -6.625152527347632    0.352490730635122   -0.000000000000000   -0.000712936463581 
  -1.088571954629450    0.057917387117102    0.000000000000000   -0.000125328434235 
   1.248653195566671   -0.066434497228305   -0.000000000000000    0.000137463063319 
   0.000000000000003   -0.000000000000000    0.000000000000000    0.000000000000000 
  -0.000000000000001    0.000000000000000    0.000000000000000   -0.000000000000000 
   0.000000000000000   -0.000000000000000    0.000000000000000    0.000000000000000 
   0.000000000000000   -0.000000000000000    0.000000000000000    0.000000000000000 
   0.000000000447140    0.000000000000000    0.000000000000000    0.000000000000000 
  -0.000000000028301   -0.000000000000000    0.000000000000000   -0.000000000000000 
  -0.000000000012884    0.000000000000000    0.000000000000000    0.000000000000000 
   0.000000000000370    0.000000000000000    0.000000000000000   -0.000000000000000 
-3718.534777042801579    0.000000000051853    0.000000000002004    0.000000000000026 
 298.991397361449799   -0.000000000003282   -0.000000000000127   -0.000000000000002 
  17.103842112098455   -0.000000000001494   -0.000000000000058   -0.000000000000001 
  13.029777615565969    0.000000000000043    0.000000000000002    0.000000000000000 
3970.208656192726266 -271.447636984275107   -6.605094393561304   -0.053573588424530 
-321.496617039214755   21.825937676704715    0.531087248296758    0.004307621960030 
 -16.807512031374472    1.248555628238286    0.030380915714445    0.000246418079357 
 -14.119997743335372    0.951154838193976    0.023144307163490    0.000187722311366 
12200.893030320028629  138.202396231403213  -11.187886049033068   -0.440320595712187 
-962.801576566039103  -11.346399410268106    0.891516936060954    0.035311963598236 
 -68.415778880625723   -0.485659990677850    0.056619689737843    0.002084460274063 
 -40.949457175659873   -0.505760413738781    0.038463052060147    0.001534410280312 
-21958.766194073308725  766.549699728092492    4.343724039298557   -0.529928314508649 
1743.483524447776290  -60.930784170812430   -0.349243973670461    0.042401866874326 
 111.925990792294670   -4.009079962432103   -0.020540173955112    0.002567199536150 
  75.589799290812380   -2.614661863168513   -0.015104308913436    0.001838487267304 
-29971.147328794406349  101.686070733258703   13.106486938789423   -0.430582000097459 
2388.253432000455177   -8.141899180092210   -1.046367459741496    0.034463001920215 
 163.168372385232260   -0.620204660453972   -0.067261726930354    0.002066592254707 
 100.645617925930424   -0.325967324171827   -0.044782925276240    0.001497423409355 
76128.862842114569503 -1111.548624134897182   -0.519954889792348   -0.308848901631192 
-6059.441570077362485   88.534810992332595    0.038403267274571    0.024728920335536 
-404.817257881023011    5.984865486218117    0.005125587983058    0.001446947742828 
-257.943080142250210    3.748176191744585    0.001394180610258    0.001081062916924 
-5008.326865867519700  432.774846165365716   -5.109743997403691   -0.339651119322058 
 398.242592410082011  -34.384900195141448    0.404558647493502    0.027163259753786 
  24.854472276291002   -2.227115741254176    0.030535053416679    0.001630093785367 
  17.356097231609290   -1.484366864774740    0.016701795205679    0.001182119008011 
29308.225762053974904 -438.747718323750746   -5.456199876466345   -0.157373109434878 
-2334.513408050480393   34.915170411553959    0.435316920749030    0.012660899908823 
-123.157705722243065    2.097928130159500    0.023041538374176    0.000758628281202 
-106.041266405142636    1.535849421806325    0.019688036009064    0.000543892362675 
8120.227039905134006  169.262089518952507   -7.319725685639417   -0.206392373812920 
-648.336938754138259  -13.515159699821325    0.583300590433993    0.016568812599886 
 -56.138251778499694   -0.457023288546965    0.034388594379737    0.000977558943503 
 -24.729765513982336   -0.664015235093645    0.025716875155196    0.000718415115522 
-4799.943000636277247  377.285431370530091   -2.652588456700834   -0.251498870239993 
 383.373017618170877  -30.124204740393601    0.210650647580570    0.020160564018060 
  24.009433414195858   -1.895168636365369    0.014302504730111    0.001202931276693 
  16.523713663756325   -1.297540435823080    0.008966548516678    0.000874200740353 
3718.958189409437637 -212.230224751223204    4.104618758301086   -0.057104350042903 
-296.974498059612415   16.960603556411893   -0.328254987192689    0.004600840570088 
 -18.700237507284537    1.053603232468279   -0.020150403091364    0.000259533432793 
 -12.784540621593102    0.731856142587544   -0.014192042272164    0.000200356579125 
 360.188869965784079  -20.654277071349672    0.105732792184199   -0.030370408945855 
 -29.000509836595981    1.662456063240014   -0.008476336503767    0.002461583936341 
  -1.562339701538097    0.090291589842459   -0.000508456478973    0.000129503906942 
  -1.280133532262419    0.073281789101073   -0.000366928318163    0.000107722841929 
-332.175373040289060   17.673365172898439   -0.000000000000000   -0.036532018642919 
  26.754737057096570   -1.423483727246676    0.000000000000000    0.002958335345946 
   1.427626111589168   -0.075956737459343    0.000000000000000    0.000155346426061 
   1.182917284583827   -0.062937023140628    0.000000000000000    0.000129778584137 
  -0.000000000000001    0.000000000000000    0.000000000000000   -0.000000000000000 
   0.000000000000000   -0.000000000000000    0.000000000000000    0.000000000000000 
  -0.000000000000000    0.000000000000000    0.000000000000000   -0.000000000000000 
  -0.000000000000000    0.000000000000000    0.000000000000000   -0.000000000000000 
  -0.000000000764685   -0.000000000000000    0.000000000000000   -0.000000000000000 
   0.000000000139376    0.000000000000000    0.000000000000000    0.000000000000000 
   0.000000000001001   -0.000000000000000    0.000000000000000   -0.000000000000000 
  -0.000000000000809   -0.000000000000000    0.000000000000000    0.000000000000000 
7601.480794214839989   -0.000000000088677   -0.000000000003428   -0.000000000000044 
-1095.459144029600793    0.000000000016163    0.000000000000625    0.000000000000008 
 -82.454626221420426    0.000000000000116    0.000000000000004    0.000000000000000 
  12.576735226939206   -0.000000000000094   -0.000000000000004   -0.000000000000000 
-8122.768463490563590  554.897055665558241   13.502226330276992    0.109515878673650 
1167.331629033057425  -79.966926192398446   -1.945823149288731   -0.015782473699169 
  88.921864467855855   -6.019067936223429   -0.146461071909551   -0.001187938388035 
 -13.490007606868495    0.918083401937361    0.022339584895008    0.000181195249519 
-24873.258991468988825 -283.218181850222209   22.846257448041722    0.899832356242032 
3612.533309803975499   40.479499176508085   -3.303940332326447   -0.129808259793834 
 262.800687774115772    3.155977480102147   -0.244933234795344   -0.009727576750387 
 -40.715334969738677   -0.473828848219492    0.037619125463812    0.001486716082292 
44891.386517874736455 -1564.193695497059252   -8.867712687701719    1.082731440095255 
-6491.053798329725396  226.525353227222240    1.279652541066501   -0.156321251066417 
-481.520293442946695   16.690241169619110    0.095760896969393   -0.011672723487861 
  73.934262986546258   -2.570672978860041   -0.014644931732171    0.001786900139959 
60957.813434159957978 -204.980254855772273  -26.723291071278108    0.880053345043007 
-8850.926816297433106   29.990377344879448    3.868565142304539   -0.127005248116332 
-644.665800651891459    2.110855110144474    0.285512983390027   -0.009501188519808 
  99.820727222540057   -0.332104474516620   -0.043941525398672    0.001453251377257 
-155116.443610723334132 2262.597424780490655    1.040883941476377    0.631903336134190 
22488.881995715597441 -328.295923058253834   -0.156579816397560   -0.091089417776161 
1648.862795323757155  -23.985273522022048   -0.009646480657315   -0.006848114437250 
-254.534826671331842    3.708647392763575    0.001619393265180    0.001045100254022 
10246.830870000811046 -884.040467267832810   10.362525279391242    0.694436586504622 
-1479.879982290238104  127.905667116870703   -1.511595351532883   -0.100205909991986 
-110.350201458728506    9.462980123961982   -0.107844534588244   -0.007500237494408 
  16.903558362655698   -1.454757026563867    0.016859937004921    0.001146925572409 
-60395.836544882273301  899.058870471273963   11.233666322760307    0.320885659278215 
8656.071252719759286 -129.615223959852585   -1.610758032925850   -0.046354016129256 
 667.037024861416512   -9.739578563377826   -0.123888600647927   -0.003453011246352 
-100.670123179700141    1.486710838405718    0.018713414808816    0.000529178104536 
-16247.471068396596820 -353.874734936428467   15.003680745521265    0.421588529578573 
2396.748201210285060   49.958123869785993   -2.161596541680788   -0.060828327579959 
 162.413156028519410    4.098347232698604   -0.162898399526112   -0.004554880429006 
 -26.017493217013502   -0.601727497880018    0.024833181948430    0.000696387575229 
9798.315567812165682 -770.101179304930497    5.405705028334049    0.513788060624556 
-1416.605607620433375  111.357832023555162   -0.784070023682241   -0.074151512321937 
-105.144640336086937    8.259034774029827   -0.057374917282598   -0.005545937261292 
  16.140207567697001   -1.268241606291835    0.008864941146895    0.000848367231784 
-7590.208188770378001  433.300700692619500   -8.382594478898818    0.116700704148182 
1097.634822968926983  -62.625730725296812    1.210977047170219   -0.016813290696001 
  81.382303106379766   -4.654537663642336    0.090189854405828   -0.001267022832946 
 -12.498706628494809    0.714053819497782   -0.013822993321164    0.000193154458454 
-737.897924674182605   42.303745956183086   -0.215937048960988    0.062091581501819 
 106.070316400573148   -6.082897838516114    0.031173460565307   -0.008927319418354 
   8.071386118959044   -0.462263632067054    0.002328684028720   -0.000678713028309 
  -1.225065074499571    0.070203728914526   -0.000356418776171    0.000103055874330 
 680.686233464602196  -36.215858695598165    0.000000000000001    0.074726421816043 
 -97.811027833012133    5.204028212590250    0.000000000000000   -0.010741171645149 
  -7.454410235400256    0.396611323208603   -0.000000000000000   -0.000817508111340 
   1.130633289580290   -0.060155257207958    0.000000000000000    0.000124069278263  # piecewise polynomial coefficient matrix (ikcoef,izcoef,icurv,idist)
# 03-Feb-2025